date;ref;#6182;#6179;#617B;pm2.5#6182;pm2.5#6179;pm2.5#617B
2017-10-27 12:00:00;10.4;;19.533333333333303;24.5;;18.466666666666697;20.7
2017-10-27 12:15:00;12.6;;17.75;22.75;;16.65;19.2
2017-10-27 12:30:00;12.6;;17.45;21.5;;16.55;18.4
2017-10-27 12:45:00;12.6;;16.75;20.7;;15.8;18.15
2017-10-27 13:00:00;12.6;;16.5;19.9;;15.6;17.15
2017-10-27 13:15:00;9.0;;14.55;16.5;;13.75;14.533333333333301
2017-10-27 13:30:00;9.0;;17.2;21.75;;16.2;18.9
2017-10-27 13:45:00;9.0;;15.533333333333301;20.7;;14.6333333333333;18.0
2017-10-27 14:00:00;9.0;;16.5;18.1;;15.45;15.65
2017-10-27 14:15:00;11.1;;15.25;13.85;;14.25;12.05
2017-10-27 14:30:00;11.1;;15.95;15.1;;14.95;13.25
2017-10-27 14:45:00;11.1;;16.2;17.95;;15.2;15.5
2017-10-27 15:00:00;11.1;;17.45;20.0666666666667;;16.3;17.1666666666667
2017-10-27 15:15:00;10.0;;16.3;23.2;;15.15;19.4
2017-10-27 15:30:00;10.0;;18.4333333333333;19.9;;17.2;17.05
2017-10-27 15:45:00;10.0;;19.95;25.75;;18.65;22.35
2017-10-27 16:00:00;10.1;;21.05;26.55;;19.6;23.0
2017-10-27 16:15:00;14.0;;25.6;29.85;;23.9;25.2
2017-10-27 16:30:00;14.0;;24.9;33.3;;23.15;27.85
2017-10-27 16:45:00;14.0;;23.05;35.133333333333304;;21.5;29.6
2017-10-27 17:00:00;14.1;;24.45;32.15;;22.85;26.9
2017-10-27 17:15:00;17.3;;27.4333333333333;37.4;;25.466666666666693;31.4
2017-10-27 17:30:00;17.3;;28.85;43.95;;26.9;37.1
2017-10-27 17:45:00;17.3;;31.9;40.55;;29.65;33.65
2017-10-27 18:00:00;17.2;;29.65;40.65;;27.7;34.15
2017-10-27 18:15:00;13.7;;29.85;35.75;;27.9;29.95
2017-10-27 18:30:00;13.7;;35.75;38.06666666666671;;32.95;32.0
2017-10-27 18:45:00;13.7;;36.3;40.45;;33.6;34.35
2017-10-27 19:00:00;13.6;;31.6;45.35;;29.233333333333306;38.15
2017-10-27 19:15:00;12.9;;28.0;37.3;;25.95;30.85
2017-10-27 19:30:00;12.9;;28.45;40.15;;26.45;33.6
2017-10-27 19:45:00;12.9;;35.9;47.0;;33.3;39.3
2017-10-27 20:00:00;12.9;;34.25;41.75;;31.85;35.2
2017-10-27 20:15:00;14.5;;37.0;42.6333333333333;;34.4;35.5
2017-10-27 20:30:00;14.5;;40.45;39.15;;37.5;33.4
2017-10-27 20:45:00;14.5;;40.3666666666667;33.9;;37.3;28.9
2017-10-27 21:00:00;14.6;;35.6;35.85;;32.8;29.95
2017-10-27 21:15:00;17.8;;36.9;41.05;;34.25;34.15
2017-10-27 21:30:00;17.8;;33.95;44.15;;31.6;37.1
2017-10-27 21:45:00;17.8;;29.95;36.45;;27.6;31.0
2017-10-27 22:00:00;17.8;;33.0;36.533333333333296;;30.4;30.966666666666693
2017-10-27 22:15:00;17.9;;32.85;41.9;;30.75;35.05
2017-10-27 22:30:00;17.9;;36.7;44.3;;33.9;37.15
2017-10-27 22:45:00;17.9;;31.5;40.95;;29.45;34.5
2017-10-27 23:00:00;17.8;;28.7;37.7;;26.85;31.75
2017-10-27 23:15:00;16.9;;31.9;37.05;;29.65;31.2
2017-10-27 23:30:00;16.9;;35.35;39.95;;32.6;33.2
2017-10-27 23:45:00;16.9;;30.8;37.3333333333333;;28.4;31.1333333333333
2017-10-28 00:00:00;16.9;;25.7;33.5;;23.6;27.95
2017-10-28 00:15:00;13.4;;25.5666666666667;33.9;;23.3666666666667;28.5
2017-10-28 00:30:00;13.4;;29.25;34.5;;27.0;28.85
2017-10-28 00:45:00;13.4;;33.15;35.25;;30.45;29.3
2017-10-28 01:00:00;13.4;;23.9;38.1;;22.1;32.05
2017-10-28 01:15:00;12.4;;31.05;35.15;;28.95;29.7
2017-10-28 01:30:00;12.4;;31.05;33.1666666666667;;29.05;27.8
2017-10-28 01:45:00;12.4;;27.35;27.25;;25.5;23.0
2017-10-28 02:00:00;12.4;;29.5;30.3;;27.266666666666694;25.3
2017-10-28 02:15:00;14.1;;24.45;31.95;;22.4;26.25
2017-10-28 02:30:00;14.1;;40.15;39.5;;35.95;31.65
2017-10-28 02:45:00;14.1;;80.9;80.45;;71.6;62.5
2017-10-28 03:00:00;14.1;;81.85;;;72.95;
2017-10-28 03:15:00;13.3;;82.3;98.7;;72.9;76.1
2017-10-28 03:30:00;13.3;;;;;;
2017-10-28 03:45:00;13.3;;44.7;49.7;;39.5;38.6
2017-10-28 04:00:00;13.3;;;70.5;;;54.0
2017-10-28 04:15:00;12.6;;;;;;
2017-10-28 04:30:00;12.6;;;;;;
2017-10-28 04:45:00;12.6;;;;;;
2017-10-28 05:00:00;12.6;;;20.2;;;16.8
2017-10-28 05:15:00;11.5;;14.25;27.5;;13.2;22.3
2017-10-28 05:30:00;11.5;;48.15;84.0;;42.75;65.0
2017-10-28 05:45:00;11.5;;;;;;
2017-10-28 06:00:00;11.6;;;;;;
2017-10-28 06:15:00;12.4;;;;;;
2017-10-28 06:30:00;12.4;;;;;;
2017-10-28 06:45:00;12.4;;22.8;11.8;;20.7;9.7
2017-10-28 07:00:00;12.4;;11.35;9.6;;10.7;8.1
2017-10-28 07:15:00;11.9;;10.1333333333333;11.1;;9.33333333333333;9.5
2017-10-28 07:30:00;11.9;;13.15;16.65;;12.1;14.1
2017-10-28 07:45:00;11.9;;15.1;19.3;;13.95;16.35
2017-10-28 08:00:00;12.0;;19.5;18.75;;17.9;15.8
2017-10-28 08:15:00;16.4;;18.55;25.35;;17.1;21.4
2017-10-28 08:30:00;16.4;;18.85;28.6;;17.5;24.033333333333307
2017-10-28 08:45:00;16.4;;23.35;24.4;;21.6;20.7
2017-10-28 09:00:00;16.4;;25.3;24.7;;23.4;20.85
2017-10-28 09:15:00;16.5;;24.6;25.7;;22.8;21.95
2017-10-28 09:30:00;16.5;;27.5;28.5;;25.35;24.45
2017-10-28 09:45:00;16.5;;25.15;32.8;;23.1;27.85
2017-10-28 10:00:00;16.5;;27.1;30.6;;25.25;26.05
2017-10-28 10:15:00;15.9;;23.8;24.5666666666667;;22.35;21.266666666666698
2017-10-28 10:30:00;15.9;;24.75;28.7;;23.1;24.9
2017-10-28 10:45:00;15.9;;28.6;33.8;;26.8;29.0
2017-10-28 11:00:00;15.7;;25.7;32.0;;24.1;27.7
2017-10-28 11:15:00;11.8;;29.55;33.0;;27.4;28.3
2017-10-28 11:30:00;11.8;;26.8;37.9;;24.95;32.5
2017-10-28 11:45:00;11.8;;29.15;36.35;;27.5;31.05
2017-10-28 12:00:00;11.9;;28.45;34.4;;27.0;29.7
2017-10-28 12:15:00;12.8;;29.0;32.05;;27.3;27.6
2017-10-28 12:30:00;12.8;;27.3;32.8;;25.7;27.9
2017-10-28 12:45:00;12.8;;29.95;32.8;;28.1;28.25
2017-10-28 13:00:00;12.8;;26.15;35.25;;24.5;30.35
2017-10-28 13:15:00;13.4;;31.75;28.95;;29.55;24.6
2017-10-28 13:30:00;13.4;;34.5;27.6;;32.0;23.5
2017-10-28 13:45:00;13.4;;22.0;31.8;;20.35;27.0
2017-10-28 14:00:00;13.4;;21.6;32.7;;20.15;28.05
2017-10-28 14:15:00;13.2;;30.4;32.3;;28.1333333333333;27.6
2017-10-28 14:30:00;13.2;;31.2;32.3;;28.9;27.8
2017-10-28 14:45:00;13.2;;31.6;39.75;;29.45;33.5
2017-10-28 15:00:00;13.2;;33.45;39.45;;31.25;33.45
2017-10-28 15:15:00;15.9;;29.0;37.4;;27.1;31.55
2017-10-28 15:30:00;15.9;;28.3;38.466666666666704;;26.45;32.6666666666667
2017-10-28 15:45:00;15.9;;28.15;33.7;;26.15;28.55
2017-10-28 16:00:00;15.8;;25.3;28.6;;23.533333333333307;24.3
2017-10-28 16:15:00;12.0;;28.2;34.1;;26.15;28.95
2017-10-28 16:30:00;12.0;;30.5;34.75;;28.25;29.55
2017-10-28 16:45:00;12.0;;30.8;36.55;;28.3;30.85
2017-10-28 17:00:00;12.0;;30.8;31.95;;28.4;27.1
2017-10-28 17:15:00;13.5;;29.0;33.5666666666667;;26.8;28.766666666666694
2017-10-28 17:30:00;13.5;;28.3;29.6;;26.2;25.35
2017-10-28 17:45:00;13.5;;31.3666666666667;33.3;;29.0;27.95
2017-10-28 18:00:00;13.5;;27.05;33.4;;25.1;28.35
2017-10-28 18:15:00;14.2;;24.5;33.1;;22.85;28.1
2017-10-28 18:30:00;14.2;;25.85;32.6;;24.15;27.45
2017-10-28 18:45:00;14.2;;22.1;30.3;;20.6;26.0
2017-10-28 19:00:00;14.2;;21.85;28.6666666666667;;20.45;24.5666666666667
2017-10-28 19:15:00;14.7;;27.2;30.1;;25.4;25.25
2017-10-28 19:30:00;14.7;;27.6;32.65;;25.6;27.45
2017-10-28 19:45:00;14.7;;22.85;25.75;;21.2;21.8
2017-10-28 20:00:00;14.6;;24.35;26.85;;22.85;23.15
2017-10-28 20:15:00;10.1;;25.0;34.4;;23.3;29.0
2017-10-28 20:30:00;10.1;;27.45;31.25;;25.6;26.05
2017-10-28 20:45:00;10.1;;27.75;38.466666666666704;;25.8;32.1666666666667
2017-10-28 21:00:00;10.0;;27.6;31.85;;25.65;26.95
2017-10-28 21:15:00;8.7;;29.3333333333333;30.85;;27.466666666666693;26.4
2017-10-28 21:30:00;8.7;;38.1;32.35;;35.2;27.7
2017-10-28 21:45:00;8.7;;40.6;42.9;;37.35;36.25
2017-10-28 22:00:00;8.7;;31.2;40.45;;28.9;34.45
2017-10-28 22:15:00;11.0;;31.75;37.4;;29.6;31.45
2017-10-28 22:30:00;11.0;;34.1;39.533333333333296;;31.5;33.133333333333304
2017-10-28 22:45:00;11.0;;29.55;37.3;;27.7;31.35
2017-10-28 23:00:00;11.0;;32.8333333333333;42.2;;30.6333333333333;35.6
2017-10-28 23:15:00;12.6;;31.1;45.8;;28.7;38.7
2017-10-28 23:30:00;12.6;;40.0;43.95;;36.95;37.75
2017-10-28 23:45:00;12.6;;34.65;38.3;;32.35;32.95
2017-10-29 00:00:00;12.6;;36.3;40.25;;33.7;34.15
2017-10-29 00:15:00;12.7;;;;;;
2017-10-29 02:15:00;10.6;;;;;;
2017-10-29 02:15:00;10.6;;;;;36.5;30.95
2017-10-29 02:15:00;10.6;;39.45;36.35;;;
2017-10-29 02:15:00;10.6;;39.45;36.35;;36.5;30.95
2017-10-29 02:30:00;10.6;;;;;;
2017-10-29 02:30:00;10.6;;;;;37.6333333333333;30.8
2017-10-29 02:30:00;10.6;;40.6333333333333;35.45;;;
2017-10-29 02:30:00;10.6;;40.6333333333333;35.45;;37.6333333333333;30.8
2017-10-29 02:45:00;10.6;;;;;;
2017-10-29 02:45:00;10.6;;;;;28.95;34.65
2017-10-29 02:45:00;10.6;;31.2;40.25;;;
2017-10-29 02:45:00;10.6;;31.2;40.25;;28.95;34.65
2017-10-29 03:00:00;10.6;;37.7;48.55;;34.8;41.55
2017-10-29 03:15:00;10.9;;37.15;49.65;;34.55;42.15
2017-10-29 03:30:00;10.9;;31.2;45.9;;29.35;38.85
2017-10-29 03:45:00;10.9;;34.2;40.6666666666667;;32.15;34.3333333333333
2017-10-29 04:00:00;10.9;;37.3;33.4;;34.75;28.35
2017-10-29 04:15:00;9.5;;31.6;28.5;;29.233333333333306;24.4
2017-10-29 04:30:00;9.5;;25.05;28.9;;23.25;24.85
2017-10-29 04:45:00;9.5;;21.7;29.2;;20.2;25.0
2017-10-29 05:00:00;9.4;;18.8;29.4;;17.6;25.5
2017-10-29 05:15:00;6.0;;20.3;26.25;;19.05;22.8
2017-10-29 05:30:00;6.0;;24.05;31.033333333333307;;22.35;26.8333333333333
2017-10-29 05:45:00;6.0;;28.3;31.0;;26.0;26.8
2017-10-29 06:00:00;6.1;;23.6;31.25;;21.9;27.05
2017-10-29 06:15:00;11.3;;23.1;31.7;;21.85;27.05
2017-10-29 06:30:00;11.3;;26.25;29.8;;24.65;25.3
2017-10-29 06:45:00;11.3;;25.15;28.9;;23.5;24.65
2017-10-29 07:00:00;11.3;;25.3;32.4;;23.65;27.5
2017-10-29 07:15:00;9.5;;22.15;28.6666666666667;;20.7;24.3666666666667
2017-10-29 07:30:00;9.5;;24.2;35.0;;22.25;29.75
2017-10-29 07:45:00;9.5;;27.0666666666667;32.35;;25.1333333333333;27.6
2017-10-29 08:00:00;9.5;;29.4;26.85;;27.5;23.15
2017-10-29 08:15:00;10.7;;30.55;30.7;;28.7;26.3
2017-10-29 08:30:00;10.7;;31.6;30.8;;29.25;26.75
2017-10-29 08:45:00;10.7;;26.95;29.95;;24.95;25.75
2017-10-29 09:00:00;10.7;;24.05;28.233333333333306;;22.6;24.1333333333333
2017-10-29 09:15:00;11.0;;24.15;27.15;;22.75;23.55
2017-10-29 09:30:00;11.0;;25.8;29.9;;24.1666666666667;25.85
2017-10-29 09:45:00;11.0;;36.05;28.0;;33.85;24.2
2017-10-29 10:00:00;11.1;;44.4;43.9;;41.3;37.1
2017-10-29 10:15:00;13.8;;43.9;46.65;;40.55;39.85
2017-10-29 10:30:00;13.8;;37.95;43.6;;35.45;37.3
2017-10-29 10:45:00;13.8;;33.0;38.0;;31.05;32.7
2017-10-29 11:00:00;13.8;;32.45;30.65;;30.45;26.8
2017-10-29 11:15:00;10.4;;31.7;31.85;;29.466666666666693;27.5
2017-10-29 11:30:00;10.4;;25.7;30.2;;23.95;26.05
2017-10-29 11:45:00;10.4;;22.1;28.7;;20.7;24.45
2017-10-29 12:00:00;10.3;;15.65;20.75;;14.55;17.7
2017-10-29 12:15:00;10.2;;9.6;16.4;;8.95;13.95
2017-10-29 12:30:00;10.2;;11.5;15.233333333333302;;10.85;12.766666666666698
2017-10-29 12:45:00;10.2;;13.7;16.8;;12.9;14.7
2017-10-29 13:00:00;10.1;;22.733333333333306;30.55;;21.3333333333333;26.8
2017-10-29 13:15:00;7.6;;37.65;55.15;;35.2;47.4
2017-10-29 13:30:00;7.6;;52.7;60.0;;49.4;51.0
2017-10-29 13:45:00;7.6;;63.3;64.5;;58.85;54.55
2017-10-29 14:00:00;7.8;;60.7;71.45;;56.15;60.6
2017-10-29 14:15:00;14.8;;62.45;82.3;;57.95;70.0333333333333
2017-10-29 14:30:00;14.8;;59.7;75.5;;55.5;64.7
2017-10-29 14:45:00;14.8;;68.5333333333333;76.75;;63.633333333333304;65.55
2017-10-29 15:00:00;14.9;;69.1;74.0;;64.15;63.0
2017-10-29 15:15:00;20.5;;66.6;74.95;;62.1;64.55
2017-10-29 15:30:00;20.5;;75.15;90.05;;69.8;77.65
2017-10-29 15:45:00;20.5;;70.85;93.65;;66.05;80.25
2017-10-29 16:00:00;20.5;;70.2;80.5;;65.3;68.9666666666667
2017-10-29 16:15:00;24.0;;71.3;74.5;;66.6;64.05
2017-10-29 16:30:00;24.0;;67.5333333333333;84.05;;62.9666666666667;71.75
2017-10-29 16:45:00;24.0;;78.45;89.85;;72.6;76.2
2017-10-29 17:00:00;23.9;;82.7;91.55;;77.2;76.85
2017-10-29 17:15:00;22.7;;75.4;91.3;;70.25;77.05
2017-10-29 17:30:00;22.7;;76.1;93.65;;70.6;78.25
2017-10-29 17:45:00;22.7;;75.85;91.8;;70.1;77.3333333333333
2017-10-29 18:00:00;22.7;;85.45;93.65;;78.95;79.3
2017-10-29 18:15:00;21.5;;82.4;90.35;;76.5;76.4
2017-10-29 18:30:00;21.5;;79.1;90.75;;73.3;76.75
2017-10-29 18:45:00;21.5;;70.9;88.65;;65.85;74.7
2017-10-29 19:00:00;21.5;;70.3;80.65;;65.2;68.0
2017-10-29 19:15:00;24.2;;69.65;83.7;;64.45;71.05
2017-10-29 19:30:00;24.2;;65.9;79.0666666666667;;61.2;66.9
2017-10-29 19:45:00;24.2;;60.25;70.2;;56.25;59.3
2017-10-29 20:00:00;24.1;;56.2333333333333;61.6;;52.3333333333333;52.1
2017-10-29 20:15:00;20.0;;63.0;58.75;;58.35;49.8
2017-10-29 20:30:00;20.0;;59.05;57.95;;55.15;48.4
2017-10-29 20:45:00;20.0;;57.9;59.5;;53.6;50.6
2017-10-29 21:00:00;20.0;;50.75;64.9;;47.2;55.15
2017-10-29 21:15:00;19.4;;50.5;63.7;;47.2;53.7
2017-10-29 21:30:00;19.4;;47.85;64.3;;44.65;54.05
2017-10-29 21:45:00;19.4;;54.45;66.45;;50.5;56.5
2017-10-29 22:00:00;19.4;;60.2333333333333;59.1;;55.9;50.25
2017-10-29 22:15:00;16.8;;54.75;61.75;;50.7;52.2
2017-10-29 22:30:00;16.8;;54.05;60.4;;49.75;51.15
2017-10-29 22:45:00;16.8;;50.75;60.1;;47.3;50.85
2017-10-29 23:00:00;16.7;;48.0;61.366666666666696;;44.8;52.0666666666667
2017-10-29 23:15:00;15.5;;45.9;57.1;;42.5;48.7
2017-10-29 23:30:00;15.5;;40.4;55.7;;37.85;46.85
2017-10-29 23:45:00;15.5;;46.7666666666667;53.15;;43.366666666666696;44.9
2017-10-30 00:00:00;15.5;;50.75;57.75;;47.1;48.55
2017-10-30 00:15:00;10.2;;45.1;58.65;;42.0;49.3
2017-10-30 00:30:00;10.2;;43.6;64.6;;40.55;53.7
2017-10-30 00:45:00;10.2;;57.65;64.2666666666667;;53.3;53.8333333333333
2017-10-30 01:00:00;10.2;;53.25;64.4;;49.7;54.4
2017-10-30 01:15:00;12.6;;52.3;61.0;;48.35;50.9
2017-10-30 01:30:00;12.6;;66.7;61.9;;61.5333333333333;52.0
2017-10-30 01:45:00;12.6;;68.15;69.4;;63.1;58.65
2017-10-30 02:00:00;12.6;;69.35;73.7;;64.0;61.75
2017-10-30 02:15:00;14.8;;66.6;73.6;;61.5;60.95
2017-10-30 02:30:00;14.8;;68.8;74.0666666666667;;63.75;62.133333333333304
2017-10-30 02:45:00;14.8;;63.15;85.35;;58.4;71.15
2017-10-30 03:00:00;14.8;;56.7;68.8;;52.7;57.4
2017-10-30 03:15:00;14.7;;54.366666666666696;62.95;;50.4333333333333;52.7
2017-10-30 03:30:00;14.7;;53.0;62.25;;49.35;52.35
2017-10-30 03:45:00;14.7;;52.95;66.15;;49.15;55.55
2017-10-30 04:00:00;14.7;;58.35;65.1;;53.9;54.9
2017-10-30 04:15:00;12.1;;62.2;71.8333333333333;;57.65;60.6666666666667
2017-10-30 04:30:00;12.1;;61.1;66.05;;56.8;54.85
2017-10-30 04:45:00;12.1;;62.35;68.6;;57.35;57.1
2017-10-30 05:00:00;12.1;;66.4333333333333;67.25;;61.133333333333304;56.15
2017-10-30 05:15:00;10.6;;61.2;63.3;;56.3;52.8
2017-10-30 05:30:00;10.6;;63.85;69.2;;58.85;57.65
2017-10-30 05:45:00;10.6;;62.2;73.1;;57.7;60.9
2017-10-30 06:00:00;10.6;;63.7;70.7333333333333;;59.05;58.8333333333333
2017-10-30 06:15:00;8.3;;56.85;72.4;;52.65;60.15
2017-10-30 06:30:00;8.3;;52.3;72.45;;48.6;60.5
2017-10-30 06:45:00;8.3;;62.3;74.6;;57.7333333333333;62.7
2017-10-30 07:00:00;8.4;;53.65;69.8;;49.75;57.9
2017-10-30 07:15:00;10.7;;61.75;64.7;;56.8;54.05
2017-10-30 07:30:00;10.7;;54.45;60.2;;50.25;50.55
2017-10-30 07:45:00;10.7;;56.0;65.2666666666667;;51.8;54.4666666666667
2017-10-30 08:00:00;10.8;;59.05;75.95;;54.75;63.3
2017-10-30 08:15:00;15.3;;60.85;86.7;;56.25;71.9
2017-10-30 08:30:00;15.3;;78.6;83.1;;72.1666666666667;69.4
2017-10-30 08:45:00;15.3;;74.7;80.25;;69.1;67.35
2017-10-30 09:00:00;15.4;;63.0;80.45;;58.8;67.35
2017-10-30 09:15:00;17.3;;59.7;75.2;;55.55;62.8
2017-10-30 09:30:00;17.3;;60.95;70.0;;56.15;58.9333333333333
2017-10-30 09:45:00;17.3;;51.05;70.1;;47.15;58.95
2017-10-30 10:00:00;17.3;;44.15;57.5;;41.05;48.55
2017-10-30 10:15:00;15.5;;39.06666666666671;44.85;;36.7;38.05
2017-10-30 10:30:00;15.5;;36.7;47.0;;34.25;39.7
2017-10-30 10:45:00;15.5;;36.75;43.55;;34.3;36.75
2017-10-30 11:00:00;15.5;;34.5;40.35;;31.75;34.65
2017-10-30 11:15:00;12.8;;26.4;32.0;;24.65;27.7
2017-10-30 11:30:00;12.8;;20.9;23.8;;19.65;20.6
2017-10-30 11:45:00;12.8;;22.7;30.15;;21.3;26.2
2017-10-30 12:00:00;12.7;;22.7;34.6;;21.533333333333307;29.85
2017-10-30 12:15:00;8.7;;20.9;35.95;;19.75;30.55
2017-10-30 12:30:00;8.7;;17.6;35.25;;16.65;29.75
2017-10-30 12:45:00;8.7;;21.45;28.65;;20.25;24.7
2017-10-30 13:00:00;8.7;;23.1;24.3666666666667;;21.8;21.4
2017-10-30 13:15:00;11.6;;23.25;30.2;;21.95;25.7
2017-10-30 13:30:00;11.6;;24.75;30.45;;23.1;26.1
2017-10-30 13:45:00;11.6;;24.8333333333333;31.55;;23.4333333333333;27.25
2017-10-30 14:00:00;11.7;;29.25;32.4;;27.5;27.55
2017-10-30 14:15:00;13.1;;26.25;31.0;;24.65;26.5
2017-10-30 14:30:00;13.1;;20.75;27.75;;19.4;23.75
2017-10-30 14:45:00;13.1;;19.8;33.5666666666667;;18.65;28.4333333333333
2017-10-30 15:00:00;13.1;;23.8;33.6;;22.2;28.6
2017-10-30 15:15:00;13.9;;31.05;32.55;;28.8;27.75
2017-10-30 15:30:00;13.9;;27.8666666666667;30.25;;26.033333333333307;25.85
2017-10-30 15:45:00;13.9;;27.1;35.35;;25.15;29.8
2017-10-30 16:00:00;13.9;;32.05;36.45;;29.55;30.55
2017-10-30 16:15:00;12.6;;29.7;36.2;;27.25;30.7
2017-10-30 16:30:00;12.6;;29.55;41.533333333333296;;27.4;35.1
2017-10-30 16:45:00;12.6;;35.6;43.2;;33.2;36.15
2017-10-30 17:00:00;12.7;;33.15;41.3;;30.9;35.35
2017-10-30 17:15:00;18.1;;33.1;43.55;;30.766666666666694;37.15
2017-10-30 17:30:00;18.1;;39.6;45.35;;36.85;38.45
2017-10-30 17:45:00;18.1;;36.6;48.7;;34.25;40.95
2017-10-30 18:00:00;18.1;;43.05;48.95;;40.05;41.35
2017-10-30 18:15:00;15.2;;47.9;49.7333333333333;;44.1;41.8
2017-10-30 18:30:00;15.2;;41.15;55.3;;37.8;46.45
2017-10-30 18:45:00;15.2;;43.6;56.5;;40.4;47.45
2017-10-30 19:00:00;15.2;;50.35;53.45;;46.65;45.3
2017-10-30 19:15:00;20.4;;43.5666666666667;50.7;;40.466666666666704;42.6
2017-10-30 19:30:00;20.4;;43.9;53.0;;40.8;44.6
2017-10-30 19:45:00;20.4;;54.9;51.7;;50.85;43.55
2017-10-30 20:00:00;20.5;;52.0;55.9666666666667;;48.2;47.0
2017-10-30 20:15:00;26.9;;44.55;58.25;;41.3;48.55
2017-10-30 20:30:00;26.9;;47.75;65.2;;44.35;54.35
2017-10-30 20:45:00;26.9;;48.55;65.1;;45.3;54.8
2017-10-30 21:00:00;27.0;;49.633333333333304;55.7;;45.9333333333333;47.0
2017-10-30 21:15:00;31.1;;53.5;65.85;;49.8;55.0
2017-10-30 21:30:00;31.1;;48.4;64.15;;44.8;53.95
2017-10-30 21:45:00;31.1;;55.15;61.866666666666696;;50.5;52.0333333333333
2017-10-30 22:00:00;31.0;;43.5;56.6;;40.25;47.8
2017-10-30 22:15:00;24.6;;43.75;52.85;;40.65;44.75
2017-10-30 22:30:00;24.6;;48.15;51.95;;44.3;44.0
2017-10-30 22:45:00;24.6;;50.366666666666696;55.8;;46.9666666666667;47.1
2017-10-30 23:00:00;24.6;;43.3;57.5;;40.55;48.75
2017-10-30 23:15:00;28.1;;41.8;57.2;;38.85;48.5
2017-10-30 23:30:00;28.1;;40.15;55.0333333333333;;37.35;46.2333333333333
2017-10-30 23:45:00;28.1;;40.2;54.85;;37.3;46.15
2017-10-31 00:00:00;28.1;;33.95;46.9;;31.55;39.7
2017-10-31 00:15:00;27.2;;36.05;43.75;;33.6;36.85
2017-10-31 00:30:00;27.2;;39.35;45.9;;36.75;38.85
2017-10-31 00:45:00;27.2;;37.966666666666704;47.2;;35.2666666666667;39.8
2017-10-31 01:00:00;27.1;;40.7;46.25;;37.95;38.95
2017-10-31 01:15:00;23.5;;40.3;44.9666666666667;;37.4;37.8
2017-10-31 01:30:00;23.5;;45.95;41.55;;42.25;35.55
2017-10-31 01:45:00;23.5;;42.25;49.05;;39.15;41.35
2017-10-31 02:00:00;23.5;;37.0;52.95;;34.75;44.6
2017-10-31 02:15:00;22.9;;43.85;40.55;;40.6;33.85
2017-10-31 02:30:00;22.9;;39.2333333333333;45.25;;36.3333333333333;37.6
2017-10-31 02:45:00;22.9;;33.8;38.2;;31.2;32.0
2017-10-31 03:00:00;22.8;;58.2;67.05;;52.65;53.25
2017-10-31 03:15:00;20.9;;;;;;
2017-10-31 03:30:00;20.9;;;;;;
2017-10-31 03:45:00;20.9;;;;;;
2017-10-31 04:00:00;20.8;;;87.5;;;66.9
2017-10-31 04:15:00;13.6;;33.366666666666696;29.5;;29.8333333333333;23.5
2017-10-31 04:30:00;13.6;;17.45;24.1;;16.0;19.8
2017-10-31 04:45:00;13.6;;10.4;15.8666666666667;;9.85;13.233333333333302
2017-10-31 05:00:00;13.6;;33.85;52.85;;30.75;41.5
2017-10-31 05:15:00;13.6;;64.8;93.7;;57.6;72.35
2017-10-31 05:30:00;13.6;;60.65;68.7;;53.95;52.9
2017-10-31 05:45:00;13.6;;95.8;;;84.6;
2017-10-31 06:00:00;13.6;;;;;;
2017-10-31 06:15:00;14.9;;;;;;
2017-10-31 06:30:00;14.9;;;;;;
2017-10-31 06:45:00;14.9;;;;;;
2017-10-31 07:00:00;14.8;;;;;;
2017-10-31 07:15:00;14.2;;;;;;
2017-10-31 07:30:00;14.2;;;;;;
2017-10-31 07:45:00;14.2;;;;;;
2017-10-31 08:00:00;14.2;;;;;;
2017-10-31 08:15:00;12.4;;;;;;
2017-10-31 08:30:00;12.4;;;;;;
2017-10-31 08:45:00;12.4;;;;;;
2017-10-31 09:00:00;12.5;;;;;;
2017-10-31 09:15:00;17.7;;96.1;;;85.2;
2017-10-31 09:30:00;17.7;;57.2333333333333;67.0;;51.0;53.3
2017-10-31 09:45:00;17.7;;57.8;80.95;;51.9;63.6
2017-10-31 10:00:00;17.7;;40.6;54.2666666666667;;37.1;43.866666666666696
2017-10-31 10:15:00;20.1;;25.7;35.45;;23.75;30.05
2017-10-31 10:30:00;20.1;;19.4;30.8;;17.95;25.9
2017-10-31 10:45:00;20.1;;21.05;28.9;;19.75;24.5
2017-10-31 11:00:00;20.2;;24.05;34.1;;22.4;28.8
2017-10-31 11:15:00;24.0;;30.0666666666667;41.25;;28.033333333333307;34.9
2017-10-31 11:30:00;24.0;;36.45;41.9;;33.75;35.55
2017-10-31 11:45:00;24.0;;42.9;45.633333333333304;;40.1;38.2666666666667
2017-10-31 12:00:00;24.0;;39.2;49.35;;36.8;41.75
2017-10-31 12:15:00;24.4;;37.4;47.45;;34.95;40.25
2017-10-31 12:30:00;24.4;;35.133333333333304;48.15;;32.7333333333333;40.3
2017-10-31 12:45:00;24.4;;33.85;41.35;;31.3;35.1
2017-10-31 13:00:00;24.1;;33.95;36.7;;31.45;31.15
2017-10-31 13:15:00;12.0;;28.55;39.0;;26.6;32.65
2017-10-31 13:30:00;12.0;;27.5;37.966666666666704;;25.6;32.6
2017-10-31 13:45:00;12.0;;29.15;30.5;;27.3;26.3
2017-10-31 14:00:00;12.0;;22.55;32.55;;21.35;27.95
2017-10-31 14:15:00;16.6;;26.033333333333307;34.6;;24.3333333333333;29.35
2017-10-31 14:30:00;16.6;;29.85;36.45;;27.9;31.25
2017-10-31 14:45:00;16.6;;29.15;33.9;;27.05;28.95
2017-10-31 15:00:00;16.6;;27.2;31.15;;25.05;26.7
2017-10-31 15:15:00;16.2;;22.15;37.3333333333333;;20.55;31.733333333333306
2017-10-31 15:30:00;16.2;;28.2;34.15;;26.3;29.05
2017-10-31 15:45:00;16.2;;36.6;43.2;;34.2;36.7
2017-10-31 16:00:00;16.1;;34.5666666666667;41.65;;32.6666666666667;36.0
2017-10-31 16:15:00;12.5;;26.8;39.25;;25.35;33.35
2017-10-31 16:30:00;12.5;;30.9;31.75;;28.7;26.95
2017-10-31 16:45:00;12.5;;32.45;39.9;;30.3;33.8
2017-10-31 17:00:00;12.8;;38.1;42.1;;35.7;35.466666666666704
2017-10-31 17:15:00;25.5;;32.45;39.4;;30.4;33.35
2017-10-31 17:30:00;25.5;;29.8;37.05;;28.0;31.0
2017-10-31 17:45:00;25.5;;30.3;35.15;;28.0;29.25
2017-10-31 18:00:00;25.4;;33.45;39.55;;31.0;33.45
2017-10-31 18:15:00;20.2;;27.35;38.8;;25.35;32.95
2017-10-31 18:30:00;20.2;;31.2;42.0;;29.05;35.1
2017-10-31 18:45:00;20.2;;33.45;38.4;;31.1;32.7
2017-10-31 19:00:00;20.3;;35.35;46.0;;32.8;38.8
2017-10-31 19:15:00;28.7;;35.75;43.7;;32.95;36.7
2017-10-31 19:30:00;28.7;;37.1666666666667;43.4;;34.3333333333333;36.45
2017-10-31 19:45:00;28.7;;37.8;42.3;;35.2;35.15
2017-10-31 20:00:00;28.8;;35.8;41.55;;33.2;34.6
2017-10-31 20:15:00;29.8;;32.85;41.6;;30.75;34.8
2017-10-31 20:30:00;29.8;;33.15;44.6666666666667;;31.0;37.0
2017-10-31 20:45:00;29.8;;31.1;43.1;;29.15;35.7
2017-10-31 21:00:00;29.8;;31.75;43.0;;29.3;36.0
2017-10-31 21:15:00;25.3;;30.3333333333333;42.4;;28.1;35.3
2017-10-31 21:30:00;25.3;;39.2;44.3;;36.4;36.8
2017-10-31 21:45:00;25.3;;39.9;46.0;;37.1;38.5
2017-10-31 22:00:00;25.3;;34.1;47.6;;31.8;40.3
2017-10-31 22:15:00;29.8;;33.95;39.7666666666667;;31.65;33.7333333333333
2017-10-31 22:30:00;29.8;;32.0;46.7;;29.65;38.55
2017-10-31 22:45:00;29.8;;35.35;48.75;;32.9;40.0
2017-10-31 23:00:00;29.7;;36.6;40.75;;33.9333333333333;33.7
2017-10-31 23:15:00;28.8;;31.2;39.5;;29.15;33.05
2017-10-31 23:30:00;28.8;;34.8;34.8;;32.3;29.25
2017-10-31 23:45:00;28.8;;30.0;39.65;;27.65;33.55
2017-11-01 00:00:00;28.8;;32.2;34.866666666666696;;29.8;29.3333333333333
2017-11-01 00:15:00;22.6;;36.05;36.8;;33.2;30.95
2017-11-01 00:30:00;22.6;;27.5;32.6;;25.7;27.65
2017-11-01 00:45:00;22.6;;29.9;35.55;;28.0;30.05
2017-11-01 01:00:00;22.7;;33.4;40.75;;31.35;34.2
2017-11-01 01:15:00;27.3;;33.15;43.5;;30.9;36.95
2017-11-01 01:30:00;27.3;;30.8;39.75;;28.55;33.5
2017-11-01 01:45:00;27.3;;27.9;37.6666666666667;;25.5;31.0
2017-11-01 02:00:00;27.3;;26.25;38.7;;24.25;32.1
2017-11-01 02:15:00;22.4;;28.15;32.65;;26.1;27.4
2017-11-01 02:30:00;22.4;;28.5;27.4;;26.4333333333333;22.95
2017-11-01 02:45:00;22.4;;29.0;26.1;;27.05;22.05
2017-11-01 03:00:00;22.4;;23.35;27.3;;21.75;23.15
2017-11-01 03:15:00;21.5;;24.3;29.7;;22.45;24.8
2017-11-01 03:30:00;21.5;;26.8;31.6333333333333;;24.8;26.1666666666667
2017-11-01 03:45:00;21.5;;23.35;30.5;;21.7;25.7
2017-11-01 04:00:00;21.5;;19.5;32.9;;18.0;27.7
2017-11-01 04:15:00;24.5;;22.8;31.75;;21.1666666666667;26.85
2017-11-01 04:30:00;24.5;;26.1;24.7;;24.05;21.05
2017-11-01 04:45:00;24.5;;26.0;27.65;;24.05;23.7
2017-11-01 05:00:00;24.4;;27.5;31.0;;25.5;26.55
2017-11-01 05:15:00;21.4;;26.25;30.9333333333333;;24.5;26.233333333333306
2017-11-01 05:30:00;21.4;;24.7;29.9;;23.0;25.4
2017-11-01 05:45:00;21.4;;26.35;31.15;;24.35;26.5
2017-11-01 06:00:00;21.4;;27.3;31.7;;25.3666666666667;27.2
2017-11-01 06:15:00;19.2;;28.45;35.75;;26.5;30.35
2017-11-01 06:30:00;19.2;;25.3;40.85;;23.35;34.2
2017-11-01 06:45:00;19.2;;26.55;35.0;;24.35;29.5
2017-11-01 07:00:00;19.2;;21.6;34.0666666666667;;20.1;28.5
2017-11-01 07:15:00;26.1;;31.05;31.95;;28.7;26.85
2017-11-01 07:30:00;26.1;;30.65;29.1;;28.25;24.6
2017-11-01 07:45:00;26.1;;29.5;32.8;;27.3;27.8
2017-11-01 08:00:00;26.0;;30.1;34.4;;27.5;28.9
2017-11-01 08:15:00;21.8;;27.05;35.3;;24.9;29.6
2017-11-01 08:30:00;21.8;;26.55;37.7;;24.8;31.95
2017-11-01 08:45:00;21.8;;27.9;33.9;;25.9;28.733333333333306
2017-11-01 09:00:00;21.8;;30.25;33.6;;28.1;27.9
2017-11-01 09:15:00;21.3;;35.5;47.1;;32.65;39.15
2017-11-01 09:30:00;21.3;;44.633333333333304;54.05;;41.5;44.75
2017-11-01 09:45:00;21.3;;40.55;52.7;;37.75;43.75
2017-11-01 10:00:00;21.3;;34.8;43.5;;32.65;36.75
2017-11-01 10:15:00;21.9;;28.55;36.45;;26.6;31.2
2017-11-01 10:30:00;21.9;;26.1;37.966666666666704;;24.55;32.0333333333333
2017-11-01 10:45:00;21.9;;33.4;32.6;;31.0;27.4
2017-11-01 11:00:00;21.9;;28.45;34.1;;26.15;29.0
2017-11-01 11:15:00;19.5;;29.9;31.95;;27.6;27.8
2017-11-01 11:30:00;19.5;;31.6;34.4;;29.5;29.4
2017-11-01 11:45:00;19.5;;28.2;35.25;;26.25;29.65
2017-11-01 12:00:00;19.5;;27.5;29.7;;25.55;25.65
2017-11-01 12:15:00;20.8;;25.15;31.1;;23.4;26.733333333333306
2017-11-01 12:30:00;20.8;;22.55;26.05;;21.3;22.65
2017-11-01 12:45:00;20.8;;24.75;26.05;;23.25;22.6
2017-11-01 13:00:00;20.7;;18.1666666666667;27.8;;17.233333333333302;23.75
2017-11-01 13:15:00;14.7;;16.05;21.7;;15.1;19.0
2017-11-01 13:30:00;14.7;;13.55;21.6;;12.95;18.75
2017-11-01 13:45:00;14.7;;12.45;25.0;;11.9;21.35
2017-11-01 14:00:00;14.7;;13.85;25.9333333333333;;13.05;22.5
2017-11-01 14:15:00;14.1;;13.55;16.4;;12.6;14.55
2017-11-01 14:30:00;14.1;;13.55;17.45;;12.65;15.45
2017-11-01 14:45:00;14.1;;12.6;19.2;;11.9;16.8
2017-11-01 15:00:00;14.1;;9.9;17.25;;9.4;15.05
2017-11-01 15:15:00;15.8;;11.35;18.3;;10.85;16.1
2017-11-01 15:30:00;15.8;;12.05;16.8;;11.55;14.4
2017-11-01 15:45:00;15.8;;13.4;19.1;;12.8;16.3
2017-11-01 16:00:00;15.7;;14.7;16.7;;14.0;14.45
2017-11-01 16:15:00;12.5;;17.3;20.0;;16.0;17.25
2017-11-01 16:30:00;12.5;;17.8666666666667;24.4;;16.6666666666667;20.9
2017-11-01 16:45:00;12.5;;16.5;22.25;;15.65;19.1
2017-11-01 17:00:00;12.6;;16.05;20.9;;15.25;17.7
2017-11-01 17:15:00;18.0;;14.7;26.1;;13.8;22.0
2017-11-01 17:30:00;18.0;;16.2;19.6666666666667;;15.15;16.6666666666667
2017-11-01 17:45:00;18.0;;15.65;21.05;;14.7;18.0
2017-11-01 18:00:00;18.0;;17.7;19.3;;16.35;16.4
2017-11-01 18:15:00;15.9;;20.5;19.4;;19.1333333333333;16.25
2017-11-01 18:30:00;15.9;;16.75;21.95;;15.85;18.7
2017-11-01 18:45:00;15.9;;17.45;25.2;;16.3;21.6
2017-11-01 19:00:00;15.9;;18.55;27.15;;17.05;22.95
2017-11-01 19:15:00;20.2;;21.3;20.7;;19.55;17.6333333333333
2017-11-01 19:30:00;20.2;;15.8;21.4;;14.75;18.6
2017-11-01 19:45:00;20.2;;16.05;20.7;;15.15;17.8
2017-11-01 20:00:00;20.2;;13.3666666666667;19.9;;12.533333333333301;17.1
2017-11-01 20:15:00;23.5;;14.55;21.85;;13.75;18.7
2017-11-01 20:30:00;23.5;;14.7;25.0;;13.75;21.35
2017-11-01 20:45:00;23.5;;16.9;27.05;;15.8;23.0
2017-11-01 21:00:00;23.5;;21.7;24.5666666666667;;20.25;20.8333333333333
2017-11-01 21:15:00;25.6;;19.35;25.85;;18.3;22.0
2017-11-01 21:30:00;25.6;;17.9;27.3;;16.9;23.2
2017-11-01 21:45:00;25.6;;18.533333333333303;25.8;;17.4;21.95
2017-11-01 22:00:00;25.7;;20.45;26.2;;19.05;22.05
2017-11-01 22:15:00;29.4;;20.2;25.3;;18.95;21.25
2017-11-01 22:30:00;29.4;;15.25;25.7;;14.25;22.0
2017-11-01 22:45:00;29.4;;16.85;20.8666666666667;;15.8;17.8666666666667
2017-11-01 23:00:00;29.4;;17.75;22.65;;16.5;19.45
2017-11-01 23:15:00;27.0;;16.6;25.8;;15.3;21.7
2017-11-01 23:30:00;27.0;;19.7;26.7;;18.3;22.75
2017-11-01 23:45:00;27.0;;23.9;26.15;;22.05;22.5
2017-11-02 00:00:00;27.0;;19.35;24.1;;18.05;20.65
2017-11-02 00:15:00;31.3;;14.55;25.4;;13.8;21.55
2017-11-02 00:30:00;31.3;;15.1;25.1;;14.15;21.033333333333303
2017-11-02 00:45:00;31.3;;21.7;24.6;;20.1;20.85
2017-11-02 01:00:00;31.3;;20.1;26.2;;18.55;22.3
2017-11-02 01:15:00;30.2;;17.6;27.6;;16.5;23.5
2017-11-02 01:30:00;30.2;;16.5;26.65;;15.5;22.55
2017-11-02 01:45:00;30.2;;24.6;22.95;;22.6;19.35
2017-11-02 02:00:00;30.2;;19.25;25.3;;17.7;20.8
2017-11-02 02:15:00;26.6;;13.85;19.733333333333302;;13.0;16.6666666666667
2017-11-02 02:30:00;26.6;;14.7;14.3;;13.6;12.15
2017-11-02 02:45:00;26.6;;16.75;20.3;;15.5;17.05
2017-11-02 03:00:00;26.6;;14.433333333333302;21.3;;13.466666666666699;17.85
2017-11-02 03:15:00;24.9;;15.8;21.7;;14.9;17.95
2017-11-02 03:30:00;24.9;;17.75;20.4;;16.6;16.85
2017-11-02 03:45:00;24.9;;14.55;21.85;;13.6;18.25
2017-11-02 04:00:00;24.9;;18.1;24.3;;16.95;20.3666666666667
2017-11-02 04:15:00;22.3;;16.35;22.55;;15.25;18.85
2017-11-02 04:30:00;22.3;;14.7;20.7;;13.8;17.25
2017-11-02 04:45:00;22.3;;20.1333333333333;21.45;;18.8;17.95
2017-11-02 05:00:00;22.3;;20.9;23.55;;19.35;19.8
2017-11-02 05:15:00;22.1;;19.4;19.7;;18.1;16.55
2017-11-02 05:30:00;22.1;;17.05;24.9;;16.0;20.9
2017-11-02 05:45:00;22.1;;16.35;25.7;;15.25;22.0
2017-11-02 06:00:00;22.1;;19.4;25.4;;17.8;21.35
2017-11-02 06:15:00;25.3;;20.05;27.65;;18.35;23.5
2017-11-02 06:30:00;25.3;;18.8;27.15;;17.35;22.95
2017-11-02 06:45:00;25.3;;16.033333333333303;21.35;;14.8;18.45
2017-11-02 07:00:00;25.3;;17.3;17.55;;15.95;15.0
2017-11-02 07:15:00;27.0;;16.6;20.4;;15.3;16.65
2017-11-02 07:30:00;27.0;;15.75;22.4;;14.4;18.966666666666697
2017-11-02 07:45:00;27.0;;12.6;19.2;;11.85;16.45
2017-11-02 08:00:00;27.0;;24.6;31.05;;22.55;26.15
2017-11-02 08:15:00;27.6;;30.25;27.7;;27.7;23.35
2017-11-02 08:30:00;27.6;;18.5;25.3;;17.1666666666667;21.35
2017-11-02 08:45:00;27.6;;19.55;29.7;;18.3;25.2
2017-11-02 09:00:00;27.6;;23.35;26.65;;21.6;22.85
2017-11-02 09:15:00;26.3;;28.6;36.5;;26.6;30.6666666666667
2017-11-02 09:30:00;26.3;;28.6;33.7;;26.6;28.15
2017-11-02 09:45:00;26.3;;33.15;34.95;;30.85;29.5
2017-11-02 10:00:00;26.3;;34.4;39.7;;31.95;33.65
2017-11-02 10:15:00;26.1;;32.4666666666667;35.45;;30.2;30.1
2017-11-02 10:30:00;26.1;;30.1;35.15;;28.1;29.3
2017-11-02 10:45:00;26.1;;45.25;33.8;;41.75;28.35
2017-11-02 11:00:00;26.2;;45.15;39.433333333333294;;41.45;33.4666666666667
2017-11-02 11:15:00;31.3;;43.85;41.3;;40.35;35.0
2017-11-02 11:30:00;31.3;;42.5;37.8;;39.6;32.3
2017-11-02 11:45:00;31.3;;44.3;37.8;;40.95;32.4
2017-11-02 12:00:00;31.4;;44.2666666666667;44.3;;40.8333333333333;37.75
2017-11-02 12:15:00;36.3;;41.4;49.45;;38.45;41.55
2017-11-02 12:30:00;36.3;;39.75;49.45;;37.0;41.75
2017-11-02 12:45:00;36.3;;43.5;45.7666666666667;;40.35;38.6666666666667
2017-11-02 13:00:00;36.3;;37.3;43.95;;34.55;37.4
2017-11-02 13:15:00;35.5;;25.45;35.15;;23.85;30.55
2017-11-02 13:30:00;35.5;;31.05;32.75;;29.2;28.6
2017-11-02 13:45:00;35.5;;29.6;36.35;;27.5;31.6
2017-11-02 14:00:00;35.4;;31.2;43.7;;29.15;37.4
2017-11-02 14:15:00;27.1;;31.75;38.9;;29.8;32.9
2017-11-02 14:30:00;27.1;;24.9;37.3666666666667;;23.35;31.533333333333307
2017-11-02 14:45:00;27.1;;25.55;41.5;;23.85;35.25
2017-11-02 15:00:00;27.0;;33.95;40.65;;31.35;34.85
2017-11-02 15:15:00;24.1;;30.25;40.15;;27.95;34.3
2017-11-02 15:30:00;24.1;;26.9;42.5;;25.0;36.3
2017-11-02 15:45:00;24.1;;30.25;37.45;;28.0;31.65
2017-11-02 16:00:00;24.1;;34.65;38.6;;32.1;32.85
2017-11-02 16:15:00;23.1;;39.6;44.5;;36.55;37.933333333333294
2017-11-02 16:30:00;23.1;;44.25;46.9;;40.9;39.65
2017-11-02 16:45:00;23.1;;39.85;41.9;;37.15;35.6
2017-11-02 17:00:00;23.1;;40.55;43.35;;37.7;36.85
2017-11-02 17:15:00;25.4;;42.1666666666667;45.95;;39.3;39.2
2017-11-02 17:30:00;25.4;;48.55;46.8;;44.75;39.75
2017-11-02 17:45:00;25.4;;42.9;54.75;;39.7;45.9
2017-11-02 18:00:00;25.5;;40.05;48.0;;37.4;40.466666666666704
2017-11-02 18:15:00;28.6;;40.95;48.35;;38.1;40.35
2017-11-02 18:30:00;28.6;;39.05;48.85;;36.2;41.05
2017-11-02 18:45:00;28.6;;48.15;52.75;;44.6;44.85
2017-11-02 19:00:00;28.7;;45.5;52.6;;42.3;44.65
2017-11-02 19:15:00;41.0;;39.75;45.0;;36.7;38.4
2017-11-02 19:30:00;41.0;;37.8;51.5;;34.9;43.7
2017-11-02 19:45:00;41.0;;41.0;53.633333333333304;;37.85;45.9
2017-11-02 20:00:00;41.1;;44.55;54.95;;41.5;47.15
2017-11-02 20:15:00;45.3;;35.6;43.55;;33.4;37.25
2017-11-02 20:30:00;45.3;;36.7;49.05;;34.35;40.9
2017-11-02 20:45:00;45.3;;36.7666666666667;53.0;;34.133333333333304;44.4
2017-11-02 21:00:00;45.3;;37.55;50.3;;35.1;42.65
2017-11-02 21:15:00;49.9;;33.15;44.05;;30.7;37.25
2017-11-02 21:30:00;49.9;;31.1;41.933333333333294;;28.65;35.3666666666667
2017-11-02 21:45:00;49.9;;33.15;51.1;;30.8;43.0
2017-11-02 22:00:00;49.8;;40.3;47.5;;37.3;40.3
2017-11-02 22:15:00;42.4;;40.3;43.65;;37.05;37.5
2017-11-02 22:30:00;42.4;;38.3;52.85;;35.533333333333296;44.6
2017-11-02 22:45:00;42.4;;36.75;56.4;;34.05;47.25
2017-11-02 23:00:00;42.3;;39.35;55.35;;36.3;45.95
2017-11-02 23:15:00;35.8;;43.6;50.3;;40.45;42.3666666666667
2017-11-02 23:30:00;35.8;;48.3;49.95;;44.8;42.55
2017-11-02 23:45:00;35.8;;43.35;44.15;;40.25;37.95
2017-11-03 00:00:00;35.8;;37.65;43.4;;35.15;37.45
2017-11-03 00:15:00;35.6;;34.4666666666667;43.2;;31.7;37.05
2017-11-03 00:30:00;35.6;;34.4;37.2;;31.55;31.6
2017-11-03 00:45:00;35.6;;35.9;32.45;;33.0;27.9
2017-11-03 01:00:00;35.5;;33.95;35.8333333333333;;31.35;30.3
2017-11-03 01:15:00;27.3;;29.1;38.5;;27.0;32.5
2017-11-03 01:30:00;27.3;;27.5;36.35;;25.55;30.75
2017-11-03 01:45:00;27.3;;27.1;35.25;;25.0;29.55
2017-11-03 02:00:00;27.3;;33.4666666666667;37.5;;30.9;31.35
2017-11-03 02:15:00;28.7;;28.05;32.8;;26.0;27.45
2017-11-03 02:30:00;28.7;;28.3;37.7;;26.1;31.85
2017-11-03 02:45:00;28.7;;35.35;38.56666666666671;;32.6;32.7333333333333
2017-11-03 03:00:00;28.7;;36.55;43.35;;33.95;36.35
2017-11-03 03:15:00;28.6;;33.4;44.65;;30.85;37.25
2017-11-03 03:30:00;28.6;;30.35;42.5;;28.05;35.15
2017-11-03 03:45:00;28.6;;32.4333333333333;33.9;;29.9;28.95
2017-11-03 04:00:00;28.6;;29.15;37.3;;26.95;32.05
2017-11-03 04:15:00;25.6;;29.85;38.2;;27.85;32.5
2017-11-03 04:30:00;25.6;;34.25;46.4333333333333;;31.95;38.8666666666667
2017-11-03 04:45:00;25.6;;36.45;38.6;;34.05;32.85
2017-11-03 05:00:00;25.6;;41.15;41.35;;38.1;35.45
2017-11-03 05:15:00;24.8;;36.3;43.0;;33.45;36.3
2017-11-03 05:30:00;24.8;;40.7;40.55;;37.6666666666667;34.55
2017-11-03 05:45:00;24.8;;39.9;44.05;;37.2;37.95
2017-11-03 06:00:00;24.8;;37.15;39.75;;34.25;34.1
2017-11-03 06:15:00;27.2;;33.7;50.5;;31.0;42.6666666666667
2017-11-03 06:30:00;27.2;;41.15;43.1;;37.85;35.85
2017-11-03 06:45:00;27.2;;44.05;43.8;;40.75;36.4
2017-11-03 07:00:00;27.2;;39.9;42.1;;37.5;35.45
2017-11-03 07:15:00;29.0;;36.5;52.15;;34.3;43.7
2017-11-03 07:30:00;29.0;;41.15;54.65;;38.1;46.0
2017-11-03 07:45:00;29.0;;43.35;52.4;;40.15;44.0
2017-11-03 08:00:00;29.1;;44.8;53.8;;41.9;45.0333333333333
2017-11-03 08:15:00;34.2;;50.8;57.55;;47.05;48.9
2017-11-03 08:30:00;34.2;;47.3;51.2;;43.7;43.55
2017-11-03 08:45:00;34.2;;45.1;53.65;;41.95;45.55
2017-11-03 09:00:00;34.2;;49.4333333333333;58.05;;45.8333333333333;48.9
2017-11-03 09:15:00;28.9;;47.75;52.4;;44.15;44.6
2017-11-03 09:30:00;28.9;;37.65;48.45;;35.15;41.6
2017-11-03 09:45:00;28.9;;39.45;49.6;;36.8;42.1
2017-11-03 10:00:00;28.9;;41.25;49.6;;38.65;42.1
2017-11-03 10:15:00;29.6;;42.8;46.9;;39.8;40.35
2017-11-03 10:30:00;29.6;;48.05;48.75;;44.5;41.35
2017-11-03 10:45:00;29.6;;44.7333333333333;49.5;;41.6666666666667;41.9
2017-11-03 11:00:00;29.7;;35.25;44.0;;32.75;37.7
2017-11-03 11:15:00;30.7;;35.1;41.4;;32.45;35.25
2017-11-03 11:30:00;30.7;;29.1;41.1333333333333;;27.1;35.2
2017-11-03 11:45:00;30.7;;25.7;37.0;;23.9;32.0
2017-11-03 12:00:00;30.7;;26.25;32.05;;24.55;27.85
2017-11-03 12:15:00;27.5;;27.65;30.35;;26.0;26.35
2017-11-03 12:30:00;27.5;;30.3333333333333;31.25;;28.3666666666667;26.85
2017-11-03 12:45:00;27.5;;29.55;33.4;;27.35;29.0
2017-11-03 13:00:00;27.5;;18.25;27.55;;17.15;23.65
2017-11-03 13:15:00;23.4;;14.25;21.3333333333333;;13.5;17.9333333333333
2017-11-03 13:30:00;23.4;;18.4;23.4;;17.25;19.85
2017-11-03 13:45:00;23.4;;19.8;22.45;;18.25;19.2
2017-11-03 14:00:00;23.3;;12.75;19.2;;11.95;16.55
2017-11-03 14:15:00;14.0;;13.533333333333301;18.3;;12.7;15.4
2017-11-03 14:30:00;14.0;;14.95;17.65;;13.95;15.2
2017-11-03 14:45:00;14.0;;15.65;20.8;;14.45;17.65
2017-11-03 15:00:00;13.9;;13.0;17.966666666666697;;12.05;15.033333333333301
2017-11-03 15:15:00;10.9;;12.9;13.0;;12.0;11.15
2017-11-03 15:30:00;10.9;;16.2;16.5;;15.1;14.15
2017-11-03 15:45:00;10.9;;13.05;20.7;;12.25;17.65
2017-11-03 16:00:00;11.0;;11.266666666666698;18.35;;10.766666666666698;15.3
2017-11-03 16:15:00;18.1;;13.7;18.75;;12.95;15.85
2017-11-03 16:30:00;18.1;;16.05;20.2;;15.05;17.1
2017-11-03 16:45:00;18.1;;14.8;18.6333333333333;;13.9;16.0666666666667
2017-11-03 17:00:00;18.1;;12.85;19.9;;12.05;17.1
2017-11-03 17:15:00;19.7;;18.0;21.1;;16.9;17.65
2017-11-03 17:30:00;19.7;;20.5;23.6;;19.15;19.6
2017-11-03 17:45:00;19.7;;22.1666666666667;29.0;;20.5666666666667;24.25
2017-11-03 18:00:00;19.7;;20.6;28.4;;19.15;24.3
2017-11-03 18:15:00;24.8;;21.7;29.6;;20.4;24.95
2017-11-03 18:30:00;24.8;;19.5;26.0666666666667;;18.25;21.966666666666693
2017-11-03 18:45:00;24.8;;17.2;25.55;;15.75;21.6
2017-11-03 19:00:00;24.8;;15.35;26.85;;14.4;22.6
2017-11-03 19:15:00;24.3;;16.2;25.2;;15.3;21.55
2017-11-03 19:30:00;24.3;;22.6333333333333;26.35;;21.1;22.6
2017-11-03 19:45:00;24.3;;22.0;30.0;;20.25;25.8
2017-11-03 20:00:00;24.3;;19.8;28.75;;18.55;24.7
2017-11-03 20:15:00;24.2;;23.8;27.1666666666667;;22.2;23.266666666666694
2017-11-03 20:30:00;24.2;;23.1;28.15;;21.4;23.7
2017-11-03 20:45:00;24.2;;21.55;28.5;;20.25;24.3
2017-11-03 21:00:00;24.3;;21.45;33.1;;20.1;28.1
2017-11-03 21:15:00;26.5;;21.1666666666667;36.05;;19.733333333333302;30.7
2017-11-03 21:30:00;26.5;;24.45;32.9;;22.65;27.85
2017-11-03 21:45:00;26.5;;23.25;31.85;;21.75;26.8
2017-11-03 22:00:00;26.5;;20.2;24.6333333333333;;18.95;21.0
2017-11-03 22:15:00;27.1;;22.55;28.7;;21.1;24.65
2017-11-03 22:30:00;27.1;;22.8;28.0;;21.3;23.7
2017-11-03 22:45:00;27.1;;20.2;28.85;;18.9;24.45
2017-11-03 23:00:00;27.1;;21.8333333333333;22.35;;20.2;19.25
2017-11-03 23:15:00;22.4;;18.3;25.4;;17.05;21.75
2017-11-03 23:30:00;22.4;;20.45;25.2;;19.15;21.35
2017-11-03 23:45:00;22.4;;18.55;24.5;;17.4;21.0
2017-11-04 00:00:00;22.4;;17.6;28.1;;16.35;24.25
2017-11-04 00:15:00;17.7;;19.1;23.25;;17.6;19.85
2017-11-04 00:30:00;17.7;;20.75;21.2;;19.2;18.4
2017-11-04 00:45:00;17.7;;24.266666666666694;23.15;;22.466666666666693;20.3
2017-11-04 01:00:00;17.7;;23.25;25.3;;21.6;21.8
2017-11-04 01:15:00;21.0;;17.75;23.9;;16.6;20.3
2017-11-04 01:30:00;21.0;;15.95;24.4333333333333;;14.85;20.966666666666697
2017-11-04 01:45:00;21.0;;18.55;26.3;;17.25;22.3
2017-11-04 02:00:00;20.6;;20.35;24.7;;19.05;20.9
2017-11-04 02:15:00;12.0;;18.8;22.35;;17.55;18.9
2017-11-04 02:30:00;12.0;;20.233333333333302;22.75;;18.7;19.5
2017-11-04 02:45:00;12.0;;16.9;24.2;;15.9;20.55
2017-11-04 03:00:00;12.1;;16.05;20.95;;15.1;17.95
2017-11-04 03:15:00;14.1;;17.2;22.466666666666693;;16.1;19.0
2017-11-04 03:30:00;14.1;;18.85;20.85;;17.65;17.75
2017-11-04 03:45:00;14.1;;15.65;20.2;;14.75;17.5
2017-11-04 04:00:00;14.2;;13.3;22.2;;12.6;18.7
2017-11-04 04:15:00;17.0;;14.266666666666698;21.95;;13.3;18.55
2017-11-04 04:30:00;17.0;;17.3;25.85;;15.85;22.1
2017-11-04 04:45:00;17.0;;19.75;26.0;;18.15;22.3
2017-11-04 05:00:00;17.2;;18.55;22.3333333333333;;17.15;19.2
2017-11-04 05:15:00;21.1;;17.85;15.5;;16.75;13.6
2017-11-04 05:30:00;21.1;;19.65;18.05;;18.55;15.45
2017-11-04 05:45:00;21.1;;16.75;24.1;;15.8;20.1
2017-11-04 06:00:00;21.0;;17.766666666666698;21.75;;16.5666666666667;18.35
2017-11-04 06:15:00;18.4;;17.45;21.55;;16.4;18.05
2017-11-04 06:30:00;18.4;;16.2;22.85;;15.3;19.4
2017-11-04 06:45:00;18.4;;21.55;21.1666666666667;;20.1;17.9333333333333
2017-11-04 07:00:00;18.2;;17.2;27.35;;16.1;23.35
2017-11-04 07:15:00;13.2;;18.8;27.9;;17.4;23.6
2017-11-04 07:30:00;13.2;;18.65;26.7;;17.45;22.45
2017-11-04 07:45:00;13.2;;18.3333333333333;23.15;;17.1666666666667;19.85
2017-11-04 08:00:00;13.1;;21.3;17.25;;19.95;14.95
2017-11-04 08:15:00;11.8;;20.45;15.4;;19.1;13.2
2017-11-04 08:30:00;11.8;;19.65;19.9333333333333;;18.3;16.9333333333333
2017-11-04 08:45:00;11.8;;17.85;17.75;;16.45;15.05
2017-11-04 09:00:00;11.6;;16.5;15.7;;15.3;13.25
2017-11-04 09:15:00;8.7;;10.15;10.25;;9.4;8.7
2017-11-04 09:30:00;8.7;;7.86666666666667;6.2;;7.23333333333333;5.35
2017-11-04 09:45:00;8.7;;5.75;4.55;;5.3;3.85
2017-11-04 10:00:00;8.6;;3.1;6.6;;2.95;5.65
2017-11-04 10:15:00;6.8;;2.7;4.8;;2.6;4.13333333333333
2017-11-04 10:30:00;6.8;;1.45;3.7;;1.45;3.25
2017-11-04 10:45:00;6.8;;4.25;5.6;;4.0;4.95
2017-11-04 11:00:00;6.9;;4.05;5.7;;3.85;5.15
2017-11-04 11:15:00;7.7;;2.86666666666667;5.6;;2.7666666666666697;5.05
2017-11-04 11:30:00;7.7;;4.9;6.6;;4.8;5.75
2017-11-04 11:45:00;7.7;;10.7;7.4;;9.9;6.3
2017-11-04 12:00:00;7.7;;10.95;10.4;;10.25;8.9
2017-11-04 12:15:00;6.8;;6.7;9.05;;6.35;7.7
2017-11-04 12:30:00;6.8;;7.95;6.3;;7.5;5.45
2017-11-04 12:45:00;6.8;;7.25;5.6;;6.75;5.05
2017-11-04 13:00:00;6.9;;4.73333333333333;4.25;;4.466666666666669;3.9
2017-11-04 13:15:00;8.5;;6.95;4.7;;6.6;4.2
2017-11-04 13:30:00;8.5;;7.95;6.5;;7.35;5.95
2017-11-04 13:45:00;8.5;;4.65;7.73333333333333;;4.4;6.86666666666667
2017-11-04 14:00:00;8.6;;3.55;4.5;;3.45;4.05
2017-11-04 14:15:00;9.3;;5.6;6.8;;5.25;6.3
2017-11-04 14:30:00;9.3;;9.45;9.15;;8.8;8.05
2017-11-04 14:45:00;9.3;;18.233333333333302;19.6;;16.9333333333333;16.65
2017-11-04 15:00:00;9.3;;28.15;30.7;;26.05;26.25
2017-11-04 15:15:00;9.9;;33.7;44.05;;31.1;37.5
2017-11-04 15:30:00;9.9;;40.45;48.866666666666696;;37.6;41.8333333333333
2017-11-04 15:45:00;9.9;;42.95;50.15;;40.0;42.85
2017-11-04 16:00:00;10.1;;44.3;51.3;;41.3;43.55
2017-11-04 16:15:00;13.9;;49.4;46.7;;46.05;39.45
2017-11-04 16:30:00;13.9;;45.6;49.15;;41.966666666666704;41.25
2017-11-04 16:45:00;13.9;;36.6;48.05;;33.75;40.75
2017-11-04 17:00:00;13.9;;43.35;43.4;;39.8;36.85
2017-11-04 17:15:00;14.8;;43.3;51.0333333333333;;39.75;42.3
2017-11-04 17:30:00;14.8;;43.6;53.35;;40.3;44.1
2017-11-04 17:45:00;14.8;;37.25;41.0;;34.75;34.45
2017-11-04 18:00:00;14.7;;38.1;37.9;;35.35;32.0
2017-11-04 18:15:00;11.5;;40.433333333333294;43.55;;37.466666666666704;36.8
2017-11-04 18:30:00;11.5;;42.65;43.6;;39.2;37.0
2017-11-04 18:45:00;11.5;;40.05;37.9;;36.65;32.3
2017-11-04 19:00:00;11.6;;39.9;50.7333333333333;;36.85;42.6
2017-11-04 19:15:00;14.5;;41.8;47.5;;38.55;39.75
2017-11-04 19:30:00;14.5;;35.9;42.5;;33.3;35.6
2017-11-04 19:45:00;14.5;;35.6;40.05;;33.0;33.5
2017-11-04 20:00:00;14.4;;36.6;40.05;;33.9;33.4
2017-11-04 20:15:00;11.1;;32.45;38.9;;29.75;32.75
2017-11-04 20:30:00;11.1;;33.85;41.25;;31.25;34.9
2017-11-04 20:45:00;11.1;;31.9;40.6;;29.7;34.6
2017-11-04 21:00:00;11.2;;34.1;40.35;;31.6;34.5
2017-11-04 21:15:00;11.7;;33.1;38.6;;30.7;32.9
2017-11-04 21:30:00;11.7;;35.05;38.4;;32.35;32.65
2017-11-04 21:45:00;11.7;;32.0;39.1;;29.5666666666667;33.35
2017-11-04 22:00:00;11.7;;26.5;40.65;;24.85;34.4
2017-11-04 22:15:00;11.8;;30.4;37.4;;28.35;31.8
2017-11-04 22:30:00;11.8;;33.95;32.7666666666667;;31.15;28.233333333333306
2017-11-04 22:45:00;11.8;;33.95;34.85;;31.1;29.45
2017-11-04 23:00:00;11.8;;28.9;35.6;;26.6;30.0
2017-11-04 23:15:00;11.6;;27.65;32.1;;25.7;27.35
2017-11-04 23:30:00;11.6;;29.8666666666667;35.55;;27.966666666666693;29.9
2017-11-04 23:45:00;11.6;;32.05;36.55;;29.7;30.4
2017-11-05 00:00:00;11.5;;27.75;37.6;;25.85;31.6
2017-11-05 00:15:00;9.5;;21.15;28.1666666666667;;19.65;23.8333333333333
2017-11-05 00:30:00;9.5;;21.6;25.3;;20.1;21.3
2017-11-05 00:45:00;9.5;;23.6;26.1;;21.75;21.8
2017-11-05 01:00:00;9.4;;26.55;23.05;;24.4;19.35
2017-11-05 01:15:00;7.1;;24.2;21.8;;22.6;18.65
2017-11-05 01:30:00;7.1;;16.85;20.8;;15.95;17.55
2017-11-05 01:45:00;7.1;;13.15;20.7;;12.35;17.15
2017-11-05 02:00:00;7.0;;14.55;19.0666666666667;;13.65;16.233333333333302
2017-11-05 02:15:00;4.6;;20.3;20.5;;18.85;17.2
2017-11-05 02:30:00;4.6;;19.75;20.55;;18.15;17.15
2017-11-05 02:45:00;4.6;;23.25;24.9;;21.25;20.65
2017-11-05 03:00:00;4.7;;27.8333333333333;32.2;;25.6;26.65
2017-11-05 03:15:00;5.2;;26.55;28.4;;24.65;23.75
2017-11-05 03:30:00;5.2;;24.85;32.45;;23.1;27.3
2017-11-05 03:45:00;5.2;;23.5;30.9;;21.55;26.0666666666667
2017-11-05 04:00:00;5.1;;23.25;30.95;;21.35;26.1
2017-11-05 04:15:00;4.3;;17.35;19.9;;15.9;16.9
2017-11-05 04:30:00;4.3;;16.75;15.3;;15.45;13.1
2017-11-05 04:45:00;4.3;;18.6666666666667;16.0;;17.4333333333333;13.5
2017-11-05 05:00:00;4.2;;16.75;20.1;;15.75;17.3
2017-11-05 05:15:00;2.7;;17.3;15.8;;16.35;13.6
2017-11-05 05:30:00;2.7;;13.85;19.533333333333303;;12.9;16.233333333333302
2017-11-05 05:45:00;2.7;;13.15;14.3;;12.5;12.25
2017-11-05 06:00:00;2.6;;9.9;11.4;;9.45;9.8
2017-11-05 06:15:00;1.5;;9.45;10.6;;8.9;9.2
2017-11-05 06:30:00;1.5;;11.5;12.75;;10.6666666666667;10.9
2017-11-05 06:45:00;1.5;;11.35;16.0;;10.5;13.15
2017-11-05 07:00:00;1.6;;10.8;16.3;;10.1;13.8
2017-11-05 07:15:00;4.1;;8.25;13.7;;7.7;11.6333333333333
2017-11-05 07:30:00;4.1;;7.95;10.4;;7.45;8.6
2017-11-05 07:45:00;4.1;;12.35;17.25;;11.55;14.1
2017-11-05 08:00:00;4.1;;12.2;15.7;;11.45;13.1
2017-11-05 08:15:00;4.2;;16.3;10.9;;15.2;9.25
2017-11-05 08:30:00;4.2;;12.75;13.35;;11.9;11.2
2017-11-05 08:45:00;4.2;;11.65;15.1;;10.85;12.4
2017-11-05 09:00:00;4.2;;12.9;19.033333333333303;;11.95;15.733333333333302
2017-11-05 09:15:00;2.8;;17.55;20.7;;16.3;17.2
2017-11-05 09:30:00;2.8;;19.25;22.95;;17.8;19.55
2017-11-05 09:45:00;2.8;;18.95;27.45;;17.55;23.0
2017-11-05 10:00:00;3.0;;19.0666666666667;22.75;;17.7;18.95
2017-11-05 10:15:00;8.5;;22.4;22.15;;20.6;18.5
2017-11-05 10:30:00;8.5;;23.5;29.95;;21.65;24.6
2017-11-05 10:45:00;8.5;;27.2;27.033333333333307;;25.15;22.7
2017-11-05 11:00:00;8.5;;25.15;23.5;;23.35;19.65
2017-11-05 11:15:00;9.5;;25.0;23.45;;23.25;19.6
2017-11-05 11:30:00;9.5;;24.75;26.15;;23.15;21.9
2017-11-05 11:45:00;9.5;;26.3;26.95;;24.3333333333333;22.6
2017-11-05 12:00:00;9.4;;26.4;29.85;;24.4;25.3
2017-11-05 12:15:00;7.9;;27.9;37.0;;26.15;31.1
2017-11-05 12:30:00;7.9;;31.75;38.2;;29.5;31.8
2017-11-05 12:45:00;7.9;;25.15;35.35;;23.4;29.7
2017-11-05 13:00:00;8.0;;25.4;26.15;;23.75;22.3
2017-11-05 13:15:00;10.2;;30.4;35.55;;28.3;29.85
2017-11-05 13:30:00;10.2;;24.266666666666694;37.15;;22.8;31.35
2017-11-05 13:45:00;10.2;;20.9;28.7;;19.4;24.3
2017-11-05 14:00:00;10.3;;21.15;25.2;;19.55;21.4
2017-11-05 14:15:00;11.5;;25.4;29.266666666666694;;23.75;24.6
2017-11-05 14:30:00;11.5;;22.25;25.8;;20.65;21.75
2017-11-05 14:45:00;11.5;;28.75;32.45;;26.5;27.2
2017-11-05 15:00:00;11.4;;31.45;35.05;;28.85;29.2
2017-11-05 15:15:00;10.4;;27.3666666666667;28.4;;25.533333333333307;23.85
2017-11-05 15:30:00;10.4;;25.0;30.25;;23.4;25.35
2017-11-05 15:45:00;10.4;;28.15;35.75;;25.9;29.9
2017-11-05 16:00:00;10.3;;33.7;39.033333333333296;;31.2;33.1
2017-11-05 16:15:00;9.3;;31.1;45.85;;29.1;38.5
2017-11-05 16:30:00;9.3;;32.6;46.5;;30.35;38.55
2017-11-05 16:45:00;9.3;;34.7;48.15;;32.5;39.95
2017-11-05 17:00:00;9.4;;33.9333333333333;48.2;;31.733333333333306;40.35
2017-11-05 17:15:00;10.8;;26.4;37.7;;24.4;31.75
2017-11-05 17:30:00;10.8;;23.5;28.45;;21.8;24.0
2017-11-05 17:45:00;10.8;;24.2;24.033333333333307;;22.65;20.1
2017-11-05 18:00:00;10.7;;22.65;22.5;;21.1;19.15
2017-11-05 18:15:00;9.1;;20.75;26.05;;19.55;22.35
2017-11-05 18:30:00;9.1;;19.2;29.0;;18.1;24.65
2017-11-05 18:45:00;9.1;;21.266666666666698;29.8;;19.9;25.05
2017-11-05 19:00:00;9.3;;22.4;31.1;;20.9;25.9
2017-11-05 19:15:00;16.3;;21.7;32.8;;20.35;27.1
2017-11-05 19:30:00;16.3;;24.6;29.233333333333306;;23.0;24.8
2017-11-05 19:45:00;16.3;;21.6;29.5;;20.1;25.5
2017-11-05 20:00:00;16.5;;22.95;33.2;;21.55;28.4
2017-11-05 20:15:00;21.3;;20.35;33.95;;19.15;28.75
2017-11-05 20:30:00;21.3;;22.3666666666667;26.35;;20.8333333333333;22.15
2017-11-05 20:45:00;21.3;;24.6;25.2;;23.25;21.4
2017-11-05 21:00:00;21.4;;25.85;26.95;;24.25;22.95
2017-11-05 21:15:00;22.9;;23.2;28.7;;21.55;24.3333333333333
2017-11-05 21:30:00;22.9;;23.4;31.9;;21.85;27.55
2017-11-05 21:45:00;22.9;;22.1;21.6;;20.6;18.65
2017-11-05 22:00:00;23.2;;19.5;23.75;;18.3;19.75
2017-11-05 22:15:00;28.5;;16.3;27.9;;15.533333333333301;23.2
2017-11-05 22:30:00;28.5;;14.55;28.15;;13.65;23.7
2017-11-05 22:45:00;28.5;;15.1;22.55;;14.15;18.95
2017-11-05 23:00:00;28.3;;19.1;24.7;;17.55;20.766666666666698
2017-11-05 23:15:00;24.5;;14.95;23.0;;13.85;19.25
2017-11-05 23:30:00;24.5;;17.3;21.3;;16.15;18.15
2017-11-05 23:45:00;24.5;;12.65;21.75;;11.85;18.75
2017-11-06 00:00:00;24.5;;12.333333333333302;24.2;;11.4;20.85
2017-11-06 00:15:00;25.9;;13.95;23.25;;13.15;19.9
2017-11-06 00:30:00;25.9;;13.05;18.95;;12.2;15.9
2017-11-06 00:45:00;25.9;;16.5;19.9333333333333;;15.5;17.233333333333302
2017-11-06 01:00:00;25.7;;16.05;19.0;;15.0;16.35
2017-11-06 01:15:00;20.5;;21.45;26.3;;19.7;21.8
2017-11-06 01:30:00;20.5;;26.4;29.1;;23.95;24.8
2017-11-06 01:45:00;20.5;;39.4;31.1;;35.43333333333329;25.85
2017-11-06 02:00:00;20.5;;;88.9;;;69.1
2017-11-06 02:15:00;20.3;;98.5;;;87.5;
2017-11-06 02:30:00;20.3;;53.4;73.35;;48.0;57.3
2017-11-06 02:45:00;20.3;;50.2;61.6;;44.9;48.8
2017-11-06 03:00:00;20.1;;61.4;75.0;;54.5;58.45
2017-11-06 03:15:00;14.8;;40.3;37.0;;35.85;29.55
2017-11-06 03:30:00;14.8;;37.4;35.95;;33.7333333333333;28.55
2017-11-06 03:45:00;14.8;;66.35;81.9;;59.3;64.2
2017-11-06 04:00:00;14.8;;26.0;43.4;;23.65;35.6
2017-11-06 04:15:00;16.9;;14.7;28.533333333333307;;13.75;23.266666666666694
2017-11-06 04:30:00;16.9;;49.4;64.0;;44.3;49.6
2017-11-06 04:45:00;16.9;;;;;;
2017-11-06 05:00:00;16.9;;;;;;
2017-11-06 05:15:00;16.6;;;;;;
2017-11-06 05:30:00;16.6;;;;;;
2017-11-06 05:45:00;16.6;;;;;;
2017-11-06 06:00:00;16.4;;;;;;
2017-11-06 06:15:00;11.7;;;;;;
2017-11-06 06:30:00;11.7;;;;;;
2017-11-06 06:45:00;11.7;;;;;;
2017-11-06 07:00:00;11.8;;;;;;
2017-11-06 07:15:00;14.7;;;;;;
2017-11-06 07:30:00;14.7;;;;;;
2017-11-06 07:45:00;14.7;;68.3;96.5;;60.1;73.9
2017-11-06 08:00:00;14.7;;;;;;
2017-11-06 08:15:00;13.1;;;;;;
2017-11-06 08:30:00;13.1;;;;;;
2017-11-06 08:45:00;13.1;;;;;;
2017-11-06 09:00:00;13.9;;96.9;;;85.6;
2017-11-06 09:15:00;33.0;;32.6;53.5;;29.15;42.65
2017-11-06 09:30:00;33.0;;18.95;22.8333333333333;;17.6;19.6333333333333
2017-11-06 09:45:00;33.0;;22.25;29.2;;20.9;24.55
2017-11-06 10:00:00;33.3;;25.15;33.4;;23.35;28.4
2017-11-06 10:15:00;44.8;;26.65;34.85;;24.85;29.6
2017-11-06 10:30:00;44.8;;34.8333333333333;34.75;;32.0333333333333;29.45
2017-11-06 10:45:00;44.8;;38.25;44.65;;35.15;37.55
2017-11-06 11:00:00;44.6;;39.5;51.2;;36.3;42.1
2017-11-06 11:15:00;40.3;;49.8;59.5666666666667;;45.85;49.366666666666696
2017-11-06 11:30:00;40.3;;53.25;59.6;;49.05;49.5
2017-11-06 11:45:00;40.3;;48.85;55.15;;45.0;46.2
2017-11-06 12:00:00;39.5;;46.65;50.25;;43.2;42.25
2017-11-06 12:15:00;21.4;;35.2333333333333;38.55;;32.6;32.1
2017-11-06 12:30:00;21.4;;32.45;32.2;;30.15;27.1
2017-11-06 12:45:00;21.4;;29.3;34.5;;27.25;28.8
2017-11-06 13:00:00;21.2;;23.9;31.9333333333333;;22.15;26.8666666666667
2017-11-06 13:15:00;15.1;;29.4;25.9;;27.0;22.3
2017-11-06 13:30:00;15.1;;31.45;33.2;;28.95;28.1
2017-11-06 13:45:00;15.1;;32.6;40.65;;30.15;33.9
2017-11-06 14:00:00;15.1;;28.3333333333333;35.45;;26.3;29.7
2017-11-06 14:15:00;15.2;;20.75;29.7;;19.4;24.85
2017-11-06 14:30:00;15.2;;19.55;23.4;;18.15;20.05
2017-11-06 14:45:00;15.2;;14.8;21.0;;13.75;18.1666666666667
2017-11-06 15:00:00;14.9;;21.75;23.1;;20.3;19.5
2017-11-06 15:15:00;9.6;;21.05;22.75;;19.4;19.15
2017-11-06 15:30:00;9.6;;18.0;21.55;;16.8;18.1
2017-11-06 15:45:00;9.6;;26.5;27.65;;24.6666666666667;22.9
2017-11-06 16:00:00;9.9;;24.05;33.2;;22.2;27.45
2017-11-06 16:15:00;15.9;;27.2;34.3;;25.1;28.55
2017-11-06 16:30:00;15.9;;26.8;25.8;;24.9;21.533333333333307
2017-11-06 16:45:00;15.9;;24.9;23.8;;23.0;19.75
2017-11-06 17:00:00;16.0;;26.95;24.6;;24.7;20.5
2017-11-06 17:15:00;17.5;;23.25;26.75;;21.4;22.25
2017-11-06 17:30:00;17.5;;24.4;25.4;;22.6333333333333;21.2
2017-11-06 17:45:00;17.5;;27.9;22.95;;25.85;19.15
2017-11-06 18:00:00;18.0;;19.9;24.3;;18.5;20.45
2017-11-06 18:15:00;28.2;;19.65;34.1;;18.4;28.8
2017-11-06 18:30:00;28.2;;24.6;34.4;;22.95;29.2
2017-11-06 18:45:00;28.2;;27.35;34.8;;25.35;29.25
2017-11-06 19:00:00;28.8;;23.2;32.35;;21.55;27.3
2017-11-06 19:15:00;47.2;;21.4333333333333;26.95;;19.8333333333333;22.7
2017-11-06 19:30:00;47.2;;24.35;31.25;;22.5;25.65
2017-11-06 19:45:00;47.2;;22.55;29.0;;20.9;24.45
2017-11-06 20:00:00;47.2;;25.95;26.6;;24.0;22.533333333333307
2017-11-06 20:15:00;45.0;;31.9;36.9;;29.4;31.4
2017-11-06 20:30:00;45.0;;30.65;35.15;;28.25;30.0
2017-11-06 20:45:00;45.0;;28.0;36.4;;25.9;30.5
2017-11-06 21:00:00;45.2;;20.5;38.8;;19.033333333333303;32.4
2017-11-06 21:15:00;50.8;;21.95;33.9;;20.45;28.35
2017-11-06 21:30:00;50.8;;25.95;30.55;;24.35;25.85
2017-11-06 21:45:00;50.8;;26.15;39.4;;24.4;33.4333333333333
2017-11-06 22:00:00;50.3;;27.6;37.55;;25.7;31.95
2017-11-06 22:15:00;41.4;;29.15;33.5;;27.35;28.95
2017-11-06 22:30:00;41.4;;28.85;37.1;;26.8;31.85
2017-11-06 22:45:00;41.4;;31.0666666666667;31.75;;28.7;26.7
2017-11-06 23:00:00;41.2;;28.05;25.6;;25.7;21.65
2017-11-06 23:15:00;34.0;;25.4;26.85;;23.45;23.15
2017-11-06 23:30:00;34.0;;22.55;33.866666666666696;;21.0;28.6666666666667
2017-11-06 23:45:00;34.0;;24.15;40.25;;22.55;33.8
2017-11-07 00:00:00;33.7;;20.85;32.95;;19.45;27.95
2017-11-07 00:15:00;25.8;;29.95;42.3;;27.65;35.55
2017-11-07 00:30:00;25.8;;79.3;;;71.5;
2017-11-07 00:45:00;25.8;;;;;;
2017-11-07 01:00:00;25.6;;;;;;
2017-11-07 01:15:00;21.3;;;;;;
2017-11-07 01:30:00;21.3;;;;;;
2017-11-07 01:45:00;21.3;;;;;;
2017-11-07 02:00:00;21.2;;;;;;
2017-11-07 02:15:00;17.6;;;;;;
2017-11-07 02:30:00;17.6;;;;;;
2017-11-07 02:45:00;17.6;;;;;;
2017-11-07 03:00:00;17.5;;;;;;
2017-11-07 03:15:00;13.6;;;;;;
2017-11-07 03:30:00;13.6;;;;;;
2017-11-07 03:45:00;13.6;;;;;;
2017-11-07 04:00:00;13.7;;;;;;
2017-11-07 04:15:00;15.7;;;;;;
2017-11-07 04:30:00;15.7;;;;;;
2017-11-07 04:45:00;15.7;;;;;;
2017-11-07 05:00:00;15.6;;;;;;
2017-11-07 05:15:00;14.1;;;;;;
2017-11-07 05:30:00;14.1;;;;;;
2017-11-07 05:45:00;14.1;;;;;;
2017-11-07 06:00:00;14.1;;;;;;
2017-11-07 06:15:00;16.4;;;;;;
2017-11-07 06:30:00;16.4;;;;;;
2017-11-07 06:45:00;16.4;;;;;;
2017-11-07 07:00:00;16.3;;;;;;
2017-11-07 07:15:00;15.0;;;;;;
2017-11-07 07:30:00;15.0;;;;;;
2017-11-07 07:45:00;15.0;;;;;;
2017-11-07 08:00:00;15.1;;;;;;
2017-11-07 08:15:00;18.0;;;;;;
2017-11-07 08:30:00;18.0;;;;;;
2017-11-07 08:45:00;18.0;;;;;;
2017-11-07 09:00:00;18.2;;60.5;91.4;;54.1;70.4
2017-11-07 09:15:00;23.1;;44.3;64.6;;40.0;50.9
2017-11-07 09:30:00;23.1;;19.65;26.85;;18.25;22.4
2017-11-07 09:45:00;23.1;;14.266666666666698;15.3;;13.033333333333301;13.15
2017-11-07 10:00:00;23.1;;13.7;16.033333333333303;;12.6;13.666666666666698
2017-11-07 10:15:00;23.0;;14.0;18.25;;13.1;15.15
2017-11-07 10:30:00;23.0;;19.9;23.15;;18.5;19.25
2017-11-07 10:45:00;23.0;;17.75;29.2;;16.35;24.2
2017-11-07 11:00:00;23.0;;18.7;30.1;;17.25;25.05
2017-11-07 11:15:00;21.8;;18.95;25.75;;17.4;21.95
2017-11-07 11:30:00;21.8;;24.6333333333333;23.4;;22.6;20.0
2017-11-07 11:45:00;21.8;;26.8;26.6;;24.75;22.1666666666667
2017-11-07 12:00:00;21.8;;28.15;35.45;;26.05;29.1
2017-11-07 12:15:00;21.0;;24.6;36.75;;23.0;30.75
2017-11-07 12:30:00;21.0;;25.0;38.3;;23.15;32.0
2017-11-07 12:45:00;21.0;;35.6;36.9;;32.85;30.95
2017-11-07 13:00:00;20.9;;34.5;35.0;;31.8;29.45
2017-11-07 13:15:00;18.1;;24.3666666666667;29.2;;22.6333333333333;24.7
2017-11-07 13:30:00;18.1;;23.2;30.3666666666667;;21.5;25.466666666666693
2017-11-07 13:45:00;18.1;;27.2;32.8;;25.05;27.75
2017-11-07 14:00:00;18.1;;25.55;29.5;;23.65;24.75
2017-11-07 14:15:00;17.4;;25.85;28.0;;24.0;23.15
2017-11-07 14:30:00;17.4;;23.5;28.8;;21.95;23.55
2017-11-07 14:45:00;17.4;;20.2;32.8;;19.05;26.6
2017-11-07 15:00:00;17.3;;22.466666666666693;30.25;;21.3;25.25
2017-11-07 15:15:00;13.2;;23.35;26.0;;21.95;22.266666666666694
2017-11-07 15:30:00;13.2;;22.0;24.3;;20.45;20.6
2017-11-07 15:45:00;13.2;;21.75;30.2;;20.1;25.7
2017-11-07 16:00:00;13.2;;21.45;24.95;;19.85;21.4
2017-11-07 16:15:00;15.2;;18.55;23.15;;17.25;19.4
2017-11-07 16:30:00;15.2;;21.4;24.5;;19.95;20.65
2017-11-07 16:45:00;15.2;;25.466666666666693;25.4;;23.5666666666667;21.45
2017-11-07 17:00:00;15.2;;23.65;25.6666666666667;;21.85;21.266666666666698
2017-11-07 17:15:00;14.9;;25.3;23.15;;23.4;19.25
2017-11-07 17:30:00;14.9;;23.05;27.75;;21.55;23.4
2017-11-07 17:45:00;14.9;;23.5;30.2;;21.7;25.5
2017-11-07 18:00:00;15.1;;22.8;31.05;;21.2;25.8
2017-11-07 18:15:00;21.4;;19.4;33.4;;18.2;27.7
2017-11-07 18:30:00;21.4;;21.3666666666667;31.45;;19.6666666666667;26.35
2017-11-07 18:45:00;21.4;;21.3;31.3;;19.7;26.3666666666667
2017-11-07 19:00:00;21.4;;22.95;31.25;;21.25;26.45
2017-11-07 19:15:00;22.6;;21.2;30.45;;19.8;25.5
2017-11-07 19:30:00;22.6;;20.35;30.8;;18.75;25.5
2017-11-07 19:45:00;22.6;;21.85;27.35;;20.15;22.5
2017-11-07 20:00:00;22.8;;23.05;30.85;;21.55;25.8
2017-11-07 20:15:00;27.0;;19.6;28.8;;18.466666666666697;24.45
2017-11-07 20:30:00;27.0;;24.6;26.6666666666667;;22.8;22.1
2017-11-07 20:45:00;27.0;;20.6;21.8;;19.15;18.2
2017-11-07 21:00:00;26.8;;26.1;23.55;;24.25;19.7
2017-11-07 21:15:00;22.9;;21.3;31.75;;20.0;26.9
2017-11-07 21:30:00;22.9;;20.6;29.7;;19.35;25.25
2017-11-07 21:45:00;22.9;;23.75;30.3;;22.25;25.55
2017-11-07 22:00:00;23.0;;22.266666666666694;32.65;;20.8333333333333;27.9
2017-11-07 22:15:00;25.6;;26.8;31.4333333333333;;25.05;26.266666666666694
2017-11-07 22:30:00;25.6;;24.85;31.05;;23.3;25.95
2017-11-07 22:45:00;25.6;;21.4;31.75;;20.1;26.6
2017-11-07 23:00:00;25.5;;25.15;33.2;;23.45;27.75
2017-11-07 23:15:00;22.7;;26.25;31.25;;24.55;26.3
2017-11-07 23:30:00;22.7;;22.7;32.25;;21.35;27.15
2017-11-07 23:45:00;22.7;;23.466666666666693;28.25;;22.0666666666667;24.25
2017-11-08 00:00:00;22.6;;23.5;25.766666666666694;;22.1;22.0
2017-11-08 00:15:00;20.4;;22.55;30.65;;20.9;25.6
2017-11-08 00:30:00;20.4;;25.95;28.45;;24.1;24.0
2017-11-08 00:45:00;20.4;;21.75;28.7;;20.35;24.5
2017-11-08 01:00:00;20.5;;21.05;25.95;;19.65;22.05
2017-11-08 01:15:00;22.3;;26.0;30.0;;24.0;25.6
2017-11-08 01:30:00;22.3;;24.3;35.7;;22.5;30.2
2017-11-08 01:45:00;22.3;;25.15;30.533333333333307;;23.65;25.5666666666667
2017-11-08 02:00:00;22.3;;29.7;28.05;;27.6;23.5
2017-11-08 02:15:00;20.4;;26.4;29.6;;24.4;24.7
2017-11-08 02:30:00;20.4;;26.35;29.0;;24.55;24.3
2017-11-08 02:45:00;20.4;;23.05;27.8;;21.65;23.75
2017-11-08 03:00:00;20.4;;19.1;30.45;;18.0;26.15
2017-11-08 03:15:00;19.5;;26.3666666666667;34.2;;24.5666666666667;28.85
2017-11-08 03:30:00;19.5;;29.15;32.6;;27.0;27.7
2017-11-08 03:45:00;19.5;;20.85;33.7;;19.7;28.3
2017-11-08 04:00:00;19.4;;22.55;32.5;;21.05;27.2
2017-11-08 04:15:00;16.5;;26.8;33.3;;24.75;28.05
2017-11-08 04:30:00;16.5;;28.3;31.05;;26.1;26.2
2017-11-08 04:45:00;16.5;;26.9;28.35;;24.8;24.3
2017-11-08 05:00:00;16.4;;21.1666666666667;31.95;;19.8333333333333;26.7
2017-11-08 05:15:00;15.3;;23.25;29.4333333333333;;21.95;24.6
2017-11-08 05:30:00;15.3;;24.75;26.7;;23.15;22.7
2017-11-08 05:45:00;15.3;;18.55;21.45;;17.4;18.65
2017-11-08 06:00:00;15.4;;12.35;23.0;;11.75;19.95
2017-11-08 06:15:00;19.0;;16.35;23.6;;15.5;20.0
2017-11-08 06:30:00;19.0;;18.65;22.35;;17.7;19.0
2017-11-08 06:45:00;19.0;;10.766666666666698;18.4;;10.1666666666667;15.8
2017-11-08 07:00:00;19.0;;14.55;21.466666666666697;;13.6;18.4
2017-11-08 07:15:00;18.5;;14.55;20.8;;13.7;18.05
2017-11-08 07:30:00;18.5;;15.5;19.1;;14.6;16.6
2017-11-08 07:45:00;18.5;;17.0;18.6;;16.0;16.35
2017-11-08 08:00:00;18.6;;12.2;17.65;;11.55;15.6
2017-11-08 08:15:00;21.9;;10.7;19.8;;10.15;17.05
2017-11-08 08:30:00;21.9;;13.833333333333302;21.15;;13.0;18.15
2017-11-08 08:45:00;21.9;;12.9;20.733333333333302;;12.05;17.966666666666697
2017-11-08 09:00:00;21.9;;14.95;25.0;;13.95;21.5
2017-11-08 09:15:00;22.8;;20.2;25.7;;18.8;21.65
2017-11-08 09:30:00;22.8;;23.65;28.3;;21.85;23.95
2017-11-08 09:45:00;22.8;;29.3;33.4;;27.3;28.8
2017-11-08 10:00:00;23.1;;36.3;41.05;;34.25;34.9
2017-11-08 10:15:00;33.2;;24.2;29.0;;22.766666666666694;25.05
2017-11-08 10:30:00;33.2;;16.75;22.033333333333307;;15.7;19.266666666666698
2017-11-08 10:45:00;33.2;;16.75;20.4;;15.8;18.05
2017-11-08 11:00:00;32.9;;16.75;17.75;;15.7;15.5
2017-11-08 11:15:00;25.0;;21.0;19.6;;19.55;16.85
2017-11-08 11:30:00;25.0;;22.7;19.1;;21.2;16.6
2017-11-08 11:45:00;25.0;;20.85;25.1;;19.5;21.5
2017-11-08 12:00:00;24.8;;21.0666666666667;24.6;;19.6666666666667;21.1
2017-11-08 12:15:00;21.5;;26.15;25.233333333333306;;24.15;21.466666666666697
2017-11-08 12:30:00;21.5;;24.35;24.05;;22.5;20.55
2017-11-08 12:45:00;21.5;;19.55;21.5;;18.05;18.75
2017-11-08 13:00:00;21.4;;21.15;21.85;;19.7;19.1
2017-11-08 13:15:00;17.6;;26.4;24.35;;24.5;21.0
2017-11-08 13:30:00;17.6;23.25;25.55;29.4;21.8;23.65;24.55
2017-11-08 13:45:00;17.6;22.25;18.5;30.1;20.7;17.3;25.3
2017-11-08 14:00:00;17.6;19.5;24.2;24.3;18.35;22.55;20.466666666666697
2017-11-08 14:15:00;16.9;18.1;21.0;25.4;17.0;19.55;21.45
2017-11-08 14:30:00;16.9;18.466666666666697;19.0;25.4;17.266666666666698;17.9;21.9
2017-11-08 14:45:00;16.9;14.65;19.65;31.05;13.7;18.45;26.6
2017-11-08 15:00:00;16.9;13.8;19.5;29.7;13.05;18.3;25.4
2017-11-08 15:15:00;15.9;15.85;23.65;26.35;15.05;21.9;22.45
2017-11-08 15:30:00;15.9;18.9;29.4333333333333;30.05;18.0;27.266666666666694;25.7
2017-11-08 15:45:00;15.9;22.15;31.05;29.6;20.85;29.1;25.8
2017-11-08 16:00:00;15.9;22.8;27.2;33.4;21.3;25.5;28.6
2017-11-08 16:15:00;16.2;22.233333333333306;24.85;33.9;20.8333333333333;23.2;28.6
2017-11-08 16:30:00;16.2;17.2;27.05;32.3;16.25;25.15;27.3
2017-11-08 16:45:00;16.2;17.0;28.85;34.5;15.85;26.95;29.25
2017-11-08 17:00:00;16.4;15.55;27.5;30.95;14.65;25.7;26.7
2017-11-08 17:15:00;22.5;12.5;23.966666666666693;26.65;11.9;22.3666666666667;23.4
2017-11-08 17:30:00;22.5;12.3;15.1;22.8666666666667;11.65;14.2;19.9333333333333
2017-11-08 17:45:00;22.5;9.7;12.3;18.3;9.15;11.65;15.8
2017-11-08 18:00:00;22.6;10.4333333333333;12.85;18.55;9.96666666666667;12.25;16.05
2017-11-08 18:15:00;24.6;9.6;13.45;17.2;9.1;12.9;15.25
2017-11-08 18:30:00;24.6;10.2;13.45;20.1;9.65;12.65;17.15
2017-11-08 18:45:00;24.6;7.1;11.4;21.6;6.85;10.9;18.4
2017-11-08 19:00:00;24.5;8.15;12.9;19.4;7.9;12.166666666666698;17.15
2017-11-08 19:15:00;21.9;9.0;16.45;16.8666666666667;8.7;15.6;15.0
2017-11-08 19:30:00;21.9;10.4;16.75;18.8;9.95;15.9;16.65
2017-11-08 19:45:00;21.9;12.3666666666667;18.15;22.65;11.766666666666698;17.15;19.95
2017-11-08 20:00:00;22.2;11.1;15.5;21.2;10.45;14.45;18.4
2017-11-08 20:15:00;31.2;11.6;12.75;21.4;10.9;11.95;18.0
2017-11-08 20:30:00;31.2;15.55;14.3;22.65;14.75;13.4;19.3
2017-11-08 20:45:00;31.2;17.9;19.3333333333333;25.8;16.8;18.1333333333333;21.95
2017-11-08 21:00:00;30.8;19.3;26.55;32.3333333333333;18.25;24.75;27.9333333333333
2017-11-08 21:15:00;17.3;23.4;24.45;34.3;21.9;22.95;28.95
2017-11-08 21:30:00;17.3;20.6666666666667;24.9;28.6;19.3;23.3;24.55
2017-11-08 21:45:00;17.3;22.75;25.7;30.3;21.35;23.85;26.05
2017-11-08 22:00:00;17.6;21.2;25.05;28.3;19.95;23.5;24.3
2017-11-08 22:15:00;24.6;21.75;25.95;34.5;20.55;24.65;29.3
2017-11-08 22:30:00;24.6;22.7;21.1666666666667;37.35;21.25;19.9333333333333;31.95
2017-11-08 22:45:00;24.6;22.65;23.5;26.966666666666693;21.3;22.0;23.2
2017-11-08 23:00:00;24.6;20.1;24.35;27.5;18.95;22.9;24.1
2017-11-08 23:15:00;27.0;21.0666666666667;21.7;26.55;19.766666666666698;20.5;23.0
2017-11-08 23:30:00;27.0;20.3;29.45;32.05;19.25;27.45;27.1
2017-11-08 23:45:00;27.0;24.2;29.45;36.95;22.95;27.05;31.15
2017-11-09 00:00:00;27.1;22.1;29.55;43.0;20.75;27.35;36.85
2017-11-09 00:15:00;29.1;21.0;31.1666666666667;39.6;19.7;28.8666666666667;33.85
2017-11-09 00:30:00;29.1;22.15;30.1;35.2;20.7;27.95;30.0
2017-11-09 00:45:00;29.1;22.75;26.35;33.5;21.25;24.6;28.75
2017-11-09 01:00:00;29.1;16.4;27.2;40.75;15.466666666666699;25.45;34.3
2017-11-09 01:15:00;28.4;21.15;25.45;39.3;19.95;24.0;33.3
2017-11-09 01:30:00;28.4;24.3;23.35;37.2;22.8;21.95;32.2
2017-11-09 01:45:00;28.4;21.6;27.1;32.15;20.45;25.55;28.0
2017-11-09 02:00:00;28.5;21.95;24.5666666666667;29.5;20.75;22.9;25.8
2017-11-09 02:15:00;29.4;21.75;25.15;31.1333333333333;20.6;23.6;27.0
2017-11-09 02:30:00;29.4;17.4;24.35;32.8;16.4;22.9;28.35
2017-11-09 02:45:00;29.4;19.6;23.65;32.55;18.3666666666667;22.1;28.2
2017-11-09 03:00:00;29.4;21.05;23.65;28.6;19.85;21.9;24.55
2017-11-09 03:15:00;28.7;19.2;29.4;30.1;18.05;27.55;27.0
2017-11-09 03:30:00;28.7;18.4;28.15;30.7;17.3;26.45;27.2
2017-11-09 03:45:00;28.7;17.8;22.266666666666694;30.3;16.85;20.8666666666667;26.4
2017-11-09 04:00:00;28.6;19.9;24.6;30.1666666666667;18.9;23.2;26.266666666666694
2017-11-09 04:15:00;25.9;17.7;22.15;33.2;16.85;20.9;28.6
2017-11-09 04:30:00;25.9;16.533333333333303;24.45;29.9;15.566666666666698;22.9;26.45
2017-11-09 04:45:00;25.9;19.5;21.6;25.2;18.25;20.45;22.1
2017-11-09 05:00:00;26.0;19.3;21.45;25.25;18.2;20.0;21.8
2017-11-09 05:15:00;27.8;16.3;19.8;25.75;15.55;18.55;22.3
2017-11-09 05:30:00;27.8;14.7;20.5;26.45;14.0;19.266666666666698;22.85
2017-11-09 05:45:00;27.8;18.9;21.6;28.3;17.65;20.25;24.733333333333306
2017-11-09 06:00:00;27.7;26.7;23.5;27.05;24.8;21.9;23.65
2017-11-09 06:15:00;25.8;20.7;13.85;28.7;19.466666666666697;12.8;24.7
2017-11-09 06:30:00;25.8;18.2;19.0;28.4;16.95;17.55;24.25
2017-11-09 06:45:00;25.8;24.55;20.2;24.9;22.65;18.8;21.25
2017-11-09 07:00:00;25.6;27.5;24.2;24.7;25.45;22.25;21.45
2017-11-09 07:15:00;21.7;28.0;25.6333333333333;27.95;26.0;23.8333333333333;23.85
2017-11-09 07:30:00;21.7;31.6;27.35;30.7;29.3;25.05;25.4333333333333
2017-11-09 07:45:00;21.7;31.6;30.8;37.6;29.25;28.4;31.55
2017-11-09 08:00:00;21.9;29.8333333333333;29.7;38.2;27.533333333333307;27.4;32.55
2017-11-09 08:15:00;27.6;26.0;28.05;41.5;24.3;25.55;34.4
2017-11-09 08:30:00;27.6;30.45;28.05;49.45;28.65;26.0;41.25
2017-11-09 08:45:00;27.6;30.45;29.7;55.3;28.6;27.6;45.8
2017-11-09 09:00:00;27.9;32.8;36.7666666666667;48.25;30.75;33.9666666666667;40.7
2017-11-09 09:15:00;38.2;30.8;41.95;43.5333333333333;28.95;38.7;36.7666666666667
2017-11-09 09:30:00;38.2;45.95;50.8;66.7;43.35;47.15;55.75
2017-11-09 09:45:00;38.2;52.633333333333304;53.65;67.85;49.0;49.85;57.3
2017-11-09 10:00:00;38.2;50.5;60.4;62.55;46.95;55.9;52.5
2017-11-09 10:15:00;37.0;48.0;60.65;64.0;44.8;55.85;53.9
2017-11-09 10:30:00;37.0;51.85;57.75;60.2;48.1;53.55;50.6
2017-11-09 10:45:00;37.0;49.5;49.0666666666667;61.0;45.95;44.9666666666667;50.95
2017-11-09 11:00:00;36.7;34.95;38.65;49.2;32.85;35.6;40.8666666666667
2017-11-09 11:15:00;28.7;25.2;27.9;32.05;23.55;25.75;26.55
2017-11-09 11:30:00;28.7;16.3;18.0;26.2;15.266666666666698;16.6;22.0
2017-11-09 11:45:00;28.7;13.4;14.3;23.45;12.55;13.15;20.0
2017-11-09 12:00:00;28.1;12.1;15.8;17.85;11.5;14.5;15.2
2017-11-09 12:15:00;9.5;14.35;19.1;18.85;13.45;17.55;15.95
2017-11-09 12:30:00;9.5;18.4;15.3666666666667;21.0;17.15;14.6;17.65
2017-11-09 12:45:00;9.5;16.7;21.45;21.5666666666667;15.55;20.15;18.033333333333303
2017-11-09 13:00:00;9.7;15.15;21.7;23.6;14.1;20.45;20.0
2017-11-09 13:15:00;15.4;14.1333333333333;19.8;22.55;13.233333333333302;18.45;19.05
2017-11-09 13:30:00;15.4;14.95;16.9;19.35;14.2;15.7;16.6
2017-11-09 13:45:00;15.4;14.45;17.45;19.3;13.5;16.15;16.9
2017-11-09 14:00:00;15.3;16.15;24.2;29.5;15.2;22.35;25.2
2017-11-09 14:15:00;12.1;17.8;20.8666666666667;34.5;16.7;19.7;28.85
2017-11-09 14:30:00;12.1;15.6;25.3;25.9333333333333;14.7;23.6;21.733333333333306
2017-11-09 14:45:00;12.1;18.7;26.4;29.8;17.65;24.55;25.1
2017-11-09 15:00:00;12.1;22.466666666666693;26.0;31.45;21.0;24.2;26.55
2017-11-09 15:15:00;11.2;17.9;22.65;23.9;16.85;21.25;20.3
2017-11-09 15:30:00;11.2;14.85;19.55;21.9;14.1;18.25;18.4
2017-11-09 15:45:00;11.2;11.3;14.55;23.25;10.75;13.6;19.75
2017-11-09 16:00:00;11.2;10.5;11.8666666666667;21.05;9.95;11.1;18.15
2017-11-09 16:15:00;10.0;9.8;15.9;12.9;9.3;14.8;11.233333333333302
2017-11-09 16:30:00;10.0;7.75;16.6;10.8;7.45;15.5;9.5
2017-11-09 16:45:00;10.0;9.5;15.65;12.3;9.03333333333333;14.65;10.9
2017-11-09 17:00:00;10.0;15.45;19.95;29.8;14.95;18.95;26.45
2017-11-09 17:15:00;10.5;16.25;16.1;25.75;15.45;15.2;22.7
2017-11-09 17:30:00;10.5;14.45;16.45;19.9;13.7;15.55;17.4
2017-11-09 17:45:00;10.5;15.7;17.4;19.2;15.0;16.3666666666667;16.6
2017-11-09 18:00:00;10.5;13.1;20.05;16.766666666666698;12.45;18.8;14.433333333333302
2017-11-09 18:15:00;9.9;12.4;22.95;19.3;11.85;21.35;16.55
2017-11-09 18:30:00;9.9;16.1666666666667;20.1;22.75;15.166666666666698;18.9;19.6
2017-11-09 18:45:00;9.9;22.15;19.1;28.5;20.7;17.9;24.05
2017-11-09 19:00:00;10.1;19.0;18.4;26.75;17.8;17.15;22.15
2017-11-09 19:15:00;16.7;13.7;15.0;18.15;13.0;14.0;15.7
2017-11-09 19:30:00;16.7;10.7;14.533333333333301;19.05;10.1;13.6333333333333;16.6
2017-11-09 19:45:00;16.7;11.3;19.65;21.8;10.7;18.35;18.8
2017-11-09 20:00:00;16.6;11.3;17.7;20.0;10.75;16.65;17.05
2017-11-09 20:15:00;14.6;12.433333333333302;16.2;20.1;11.833333333333302;15.05;17.7
2017-11-09 20:30:00;14.6;11.7;13.7;22.45;11.1;12.8;19.3
2017-11-09 20:45:00;14.6;13.3;13.55;20.8;12.4;12.85;17.7
2017-11-09 21:00:00;14.6;12.0;18.15;23.2;11.35;16.95;19.8
2017-11-09 21:15:00;15.8;10.0;14.666666666666698;23.7;9.4;13.7;19.95
2017-11-09 21:30:00;15.8;11.4;12.5;21.233333333333302;10.8;11.75;17.966666666666697
2017-11-09 21:45:00;15.8;11.4;14.5;15.1;10.75;13.75;12.85
2017-11-09 22:00:00;15.6;11.566666666666698;14.4;15.3;10.833333333333302;13.6;13.1
2017-11-09 22:15:00;10.4;11.5;12.9;16.55;10.75;12.15;13.85
2017-11-09 22:30:00;10.4;11.8;13.75;19.7;11.15;13.0;16.5
2017-11-09 22:45:00;10.4;10.0;18.65;17.5;9.65;17.45;15.15
2017-11-09 23:00:00;10.6;9.9;21.3333333333333;20.9;9.5;19.6333333333333;18.1
2017-11-09 23:15:00;15.0;11.2;20.5;19.5;10.6;18.8;16.5666666666667
2017-11-09 23:30:00;15.0;11.1;25.55;14.9;10.5;23.1;12.65
2017-11-09 23:45:00;15.0;13.3;15.95;13.15;12.433333333333302;14.85;11.3
2017-11-10 00:00:00;15.0;14.85;12.35;16.4;13.8;11.6;14.15
2017-11-10 00:15:00;14.9;16.7;11.95;19.1;15.7;11.15;16.5
2017-11-10 00:30:00;14.9;14.15;10.45;17.75;13.25;9.8;15.0
2017-11-10 00:45:00;14.9;11.4;12.966666666666699;17.3;10.6;12.033333333333301;14.45
2017-11-10 01:00:00;14.8;12.2;19.9;15.833333333333302;11.35;18.5;13.533333333333301
2017-11-10 01:15:00;13.2;11.1;17.4;15.3;10.3;16.2;12.65
2017-11-10 01:30:00;13.2;13.233333333333302;14.4;16.5;12.4;13.35;14.1
2017-11-10 01:45:00;13.2;14.1;16.2;18.25;13.2;15.15;15.7
2017-11-10 02:00:00;13.1;15.15;18.55;18.7;14.3;17.25;16.0
2017-11-10 02:15:00;10.2;17.2;22.95;19.5;16.25;21.2;16.75
2017-11-10 02:30:00;10.2;18.0;22.0666666666667;25.95;16.9;20.533333333333303;22.05
2017-11-10 02:45:00;10.2;22.25;26.95;33.7666666666667;20.95;25.15;28.8333333333333
2017-11-10 03:00:00;10.2;25.4;32.05;34.1;23.9;30.05;29.1
2017-11-10 03:15:00;8.1;32.2333333333333;37.15;38.3;30.3;34.6;32.7
2017-11-10 03:30:00;8.1;37.25;46.9;44.25;35.3;43.35;37.45
2017-11-10 03:45:00;8.1;35.2;48.3;54.25;33.25;44.5;46.1
2017-11-10 04:00:00;8.2;39.9;44.0;50.75;37.4;41.05;43.2
2017-11-10 04:15:00;11.3;37.0;43.0333333333333;47.8;34.7;40.06666666666671;40.65
2017-11-10 04:30:00;11.3;35.5;39.6;46.4;33.35;36.7;39.2666666666667
2017-11-10 04:45:00;11.3;31.6;37.4;50.15;29.55;34.75;42.25
2017-11-10 05:00:00;11.3;32.7333333333333;36.45;40.95;30.3666666666667;33.8;34.5
2017-11-10 05:15:00;10.8;26.4;37.85;38.2;24.6;34.9;32.6
2017-11-10 05:30:00;10.8;27.0;37.7;38.6;25.4;34.75;32.8
2017-11-10 05:45:00;10.8;27.5;36.55;44.5;25.8;33.75;37.45
2017-11-10 06:00:00;10.8;29.85;38.8;39.85;28.0;35.93333333333329;33.6
2017-11-10 06:15:00;10.5;28.85;42.25;40.6666666666667;27.2;38.85;34.5666666666667
2017-11-10 06:30:00;10.5;37.95;39.75;46.8;35.8;37.0;39.3
2017-11-10 06:45:00;10.5;29.9;40.2;42.6;28.233333333333306;37.35;36.25
2017-11-10 07:00:00;10.4;31.45;39.6;41.1;29.5;36.85;34.8
2017-11-10 07:15:00;8.9;39.05;38.25;50.95;36.45;35.7;42.6
2017-11-10 07:30:00;8.9;38.8;37.85;55.3;36.15;35.25;45.85
2017-11-10 07:45:00;8.9;36.4;46.7666666666667;51.2;34.0;43.1666666666667;42.95
2017-11-10 08:00:00;9.1;34.7;48.0;56.3333333333333;32.3;44.2;47.0333333333333
2017-11-10 08:15:00;14.9;41.2;55.9;62.25;38.2;51.65;51.9
2017-11-10 08:30:00;14.9;44.3;60.7;63.9;41.2;56.05;53.35
2017-11-10 08:45:00;14.9;37.85;57.55;54.85;35.3;53.3;45.75
2017-11-10 09:00:00;15.0;34.1;54.1;51.4;31.55;50.1;43.5
2017-11-10 09:15:00;16.5;33.3;43.75;50.35;31.05;40.45;42.0
2017-11-10 09:30:00;16.5;30.75;32.8;42.9;28.8;30.5666666666667;36.0
2017-11-10 09:45:00;16.5;22.65;30.0;29.9;21.2;27.9;25.6666666666667
2017-11-10 10:00:00;16.3;19.3;24.85;27.0;18.15;23.25;23.2
2017-11-10 10:15:00;9.1;16.9333333333333;18.65;23.55;16.0666666666667;17.35;19.9
2017-11-10 10:30:00;9.1;14.75;16.75;17.95;13.95;15.5;15.75
2017-11-10 10:45:00;9.1;9.2;11.9;13.7;8.8;11.15;11.9
2017-11-10 11:00:00;9.0;6.9;9.85;14.3;6.6;9.3;12.45
2017-11-10 11:15:00;6.3;8.5;12.8;14.25;8.2;12.1;12.45
2017-11-10 11:30:00;6.3;13.45;21.7;25.1;12.85;20.35;21.8
2017-11-10 11:45:00;6.3;16.1;26.65;36.65;15.2;24.85;31.55
2017-11-10 12:00:00;6.4;20.7;29.65;39.55;19.533333333333303;27.5;34.1
2017-11-10 12:15:00;9.0;28.95;34.55;52.05;27.4;32.5;44.25
2017-11-10 12:30:00;9.0;28.1;31.45;39.6;26.6;29.75;34.4
2017-11-10 12:45:00;9.0;26.7;26.95;34.55;25.05;25.4;30.45
2017-11-10 13:00:00;9.1;34.65;39.1333333333333;46.45;32.4;36.7;40.65
2017-11-10 13:15:00;11.2;41.5;45.25;55.2;38.7;42.25;47.2666666666667
2017-11-10 13:30:00;11.2;34.8;43.05;51.4;32.6;40.15;43.7
2017-11-10 13:45:00;11.2;27.5;35.35;43.1;25.8333333333333;32.9;36.65
2017-11-10 14:00:00;11.2;28.95;30.9;41.75;27.3;28.85;35.45
2017-11-10 14:15:00;11.6;29.55;26.8;51.8;27.7;24.9;43.6
2017-11-10 14:30:00;11.6;27.5;31.35;48.25;25.95;29.25;40.75
2017-11-10 14:45:00;11.6;33.2;39.6;47.85;31.2;36.966666666666704;40.45
2017-11-10 15:00:00;11.7;31.05;40.3;53.9333333333333;29.0;37.5;45.6
2017-11-10 15:15:00;12.1;34.1;38.8;50.4;31.9;36.15;43.0
2017-11-10 15:30:00;12.1;31.9;40.15;49.35;30.0666666666667;37.35;42.15
2017-11-10 15:45:00;12.1;31.1;40.45;52.3;29.3;37.6;44.4
2017-11-10 16:00:00;12.1;33.1;38.9;53.0;31.15;36.2;45.3
2017-11-10 16:15:00;13.7;30.9;46.2;58.95;29.1;42.8;49.7
2017-11-10 16:30:00;13.7;38.45;52.133333333333304;54.45;36.25;48.6;45.95
2017-11-10 16:45:00;13.7;40.5;57.4;55.366666666666696;38.15;53.4;47.5666666666667
2017-11-10 17:00:00;13.8;40.7;54.05;59.65;38.25;50.25;50.4
2017-11-10 17:15:00;18.0;44.0666666666667;52.55;60.4;41.2333333333333;48.75;51.2
2017-11-10 17:30:00;18.0;38.25;58.35;61.1;36.15;54.1;51.6
2017-11-10 17:45:00;18.0;49.8;59.7;56.55;46.75;55.4;48.4
2017-11-10 18:00:00;18.1;42.85;51.7;65.6;40.25;47.8;55.1
2017-11-10 18:15:00;20.3;37.45;51.8333333333333;68.9;35.4;47.9666666666667;57.95
2017-11-10 18:30:00;20.3;45.35;56.7;56.133333333333304;42.35;52.4;47.4333333333333
2017-11-10 18:45:00;20.3;48.1;56.7;59.5;44.95;52.5;50.3
2017-11-10 19:00:00;20.4;47.6;59.7;62.65;44.6;55.6;53.85
2017-11-10 19:15:00;22.8;49.75;65.2;71.45;46.8;60.65;61.2
2017-11-10 19:30:00;22.8;55.1;71.3;70.3;51.95;66.55;60.2
2017-11-10 19:45:00;22.8;56.1;67.85;74.3;52.55;63.25;63.1
2017-11-10 20:00:00;22.9;52.25;66.7;75.1;48.9;61.6666666666667;63.45
2017-11-10 20:15:00;25.7;56.3;71.3;81.7333333333333;52.4;65.95;68.5333333333333
2017-11-10 20:30:00;25.7;64.0;65.45;77.35;59.35;60.55;65.65
2017-11-10 20:45:00;25.7;56.2666666666667;66.05;73.6;52.7333333333333;61.0;62.15
2017-11-10 21:00:00;25.7;49.0;62.7;69.8;46.2;57.9;58.55
2017-11-10 21:15:00;24.3;47.4;64.8;68.25;44.5;59.8;57.5
2017-11-10 21:30:00;24.3;53.1;68.15;76.65;49.45;62.9;64.45
2017-11-10 21:45:00;24.3;52.25;61.7;68.7;48.7;57.0666666666667;58.3
2017-11-10 22:00:00;24.2;51.8;69.8;77.7333333333333;48.25;64.65;65.3333333333333
2017-11-10 22:15:00;20.3;62.6;66.85;83.85;58.15;62.15;70.3
2017-11-10 22:30:00;20.3;56.0666666666667;60.7;70.75;52.2666666666667;56.05;60.05
2017-11-10 22:45:00;20.3;56.5;64.4;69.5;52.95;59.4;58.25
2017-11-10 23:00:00;20.3;48.2;69.4;76.45;45.2;64.2;63.75
2017-11-10 23:15:00;17.6;48.3;76.8;72.85;45.55;70.7;61.9
2017-11-10 23:30:00;17.6;48.6;66.7;71.55;45.7;61.633333333333304;59.95
2017-11-10 23:45:00;17.6;51.75;63.85;68.6666666666667;48.2;59.0;57.9333333333333
2017-11-11 00:00:00;17.6;52.95;71.25;75.95;49.4;66.05;63.9
2017-11-11 00:15:00;19.0;56.1666666666667;78.05;84.15;52.5666666666667;71.85;70.65
2017-11-11 00:30:00;19.0;59.15;72.0;80.75;55.1;66.4;68.15
2017-11-11 00:45:00;19.0;57.4;73.35;79.75;53.35;67.7;67.3
2017-11-11 01:00:00;18.8;57.3;71.85;77.45;53.55;66.05;65.45
2017-11-11 01:15:00;14.9;63.0;81.4666666666667;78.7;58.85;75.2333333333333;66.45
2017-11-11 01:30:00;14.9;70.1;85.3;95.9;65.25;79.35;79.6
2017-11-11 01:45:00;14.9;71.4;90.0;97.5;66.25;84.2;82.5
2017-11-11 02:00:00;15.1;73.3666666666667;96.05;99.8;68.5333333333333;89.1;83.5
2017-11-11 02:15:00;20.8;73.6;90.55;97.55;68.7;83.5;81.75
2017-11-11 02:30:00;20.8;73.5;79.0;97.1;68.35;73.05;81.95
2017-11-11 02:45:00;20.8;78.8;87.1;;73.45;80.75;
2017-11-11 03:00:00;20.5;78.8;95.3333333333333;;73.75;88.5333333333333;
2017-11-11 03:15:00;14.3;81.75;94.55;96.7333333333333;76.5;87.8;81.2
2017-11-11 03:30:00;14.3;78.9;83.0;98.3;73.75;76.8;82.5
2017-11-11 03:45:00;14.3;61.5;64.0;87.0;57.866666666666696;59.4;73.1
2017-11-11 04:00:00;14.1;48.6;46.9;70.6;45.7;43.8;60.25
2017-11-11 04:15:00;9.8;42.1;42.65;58.35;39.6;39.6;49.9
2017-11-11 04:30:00;9.8;23.5;31.05;35.35;21.95;29.0;30.15
2017-11-11 04:45:00;9.8;15.3;21.6333333333333;19.8;14.4;20.1;17.2
2017-11-11 05:00:00;9.7;14.25;15.05;19.6666666666667;13.5;13.9;16.8333333333333
2017-11-11 05:15:00;5.1;8.6;12.5;13.45;8.1;11.75;11.45
2017-11-11 05:30:00;5.1;10.6333333333333;13.0;11.0;10.0;12.15;9.45
2017-11-11 05:45:00;5.1;8.8;10.3;11.6;8.3;9.7;9.95
2017-11-11 06:00:00;5.1;9.3;9.05;10.3;8.8;8.55;8.9
2017-11-11 06:15:00;4.7;7.15;9.45;8.5;6.95;9.0;7.45
2017-11-11 06:30:00;4.7;4.6;7.4;9.35;4.4;7.0;8.2
2017-11-11 06:45:00;4.7;4.3;9.3;10.4666666666667;4.15;8.85;9.16666666666667
2017-11-11 07:00:00;4.8;5.3;8.2;12.2;5.1;7.95;10.65
2017-11-11 07:15:00;6.3;5.73333333333333;9.75;10.3;5.56666666666667;9.35;9.2
2017-11-11 07:30:00;6.3;6.55;14.15;10.5;6.4;13.5;9.4
2017-11-11 07:45:00;6.3;11.6;12.45;14.75;11.25;11.95;13.1
2017-11-11 08:00:00;6.3;12.3;16.6;16.7;11.75;15.65;14.9
2017-11-11 08:15:00;6.2;10.8;11.233333333333302;16.8;10.35;10.5;14.3
2017-11-11 08:30:00;6.2;10.8;13.6;15.933333333333302;10.35;12.85;13.8666666666667
2017-11-11 08:45:00;6.2;10.7;20.35;21.85;10.25;19.25;18.85
2017-11-11 09:00:00;6.1;10.5666666666667;17.85;24.0;10.1;16.9;20.45
2017-11-11 09:15:00;4.0;8.6;11.35;18.1;8.2;10.85;15.3
2017-11-11 09:30:00;4.0;6.6;7.1;12.15;6.25;6.85;10.35
2017-11-11 09:45:00;4.0;4.6;6.4;6.3;4.3;6.0;5.5
2017-11-11 10:00:00;4.0;1.8;6.13333333333333;4.45;1.75;5.8;4.05
2017-11-11 10:15:00;2.6;2.4;4.75;3.06666666666667;2.35;4.35;2.7666666666666697
2017-11-11 10:30:00;2.6;2.3;2.45;2.0;2.2;2.3;1.8
2017-11-11 10:45:00;2.6;1.13333333333333;1.75;1.4;1.13333333333333;1.75;1.4
2017-11-11 11:00:00;2.6;1.5;4.1;4.65;1.5;3.85;4.15
2017-11-11 11:15:00;1.9;2.9;5.45;7.9;2.75;5.05;6.8
2017-11-11 11:30:00;1.9;3.2;3.0;5.9;3.05;2.9;5.2
2017-11-11 11:45:00;1.9;3.0;3.3;4.45;2.8;3.13333333333333;3.9
2017-11-11 12:00:00;1.9;3.1;4.5;3.7333333333333294;2.95;4.15;3.2666666666666697
2017-11-11 12:15:00;2.1;3.1;2.7;3.1;2.95;2.6;2.7
2017-11-11 12:30:00;2.1;1.8666666666666696;1.6;3.3;1.8666666666666696;1.55;2.85
2017-11-11 12:45:00;2.1;3.0;1.75;5.0;3.0;1.7;4.3
2017-11-11 13:00:00;2.1;2.3;2.7;3.7;2.3;2.55;3.3
2017-11-11 13:15:00;0.7;2.5;2.0;3.6;2.4;2.0;3.3
2017-11-11 13:30:00;0.7;3.0;3.2666666666666697;4.15;2.85;3.13333333333333;3.7
2017-11-11 13:45:00;0.7;2.8;4.4;4.73333333333333;2.7;4.3;4.3
2017-11-11 14:00:00;0.7;2.6;4.2;4.15;2.5;4.15;3.85
2017-11-11 14:15:00;1.7;3.13333333333333;6.0;7.8;3.0;5.7;6.85
2017-11-11 14:30:00;1.7;7.35;8.2;10.3;7.05;7.7;9.25
2017-11-11 14:45:00;1.7;7.55;6.15;12.2;7.25;6.0;10.6
2017-11-11 15:00:00;1.8;9.9;11.65;16.0;9.4;11.25;13.75
2017-11-11 15:15:00;4.6;9.6;12.966666666666699;19.0;9.15;12.433333333333302;16.55
2017-11-11 15:30:00;4.6;8.1;10.4;18.6666666666667;7.75;9.85;15.966666666666699
2017-11-11 15:45:00;4.6;7.05;6.95;14.05;6.8;6.55;12.25
2017-11-11 16:00:00;4.6;6.466666666666669;9.05;11.7;6.1;8.35;10.2
2017-11-11 16:15:00;5.2;9.5;9.85;12.9;8.95;9.25;11.2
2017-11-11 16:30:00;5.2;7.9;9.85;15.5;7.45;9.35;13.45
2017-11-11 16:45:00;5.2;7.2;12.05;20.6;6.95;11.55;18.1
2017-11-11 17:00:00;5.2;10.0;18.033333333333303;18.5;9.6;17.033333333333303;16.45
2017-11-11 17:15:00;5.5;16.2;23.6;24.1666666666667;15.35;22.2;21.4333333333333
2017-11-11 17:30:00;5.5;21.1;22.65;36.05;19.95;21.35;31.4
2017-11-11 17:45:00;5.5;21.4333333333333;25.55;36.55;20.233333333333302;23.85;31.35
2017-11-11 18:00:00;5.6;20.4;30.65;31.35;19.3;28.5;26.95
2017-11-11 18:15:00;8.0;26.6;30.25;38.75;25.2;28.25;33.0
2017-11-11 18:30:00;8.0;23.85;30.95;40.05;22.5;28.85;33.75
2017-11-11 18:45:00;8.0;20.4;33.633333333333304;37.9;19.35;31.3;32.3
2017-11-11 19:00:00;8.0;21.9;32.45;35.0;20.75;30.1;30.0666666666667
2017-11-11 19:15:00;8.5;17.15;15.5;23.2;16.25;14.45;20.3
2017-11-11 19:30:00;8.5;7.3;4.1;11.85;7.0;3.95;10.45
2017-11-11 19:45:00;8.5;3.6;4.65;6.3;3.45;4.4;5.7
2017-11-11 20:00:00;8.5;4.7;6.25;6.7;4.55;5.9;5.95
2017-11-11 20:15:00;7.7;6.4;11.1;11.5;6.0;10.6;9.95
2017-11-11 20:30:00;7.7;4.2;10.6666666666667;8.55;3.95;10.0666666666667;7.45
2017-11-11 20:45:00;7.7;5.0;6.05;6.36666666666667;4.7;5.7;5.6
2017-11-11 21:00:00;7.7;5.0;4.65;5.1;4.65;4.4;4.5
2017-11-11 21:15:00;9.7;3.06666666666667;4.65;6.7;2.8333333333333304;4.4;5.7
2017-11-11 21:30:00;9.7;2.5;5.6;7.3;2.35;5.1;6.1
2017-11-11 21:45:00;9.7;2.5;3.4;6.1;2.4;3.2;5.2
2017-11-11 22:00:00;9.7;2.5;2.85;5.2;2.45;2.75;4.45
2017-11-11 22:15:00;11.3;4.0;6.1;5.3;3.75;5.63333333333333;4.5
2017-11-11 22:30:00;11.3;3.8;3.1;5.9;3.55;2.9;4.93333333333333
2017-11-11 22:45:00;11.3;4.0;2.4;6.8;3.7;2.4;5.75
2017-11-11 23:00:00;11.2;3.2;2.7;6.2;3.0;2.5;5.35
2017-11-11 23:15:00;7.3;2.2;3.4;5.15;2.1;3.1;4.4
2017-11-11 23:30:00;7.3;3.4;6.4;7.55;3.25;5.9;6.45
2017-11-11 23:45:00;7.3;4.8;5.85;8.15;4.5;5.35;7.05
2017-11-12 00:00:00;7.3;3.5;4.36666666666667;4.75;3.3;3.96666666666667;4.05
2017-11-12 00:15:00;5.6;2.5;2.3;4.5333333333333306;2.4;2.1;3.7333333333333294
2017-11-12 00:30:00;5.6;3.2;4.1;2.5;3.0;3.9;2.3
2017-11-12 00:45:00;5.6;2.06666666666667;3.7;4.35;2.0;3.45;3.8
2017-11-12 01:00:00;5.5;2.1;3.15;3.3;1.95;2.85;2.85
2017-11-12 01:15:00;3.4;3.6;3.4;5.05;3.3;3.1;4.2
2017-11-12 01:30:00;3.4;3.9;2.95;6.4;3.55;2.8;5.3
2017-11-12 01:45:00;3.4;4.3;2.7666666666666697;5.7;4.05;2.6666666666666696;4.65
2017-11-12 02:00:00;3.4;3.4;3.0;4.1;3.15;2.75;3.36666666666667
2017-11-12 02:15:00;2.4;2.0;3.15;2.2;1.9;2.95;2.0
2017-11-12 02:30:00;2.4;2.0;2.75;3.0;1.9;2.65;2.6
2017-11-12 02:45:00;2.4;4.1;3.8;3.6;3.75;3.55;3.15
2017-11-12 03:00:00;2.4;4.3;3.8;2.6;4.0;3.55;2.35
2017-11-12 03:15:00;2.2;2.0;2.55;3.8;1.9;2.35;3.35
2017-11-12 03:30:00;2.2;2.3;2.1666666666666696;4.15;2.15;2.03333333333333;3.6
2017-11-12 03:45:00;2.2;2.5;1.35;2.6666666666666696;2.35;1.3;2.2666666666666697
2017-11-12 04:00:00;2.2;1.9;0.8;3.2;1.8;0.8;2.75
2017-11-12 04:15:00;3.1;1.6666666666666698;1.6;1.6;1.5666666666666698;1.5;1.5
2017-11-12 04:30:00;3.1;1.2;1.75;0.6;1.2;1.7;0.6
2017-11-12 04:45:00;3.1;1.5;2.3;1.4;1.4;2.2;1.25
2017-11-12 05:00:00;3.1;1.0;2.6;1.4;0.95;2.5;1.25
2017-11-12 05:15:00;2.9;1.2;1.6;0.9;1.2;1.5;0.85
2017-11-12 05:30:00;2.9;3.4;4.2;3.1666666666666696;3.15;4.0;2.8
2017-11-12 05:45:00;2.9;5.0;8.1;8.3;4.65;7.6;7.05
2017-11-12 06:00:00;2.9;6.33333333333333;9.45;8.15;5.9;8.85;6.95
2017-11-12 06:15:00;3.4;5.7;8.6;10.85;5.4;7.95;9.1
2017-11-12 06:30:00;3.4;9.8;12.1;18.15;9.1;11.3;15.25
2017-11-12 06:45:00;3.4;5.45;8.35;11.1;5.1;7.75;9.55
2017-11-12 07:00:00;3.3;3.6;8.6;7.35;3.4;7.93333333333333;6.05
2017-11-12 07:15:00;2.9;8.45;17.15;13.733333333333302;7.8;15.45;11.233333333333302
2017-11-12 07:30:00;2.9;10.8;10.0;8.75;10.0;9.2;7.4
2017-11-12 07:45:00;2.9;2.2;2.55;1.9;2.13333333333333;2.35;1.7
2017-11-12 08:00:00;2.9;0.9;1.9;1.6;0.9;1.75;1.3
2017-11-12 08:15:00;3.5;1.0;2.05;2.2;1.0;1.9;1.85
2017-11-12 08:30:00;3.5;2.3;1.35;3.6;2.2;1.3;2.95
2017-11-12 08:45:00;3.5;3.3;3.8333333333333295;4.2;3.1;3.6666666666666696;3.7
2017-11-12 09:00:00;3.5;2.1;4.2;3.1666666666666696;2.0;4.0;2.86666666666667
2017-11-12 09:15:00;2.9;2.6;5.85;6.0;2.45;5.5;5.15
2017-11-12 09:30:00;2.9;6.1;7.55;11.2;5.73333333333333;7.2;9.5
2017-11-12 09:45:00;2.9;8.9;8.75;16.75;8.35;8.4;13.95
2017-11-12 10:00:00;3.0;10.7;10.0;17.45;10.0;9.45;14.25
2017-11-12 10:15:00;6.0;6.6;8.45;9.85;6.25;8.1;8.25
2017-11-12 10:30:00;6.0;8.15;11.066666666666698;9.7;7.7;10.4;8.35
2017-11-12 10:45:00;6.0;13.85;21.7;19.6666666666667;13.05;20.3;16.533333333333303
2017-11-12 11:00:00;6.0;18.4;30.1;31.5;17.05;28.0;26.35
2017-11-12 11:15:00;5.9;18.533333333333303;24.6;22.15;17.233333333333302;22.85;18.6
2017-11-12 11:30:00;5.9;13.5;19.8;22.05;12.65;18.35;18.25
2017-11-12 11:45:00;5.9;12.8;16.35;17.85;12.05;15.3;14.85
2017-11-12 12:00:00;5.9;15.1;15.35;16.8;14.2;14.5;14.1
2017-11-12 12:15:00;4.3;19.0;21.3333333333333;22.15;17.9;19.8666666666667;18.55
2017-11-12 12:30:00;4.3;19.6;22.7;27.6666666666667;18.35;21.05;22.966666666666693
2017-11-12 12:45:00;4.3;16.8;22.7;27.55;15.75;21.05;22.9
2017-11-12 13:00:00;4.3;23.1;27.5;32.3;21.6666666666667;25.55;26.9
2017-11-12 13:15:00;4.6;21.0;31.1;29.1;19.7;28.8;24.3
2017-11-12 13:30:00;4.6;21.5;19.8;29.2;19.9;18.45;24.45
2017-11-12 13:45:00;4.6;19.3;25.0;25.0;18.15;23.05;21.25
2017-11-12 14:00:00;4.7;14.55;27.6666666666667;25.0;13.7;25.6;20.95
2017-11-12 14:15:00;8.8;17.7;23.1;27.8;16.65;21.2;23.4333333333333
2017-11-12 14:30:00;8.8;18.9;23.35;26.75;17.7;21.35;22.1
2017-11-12 14:45:00;8.8;18.2;24.15;23.15;16.966666666666697;22.2;19.25
2017-11-12 15:00:00;8.9;17.5;21.95;24.5;16.25;20.4;20.5
2017-11-12 15:15:00;11.0;17.9;20.35;26.25;16.7;19.05;21.75
2017-11-12 15:30:00;11.0;19.0;22.4;27.15;17.75;20.9;21.95
2017-11-12 15:45:00;11.0;22.35;26.1333333333333;26.85;20.75;24.033333333333307;22.25
2017-11-12 16:00:00;10.9;18.9;21.3;33.6;17.6;19.65;27.966666666666693
2017-11-12 16:15:00;9.1;24.7;26.25;25.3;22.9;24.2;21.3
2017-11-12 16:30:00;9.1;18.8;29.0;24.5;17.466666666666697;26.6;20.15
2017-11-12 16:45:00;9.1;22.95;24.85;22.75;21.5;22.95;18.95
2017-11-12 17:00:00;9.1;26.6;25.0;28.7;24.9;23.2;23.7
2017-11-12 17:15:00;10.3;21.25;24.75;25.1;19.9;23.05;20.6
2017-11-12 17:30:00;10.3;18.9;20.0666666666667;25.95;17.65;18.733333333333302;21.45
2017-11-12 17:45:00;10.3;18.7;21.85;30.3666666666667;17.4;20.35;25.1333333333333
2017-11-12 18:00:00;10.3;21.2;19.65;28.0;19.6;18.2;23.15
2017-11-12 18:15:00;8.5;22.1666666666667;19.95;26.25;20.533333333333303;18.5;22.25
2017-11-12 18:30:00;8.5;21.25;25.55;27.15;19.7;23.65;22.7
2017-11-12 18:45:00;8.5;13.5;22.25;27.45;12.6;20.55;23.0
2017-11-12 19:00:00;8.6;19.3;19.65;19.8;17.8;17.85;16.6
2017-11-12 19:15:00;14.5;18.6;20.8666666666667;21.55;17.45;19.266666666666698;17.8
2017-11-12 19:30:00;14.5;18.0;26.25;26.4;16.9;24.1;22.033333333333307
2017-11-12 19:45:00;14.5;20.7;23.4;25.5;19.35;21.25;20.95
2017-11-12 20:00:00;14.4;22.966666666666693;22.1;29.6;21.4;20.25;24.45
2017-11-12 20:15:00;11.6;26.3;15.5;26.15;24.4;14.5;22.0
2017-11-12 20:30:00;11.6;22.25;21.3;24.6;20.8;19.7;20.85
2017-11-12 20:45:00;11.6;24.1;27.1;23.9;22.45;25.1;20.3
2017-11-12 21:00:00;11.7;23.15;28.8333333333333;26.85;21.7;26.766666666666694;22.6
2017-11-12 21:15:00;14.8;23.1;25.3;27.3;21.75;23.3;22.9333333333333
2017-11-12 21:30:00;14.8;23.7;26.25;29.3;22.1;24.15;24.35
2017-11-12 21:45:00;14.8;19.2;25.7;30.95;18.0;23.65;26.1
2017-11-12 22:00:00;14.7;24.7;28.55;32.2;22.9;26.0;27.3
2017-11-12 22:15:00;11.7;23.3;28.45;32.8;21.75;26.15;27.8
2017-11-12 22:30:00;11.7;21.95;30.75;30.1;20.7;28.5;25.05
2017-11-12 22:45:00;11.7;24.55;26.5666666666667;32.1;23.0;24.8;26.8
2017-11-12 23:00:00;11.8;29.85;34.65;32.133333333333304;27.75;32.1;27.233333333333306
2017-11-12 23:15:00;16.3;24.7;28.45;31.75;22.9;26.45;27.0
2017-11-12 23:30:00;16.3;25.7;29.95;42.0;23.8333333333333;27.7;35.25
2017-11-12 23:45:00;16.3;25.8;32.7;42.5;24.15;30.3;35.4
2017-11-13 00:00:00;16.1;31.6;37.8;43.2;29.5;34.75;35.95
2017-11-13 00:15:00;8.6;30.45;41.15;44.35;28.5;37.85;36.7
2017-11-13 00:30:00;8.6;29.75;31.8;42.3;27.9;29.4333333333333;35.65
2017-11-13 00:45:00;8.6;29.85;37.7;44.0333333333333;27.9;34.8;36.7666666666667
2017-11-13 01:00:00;8.8;31.75;37.55;40.15;29.65;34.9;33.6
2017-11-13 01:15:00;14.2;34.8333333333333;35.9;44.15;32.4;33.05;36.8
2017-11-13 01:30:00;14.2;35.3;38.1;45.05;33.0;34.9;37.75
2017-11-13 01:45:00;14.2;35.8;39.1;43.2;33.4;35.95;36.3
2017-11-13 02:00:00;14.1;34.2;35.5;48.05;31.9;32.9;40.2
2017-11-13 02:15:00;13.2;43.85;46.5666666666667;45.75;40.95;43.0333333333333;38.5
2017-11-13 02:30:00;13.2;48.4;47.05;48.1666666666667;45.05;43.2;40.7
2017-11-13 02:45:00;13.2;47.6;49.8;50.9;44.3;45.7;42.35
2017-11-13 03:00:00;13.2;47.6;48.3;55.5;44.4;44.65;46.5
2017-11-13 03:15:00;14.5;48.7;48.0;57.15;45.45;44.25;47.65
2017-11-13 03:30:00;14.5;44.35;52.45;53.35;41.4;48.85;44.65
2017-11-13 03:45:00;14.5;41.7;48.65;52.0;38.85;44.9;43.4
2017-11-13 04:00:00;14.4;44.35;50.1;55.1;41.35;46.2;46.25
2017-11-13 04:15:00;12.9;44.15;54.5;54.5666666666667;41.15;49.95;45.7
2017-11-13 04:30:00;12.9;42.3;53.55;66.65;39.25;49.35;54.95
2017-11-13 04:45:00;12.9;44.6666666666667;59.55;70.45;41.466666666666704;54.5;58.1
2017-11-13 05:00:00;12.9;54.4;60.7;69.5;50.5;55.9;57.75
2017-11-13 05:15:00;13.3;54.4;63.45;74.7;50.45;58.15;62.35
2017-11-13 05:30:00;13.3;53.6;74.05;71.95;49.6;67.8;59.15
2017-11-13 05:45:00;13.3;58.05;78.4666666666667;73.8;53.7;71.8666666666667;60.9
2017-11-13 06:00:00;13.3;60.45;75.25;79.6333333333333;56.1;69.15;65.8666666666667
2017-11-13 06:15:00;12.5;65.35;70.3;86.3;60.6;64.5;70.25
2017-11-13 06:30:00;12.5;65.6666666666667;75.7;87.7;60.8;69.3;71.7
2017-11-13 06:45:00;12.5;67.65;72.4;90.65;62.95;66.35;74.55
2017-11-13 07:00:00;12.6;68.7;71.0;87.8;63.9;64.9;71.6
2017-11-13 07:15:00;15.7;72.0;66.3;70.2;66.5;61.25;57.75
2017-11-13 07:30:00;15.7;68.05;62.0;68.45;63.0;56.9;56.65
2017-11-13 07:45:00;15.7;59.3;66.9;67.75;55.3;61.1;55.55
