date;temp;rh;t_grad;pressure;pluvio
2017-11-13 00:15:00;;;;;
2017-11-13 00:30:00;;;;;
2017-11-13 00:45:00;;;;;
2017-11-13 01:00:00;;;;;
2017-11-13 01:15:00;;;;;
2017-11-13 01:30:00;;;;;
2017-11-13 01:45:00;;;;;
2017-11-13 02:00:00;;;;;
2017-11-13 02:15:00;;;;;
2017-11-13 02:30:00;;;;;
2017-11-13 02:45:00;;;;;
2017-11-13 03:00:00;;;;;
2017-11-13 03:15:00;;;;;
2017-11-13 03:30:00;;;;;
2017-11-13 03:45:00;;;;;
2017-11-13 04:00:00;;;;;
2017-11-13 04:15:00;;;;;
2017-11-13 04:30:00;;;;;
2017-11-13 04:45:00;;;;;
2017-11-13 05:00:00;;;;;
2017-11-13 05:15:00;;;;;
2017-11-13 05:30:00;;;;;
2017-11-13 05:45:00;;;;;
2017-11-13 06:00:00;;;;;
2017-11-13 06:15:00;;;;;
2017-11-13 06:30:00;;;;;
2017-11-13 06:45:00;;;;;
2017-11-13 07:00:00;;;;;
2017-11-13 07:15:00;;;;;
2017-11-13 07:30:00;;;;;
2017-11-13 07:45:00;;;;;
2017-11-13 08:00:00;;;;;
2017-11-13 08:15:00;;;;;
2017-11-13 08:30:00;;;;;
2017-11-13 08:45:00;;;;;
2017-11-13 09:00:00;;;;;
2017-11-13 09:15:00;;;;;
2017-11-13 09:30:00;;;;;
2017-11-13 09:45:00;;;;;
2017-11-13 10:00:00;;;;;
2017-11-13 10:15:00;;;;;
2017-11-13 10:30:00;;;;;
2017-11-13 10:45:00;;;;;
2017-11-13 11:00:00;;;;;
2017-11-13 11:15:00;;;;;
2017-11-13 11:30:00;;;;;
2017-11-13 11:45:00;;;;;
2017-11-13 12:00:00;;;;;
2017-11-13 12:15:00;12.4;60.3;-2.2;1023.6;0.0
2017-11-13 12:30:00;12.6;60.0;-2.5;1023.8;0.0
2017-11-13 12:45:00;13.0;59.6;-2.3;1023.8;0.1
2017-11-13 13:00:00;13.0;59.3;-2.1;1023.7;0.0
2017-11-13 13:15:00;13.2;59.0;-2.0;1023.8;0.0
2017-11-13 13:30:00;13.1;58.3;-2.2;1023.8;0.0
2017-11-13 13:45:00;12.6;58.7;-2.1;1023.7;0.0
2017-11-13 14:00:00;12.4;59.4;-2.1;1023.7;0.0
2017-11-13 14:15:00;12.4;58.8;-2.1;1023.8;0.0
2017-11-13 14:30:00;12.3;59.2;-2.1;1023.8;0.0
2017-11-13 14:45:00;12.1;58.5;-1.9;1023.8;0.0
2017-11-13 15:00:00;11.6;59.8;-1.8;1023.7;0.0
2017-11-13 15:15:00;11.4;60.8;-1.7;1023.9;0.0
2017-11-13 15:30:00;11.1;60.7;-1.5;1023.9;0.0
2017-11-13 15:45:00;10.7;61.9;-1.5;1024.0;0.0
2017-11-13 16:00:00;10.4;63.2;-1.4;1024.0;0.0
2017-11-13 16:15:00;10.0;64.4;-1.3;1024.1;0.0
2017-11-13 16:30:00;9.6;66.0;-1.1;1024.3;0.0
2017-11-13 16:45:00;9.3;67.0;-1.0;1024.4;0.0
2017-11-13 17:00:00;9.0;68.0;-0.7;1024.6;0.0
2017-11-13 17:15:00;8.7;69.0;-0.6;1024.8;0.0
2017-11-13 17:30:00;8.5;70.1;-0.2;1024.9;0.0
2017-11-13 17:45:00;8.3;70.7;0.0;1025.1;0.0
2017-11-13 18:00:00;8.0;71.8;0.3;1025.2;0.0
2017-11-13 18:15:00;7.7;72.7;0.5;1025.2;0.0
2017-11-13 18:30:00;7.5;73.0;0.6;;
2017-11-13 18:45:00;7.2;73.3;0.8;1025.3;0.0
2017-11-13 19:00:00;6.8;74.3;0.8;1025.2;0.0
2017-11-13 19:15:00;6.7;75.7;0.9;1025.2;0.0
2017-11-13 19:30:00;6.6;76.0;1.2;1025.2;0.0
2017-11-13 19:45:00;6.5;76.3;1.3;1025.3;0.0
2017-11-13 20:00:00;6.3;76.8;1.2;1025.5;0.0
2017-11-13 20:15:00;6.2;77.0;1.1;1025.6;0.0
2017-11-13 20:30:00;6.0;77.7;1.3;1025.6;0.0
2017-11-13 20:45:00;5.9;77.7;1.4;1025.6;0.0
2017-11-13 21:00:00;5.8;78.0;1.5;1025.6;0.0
2017-11-13 21:15:00;5.6;78.3;1.8;1025.7;0.0
2017-11-13 21:30:00;5.5;78.7;2.3;1025.7;0.0
2017-11-13 21:45:00;5.2;79.0;2.7;1025.7;0.0
2017-11-13 22:00:00;5.0;79.7;3.1;;
2017-11-13 22:15:00;4.8;79.7;2.9;;
2017-11-13 22:30:00;4.6;79.7;2.7;1025.6;0.0
2017-11-13 22:45:00;4.4;80.4;3.0;1025.6;0.0
2017-11-13 23:00:00;4.3;80.7;3.6;1025.5;0.0
2017-11-13 23:15:00;4.2;80.8;3.9;1025.6;0.0
2017-11-13 23:30:00;4.1;81.7;3.9;1025.6;0.0
2017-11-13 23:45:00;4.2;81.8;3.7;1025.6;0.0
2017-11-14 00:00:00;4.3;82.3;3.4;;
2017-11-14 00:15:00;4.4;82.3;3.3;;
2017-11-14 00:30:00;4.4;82.2;3.1;;
2017-11-14 00:45:00;4.3;81.8;3.5;;
2017-11-14 01:00:00;4.2;81.9;3.3;;
2017-11-14 01:15:00;4.0;81.8;3.4;;
2017-11-14 01:30:00;3.9;82.2;3.6;;
2017-11-14 01:45:00;3.8;82.3;3.9;;
2017-11-14 02:00:00;3.7;82.5;4.2;;
2017-11-14 02:15:00;3.7;82.6;4.4;;
2017-11-14 02:30:00;3.7;83.3;4.1;;
2017-11-14 02:45:00;3.9;83.3;3.9;;
2017-11-14 03:00:00;4.0;83.3;3.9;;
2017-11-14 03:15:00;3.9;83.3;4.0;;
2017-11-14 03:30:00;3.9;83.3;4.2;;
2017-11-14 03:45:00;3.8;83.3;4.3;;
2017-11-14 04:00:00;3.8;83.3;4.4;;
2017-11-14 04:15:00;3.7;83.2;4.3;;
2017-11-14 04:30:00;3.6;83.2;4.1;;
2017-11-14 04:45:00;3.6;83.3;4.4;;
2017-11-14 05:00:00;3.6;83.7;4.4;;
2017-11-14 05:15:00;3.6;84.3;4.2;;
2017-11-14 05:30:00;3.6;83.8;4.3;;
2017-11-14 05:45:00;3.5;83.5;4.4;;
2017-11-14 06:00:00;3.6;84.3;4.4;;
2017-11-14 06:15:00;3.7;84.3;4.0;;
2017-11-14 06:30:00;3.8;83.3;3.7;;
2017-11-14 06:45:00;3.8;83.3;3.5;;
2017-11-14 07:00:00;3.8;83.0;3.3;;
2017-11-14 07:15:00;3.7;83.0;3.4;;
2017-11-14 07:30:00;3.8;83.0;3.5;;
2017-11-14 07:45:00;3.9;83.3;3.4;;
2017-11-14 08:00:00;4.1;83.3;3.4;;
2017-11-14 08:15:00;4.5;83.2;3.2;;
2017-11-14 08:30:00;4.8;83.0;3.1;;
2017-11-14 08:45:00;5.1;82.7;2.9;;
2017-11-14 09:00:00;5.5;82.2;2.5;;
2017-11-14 09:15:00;6.2;81.4;1.8;;
2017-11-14 09:30:00;6.9;79.7;1.2;;
2017-11-14 09:45:00;7.4;78.1;0.6;;
2017-11-14 10:00:00;7.6;76.8;0.6;;
2017-11-14 10:15:00;7.7;76.3;0.6;;
2017-11-14 10:30:00;7.8;76.3;0.0;;
2017-11-14 10:45:00;8.0;76.3;-0.6;;
2017-11-14 11:00:00;8.2;76.3;-0.4;;
2017-11-14 11:15:00;8.5;75.3;-0.9;;
2017-11-14 11:30:00;8.9;75.3;-1.6;;
2017-11-14 11:45:00;9.3;74.5;-1.7;;
2017-11-14 12:00:00;9.6;73.7;-1.5;;
2017-11-14 12:15:00;9.9;73.3;-1.8;;
2017-11-14 12:30:00;10.2;72.8;-2.3;;
2017-11-14 12:45:00;10.4;72.2;-2.3;;
2017-11-14 13:00:00;10.7;71.8;-2.2;;
2017-11-14 13:15:00;11.0;71.3;-2.5;;
2017-11-14 13:30:00;11.5;70.5;-2.5;;
2017-11-14 13:45:00;11.8;70.3;-2.3;;
2017-11-14 14:00:00;12.4;69.8;-2.3;;
2017-11-14 14:15:00;13.2;67.2;-2.3;;
2017-11-14 14:30:00;13.2;65.1;-2.2;;
2017-11-14 14:45:00;12.9;65.7;-2.1;;
2017-11-14 15:00:00;12.6;66.4;-2.0;;
2017-11-14 15:15:00;12.4;67.0;-1.9;;
2017-11-14 15:30:00;12.3;67.8;-1.8;;
2017-11-14 15:45:00;12.2;68.2;-1.8;;
2017-11-14 16:00:00;12.1;68.7;-1.7;;
2017-11-14 16:15:00;12.1;69.0;-1.7;;
2017-11-14 16:30:00;12.0;69.0;-1.6;;
2017-11-14 16:45:00;11.9;69.7;-1.4;;
2017-11-14 17:00:00;11.9;69.8;-1.3;;
2017-11-14 17:15:00;11.8;70.2;-1.3;;
2017-11-14 17:30:00;11.7;70.7;-1.0;;
2017-11-14 17:45:00;11.7;71.0;-0.8;;
2017-11-14 18:00:00;11.7;71.5;-0.9;;
2017-11-14 18:15:00;11.7;71.8;-0.9;;
2017-11-14 18:30:00;11.6;72.2;-1.0;;
2017-11-14 18:45:00;11.5;72.7;-0.9;;
2017-11-14 19:00:00;11.4;72.7;-0.8;;
2017-11-14 19:15:00;11.3;73.7;-0.7;;
2017-11-14 19:30:00;11.3;73.7;-0.7;;
2017-11-14 19:45:00;11.3;73.7;-0.9;;
2017-11-14 20:00:00;11.3;74.0;-0.9;;
2017-11-14 20:15:00;11.2;74.6;-0.8;;
2017-11-14 20:30:00;11.2;74.7;-0.8;;
2017-11-14 20:45:00;11.1;74.8;-0.9;;
2017-11-14 21:00:00;11.0;75.7;-0.7;;
2017-11-14 21:15:00;11.0;75.7;-0.6;;
2017-11-14 21:30:00;10.9;75.7;-0.8;;
2017-11-14 21:45:00;10.9;76.3;-1.0;;
2017-11-14 22:00:00;10.8;76.6;-0.8;;
2017-11-14 22:15:00;10.8;76.7;-0.4;;
2017-11-14 22:30:00;10.7;76.7;-0.5;;
2017-11-14 22:45:00;10.7;76.7;-0.3;;
2017-11-14 23:00:00;10.5;76.7;-0.2;;
2017-11-14 23:15:00;10.5;77.0;-0.2;;
2017-11-14 23:30:00;10.5;77.0;-0.8;;
2017-11-14 23:45:00;10.4;77.3;-1.1;;
2017-11-15 00:00:00;10.3;77.5;-0.9;;
2017-11-15 00:15:00;10.3;77.7;-1.0;;
2017-11-15 00:30:00;10.3;77.7;-0.9;;
2017-11-15 00:45:00;10.3;77.7;-0.8;;
2017-11-15 01:00:00;10.3;77.7;-0.8;;
2017-11-15 01:15:00;10.3;77.7;-0.6;;
2017-11-15 01:30:00;10.3;77.8;-0.5;;
2017-11-15 01:45:00;10.3;78.0;-0.5;;
2017-11-15 02:00:00;10.3;78.0;-0.4;;
2017-11-15 02:15:00;10.3;78.0;-0.5;;
2017-11-15 02:30:00;10.3;78.0;-0.6;;
2017-11-15 02:45:00;10.2;78.0;-0.6;;
2017-11-15 03:00:00;10.2;78.3;-0.5;;
2017-11-15 03:15:00;10.2;78.7;-0.5;;
2017-11-15 03:30:00;10.2;78.7;-0.4;;
2017-11-15 03:45:00;10.2;78.7;-0.4;;
2017-11-15 04:00:00;10.1;78.7;-0.3;;
2017-11-15 04:15:00;10.1;78.7;0.0;;
2017-11-15 04:30:00;10.0;79.3;0.3;;
2017-11-15 04:45:00;9.9;79.7;0.3;;
2017-11-15 05:00:00;9.7;79.7;0.5;;
2017-11-15 05:15:00;9.6;80.2;0.7;;
2017-11-15 05:30:00;9.5;80.5;0.6;;
2017-11-15 05:45:00;9.6;80.7;0.5;;
2017-11-15 06:00:00;9.6;80.7;0.1;;
2017-11-15 06:15:00;9.7;80.7;-0.5;;
2017-11-15 06:30:00;9.8;80.5;-0.4;;
2017-11-15 06:45:00;10.0;80.1;-1.1;;
2017-11-15 07:00:00;10.1;79.7;-0.8;;
2017-11-15 07:15:00;10.1;79.3;-0.5;;
2017-11-15 07:30:00;10.2;79.5;-0.2;;
2017-11-15 07:45:00;10.2;79.5;0.5;;
2017-11-15 08:00:00;10.1;79.0;0.6;;
2017-11-15 08:15:00;10.0;79.3;0.8;;
2017-11-15 08:30:00;9.9;80.2;0.7;;
2017-11-15 08:45:00;10.3;80.7;0.0;;
2017-11-15 09:00:00;11.1;79.2;-0.8;;
2017-11-15 09:15:00;12.0;77.2;-2.2;;
2017-11-15 09:30:00;12.8;74.5;-1.6;;
2017-11-15 09:45:00;13.3;72.8;-2.0;;
2017-11-15 10:00:00;13.6;71.8;-2.0;;
2017-11-15 10:15:00;13.8;70.8;-2.2;;
2017-11-15 10:30:00;13.8;70.3;-2.3;;
2017-11-15 10:45:00;13.9;70.0;-2.4;1025.1;0.0
2017-11-15 11:00:00;14.0;69.7;-2.4;1025.0;0.0
2017-11-15 11:15:00;14.0;69.7;-2.3;1024.9;0.0
2017-11-15 11:30:00;14.1;69.7;-2.2;1024.8;0.0
2017-11-15 11:45:00;14.4;69.5;-2.3;;
2017-11-15 12:00:00;15.0;67.9;-1.9;;
2017-11-15 12:15:00;15.3;67.2;-1.7;1024.4;0.0
2017-11-15 12:30:00;15.3;66.7;-1.9;1024.2;0.0
2017-11-15 12:45:00;15.3;67.0;-1.9;1024.0;0.0
2017-11-15 13:00:00;15.9;66.0;-2.0;1023.9;0.0
2017-11-15 13:15:00;16.1;64.7;-2.0;1023.8;0.0
2017-11-15 13:30:00;16.2;65.0;-1.9;1023.8;0.0
2017-11-15 13:45:00;16.6;64.4;-1.8;1023.8;0.0
2017-11-15 14:00:00;16.4;63.5;-1.9;1023.9;0.0
2017-11-15 14:15:00;15.5;65.3;-1.9;1024.0;0.0
2017-11-15 14:30:00;14.9;66.7;-1.9;1024.2;0.0
2017-11-15 14:45:00;14.6;67.8;-1.9;1024.2;0.0
2017-11-15 15:00:00;14.3;68.6;-1.8;1024.2;0.0
2017-11-15 15:15:00;14.2;68.7;-1.8;1024.1;0.0
2017-11-15 15:30:00;14.2;69.7;-1.8;1023.9;0.0
2017-11-15 15:45:00;14.1;69.7;-1.8;1023.7;0.0
2017-11-15 16:00:00;13.9;69.7;-1.7;1023.6;0.0
2017-11-15 16:15:00;13.6;70.3;-1.5;1023.7;0.0
2017-11-15 16:30:00;13.3;71.5;-1.4;1023.7;0.0
2017-11-15 16:45:00;13.1;72.8;-1.2;1023.7;0.0
2017-11-15 17:00:00;13.1;73.7;-0.8;1023.8;0.0
2017-11-15 17:15:00;13.1;74.0;-0.8;1023.8;0.0
2017-11-15 17:30:00;13.1;74.2;-0.8;1023.7;0.0
2017-11-15 17:45:00;13.2;74.2;-0.7;1023.6;0.0
2017-11-15 18:00:00;13.1;74.2;-0.1;1023.6;0.0
2017-11-15 18:15:00;12.9;74.8;0.4;1023.6;0.0
2017-11-15 18:30:00;12.7;75.1;0.6;1023.6;0.0
2017-11-15 18:45:00;12.4;75.8;0.6;1023.7;0.0
2017-11-15 19:00:00;12.0;77.0;0.6;1023.7;0.0
2017-11-15 19:15:00;11.8;78.0;0.6;1023.7;0.0
2017-11-15 19:30:00;11.7;78.5;0.4;1023.6;0.0
2017-11-15 19:45:00;11.6;78.7;0.8;1023.6;0.0
2017-11-15 20:00:00;11.5;79.2;1.1;1023.7;0.0
2017-11-15 20:15:00;11.3;79.4;1.0;1023.7;0.0
2017-11-15 20:30:00;11.3;79.7;0.9;1023.7;0.0
2017-11-15 20:45:00;11.3;80.2;0.8;1023.6;0.0
2017-11-15 21:00:00;11.3;79.7;0.7;1023.7;0.0
2017-11-15 21:15:00;11.3;79.7;0.6;1023.6;0.0
2017-11-15 21:30:00;11.3;79.7;0.7;1023.5;0.0
2017-11-15 21:45:00;11.2;79.7;0.9;1023.4;0.0
2017-11-15 22:00:00;11.1;79.7;1.1;1023.4;0.0
2017-11-15 22:15:00;11.0;79.7;1.1;1023.2;0.0
2017-11-15 22:30:00;10.9;79.7;1.3;1023.1;0.0
2017-11-15 22:45:00;10.8;79.7;1.3;1023.2;0.0
2017-11-15 23:00:00;10.8;79.7;1.1;1023.2;0.0
2017-11-15 23:15:00;10.8;79.7;0.8;1023.1;0.0
2017-11-15 23:30:00;10.8;79.5;0.6;1023.0;0.0
2017-11-15 23:45:00;10.8;79.3;0.7;1022.9;0.0
2017-11-16 00:00:00;10.7;79.5;0.9;;
2017-11-16 00:15:00;10.6;79.4;1.2;;
2017-11-16 00:30:00;10.4;79.7;1.5;;
2017-11-16 00:45:00;10.3;80.5;1.4;;
2017-11-16 01:00:00;10.3;80.7;1.4;;
2017-11-16 01:15:00;10.2;80.7;1.4;;
2017-11-16 01:30:00;10.1;81.2;1.1;;
2017-11-16 01:45:00;9.9;81.7;0.9;;
2017-11-16 02:00:00;9.8;81.7;0.7;;
2017-11-16 02:15:00;9.7;82.0;0.5;;
2017-11-16 02:30:00;9.7;82.3;0.2;;
2017-11-16 02:45:00;9.7;82.3;0.1;1022.8;0.0
2017-11-16 03:00:00;9.7;82.2;0.3;1022.9;0.0
2017-11-16 03:15:00;9.6;82.7;0.4;1022.7;0.0
2017-11-16 03:30:00;9.6;82.7;0.7;1022.4;0.0
2017-11-16 03:45:00;9.5;83.0;0.9;1022.6;0.0
2017-11-16 04:00:00;9.4;83.0;1.0;1022.5;0.0
2017-11-16 04:15:00;9.3;83.0;1.4;1022.5;0.0
2017-11-16 04:30:00;9.2;83.5;1.6;1022.6;0.0
2017-11-16 04:45:00;9.0;84.0;1.7;1022.3;0.0
2017-11-16 05:00:00;9.0;83.8;1.5;1022.4;0.0
2017-11-16 05:15:00;9.0;84.0;1.4;1022.4;0.0
2017-11-16 05:30:00;9.0;83.9;1.4;1022.4;0.0
2017-11-16 05:45:00;9.0;83.7;1.4;1022.2;0.0
2017-11-16 06:00:00;9.1;83.5;1.4;1022.2;0.0
2017-11-16 06:15:00;9.1;83.3;1.1;1022.1;0.1
2017-11-16 06:30:00;9.2;83.3;0.7;1022.2;0.0
2017-11-16 06:45:00;9.1;82.8;0.3;1022.4;0.0
2017-11-16 07:00:00;9.2;82.5;0.4;1022.5;0.0
2017-11-16 07:15:00;9.1;82.2;0.4;1022.6;0.0
2017-11-16 07:30:00;9.1;82.0;0.4;1022.8;0.0
2017-11-16 07:45:00;9.0;82.2;0.6;1022.9;0.0
2017-11-16 08:00:00;9.0;82.2;0.7;1023.1;0.0
2017-11-16 08:15:00;9.0;82.3;0.4;1023.2;0.0
2017-11-16 08:30:00;9.2;82.3;0.2;1023.4;0.0
2017-11-16 08:45:00;9.3;82.0;-0.1;1023.5;0.0
2017-11-16 09:00:00;9.5;81.6;-0.1;1023.6;0.0
2017-11-16 09:15:00;9.8;81.3;0.0;1023.7;0.0
2017-11-16 09:30:00;9.9;80.7;0.0;1023.7;0.0
2017-11-16 09:45:00;10.1;80.3;0.0;1023.8;0.0
2017-11-16 10:00:00;10.2;79.8;-0.2;1023.9;0.0
2017-11-16 10:15:00;10.4;79.5;-0.3;1023.9;0.0
2017-11-16 10:30:00;10.6;78.8;0.1;1023.8;0.1
2017-11-16 10:45:00;10.8;78.1;0.1;1023.7;0.0
2017-11-16 11:00:00;11.1;77.5;-0.1;1023.6;0.0
2017-11-16 11:15:00;11.3;76.8;0.0;1023.4;0.1
2017-11-16 11:30:00;11.4;76.0;0.0;1023.3;0.0
2017-11-16 11:45:00;11.5;75.7;-0.8;1023.4;0.0
2017-11-16 12:00:00;11.6;75.2;-1.5;1023.3;0.0
2017-11-16 12:15:00;11.8;74.5;-1.6;1023.2;0.0
2017-11-16 12:30:00;11.8;74.3;-1.6;1023.2;0.0
2017-11-16 12:45:00;12.0;73.8;-1.7;1023.1;0.0
2017-11-16 13:00:00;12.2;73.5;-2.0;1023.1;0.0
2017-11-16 13:15:00;12.3;73.0;-2.1;1023.0;0.0
2017-11-16 13:30:00;12.5;72.7;-1.8;1023.0;0.0
2017-11-16 13:45:00;12.6;72.4;-1.7;1022.8;0.0
2017-11-16 14:00:00;12.6;72.2;-1.6;1022.9;0.0
2017-11-16 14:15:00;12.6;71.9;-1.4;1022.8;0.0
2017-11-16 14:30:00;12.6;71.8;-1.3;1022.7;0.0
2017-11-16 14:45:00;12.6;72.0;-1.5;1022.8;0.0
2017-11-16 15:00:00;12.7;72.0;-1.6;1022.8;0.0
2017-11-16 15:15:00;12.6;71.7;-1.6;1023.0;0.0
2017-11-16 15:30:00;12.5;71.9;-1.7;1023.0;0.0
2017-11-16 15:45:00;12.5;72.0;-1.6;1023.0;0.0
2017-11-16 16:00:00;12.4;72.4;-1.4;1023.1;0.0
2017-11-16 16:15:00;12.2;72.7;-1.3;1023.3;0.0
2017-11-16 16:30:00;12.1;73.3;-1.3;1023.2;0.0
2017-11-16 16:45:00;11.9;73.5;-1.2;1023.3;0.0
2017-11-16 17:00:00;11.7;74.2;-1.2;1023.4;0.0
2017-11-16 17:15:00;11.5;74.9;-0.9;1023.6;0.0
2017-11-16 17:30:00;11.5;75.3;-0.8;1023.6;0.0
2017-11-16 17:45:00;11.4;75.3;-0.6;1023.8;0.0
2017-11-16 18:00:00;11.4;75.5;-0.4;1023.9;0.0
2017-11-16 18:15:00;11.3;76.2;-0.3;1023.9;0.0
2017-11-16 18:30:00;11.2;76.5;-0.2;1024.0;0.0
2017-11-16 18:45:00;11.2;76.7;-0.1;1024.1;0.0
2017-11-16 19:00:00;11.1;77.5;0.1;1024.2;0.0
2017-11-16 19:15:00;11.1;77.7;0.3;1024.2;0.0
2017-11-16 19:30:00;11.2;77.7;0.3;1024.3;0.0
2017-11-16 19:45:00;11.1;77.7;0.2;1024.5;0.0
2017-11-16 20:00:00;11.0;77.7;0.3;1024.5;0.0
2017-11-16 20:15:00;10.9;77.7;0.5;1024.5;0.0
2017-11-16 20:30:00;10.9;78.3;0.7;1024.5;0.0
2017-11-16 20:45:00;10.8;78.7;0.8;1024.5;0.0
2017-11-16 21:00:00;10.8;78.7;0.8;1024.6;0.0
2017-11-16 21:15:00;10.7;78.9;0.7;1024.7;0.0
2017-11-16 21:30:00;10.5;79.3;0.8;1024.7;0.0
2017-11-16 21:45:00;10.4;79.7;1.0;1024.8;0.0
2017-11-16 22:00:00;10.2;80.2;1.3;1024.9;0.0
2017-11-16 22:15:00;10.2;80.7;1.5;1024.8;0.0
2017-11-16 22:30:00;10.3;80.7;1.5;1024.9;0.0
2017-11-16 22:45:00;10.3;80.7;1.2;1024.9;0.0
2017-11-16 23:00:00;10.4;80.7;0.9;1024.9;0.0
2017-11-16 23:15:00;10.5;80.7;0.8;1024.8;0.0
2017-11-16 23:30:00;10.5;80.7;0.6;1024.9;0.0
2017-11-16 23:45:00;10.5;80.7;0.6;1024.9;0.0
2017-11-17 00:00:00;10.5;80.7;0.6;;
2017-11-17 00:15:00;10.6;80.7;0.5;1024.9;0.0
2017-11-17 00:30:00;10.4;80.7;0.5;1024.9;0.0
2017-11-17 00:45:00;10.2;80.7;0.6;1024.9;0.0
2017-11-17 01:00:00;9.8;80.7;0.8;;
2017-11-17 01:15:00;9.5;80.8;0.7;;
2017-11-17 01:30:00;9.1;81.2;1.0;1024.9;0.0
2017-11-17 01:45:00;8.8;82.0;1.5;1025.1;0.0
2017-11-17 02:00:00;8.5;82.7;1.6;1025.2;0.0
2017-11-17 02:15:00;8.3;83.3;1.4;1025.3;0.0
2017-11-17 02:30:00;8.2;84.0;1.1;1025.3;0.0
2017-11-17 02:45:00;8.3;84.7;1.3;1025.2;0.0
2017-11-17 03:00:00;8.3;85.0;1.6;1025.2;0.0
2017-11-17 03:15:00;8.5;85.0;1.6;1025.2;0.0
2017-11-17 03:30:00;8.6;85.0;1.2;1025.3;0.0
2017-11-17 03:45:00;8.8;85.0;0.7;1025.3;0.0
2017-11-17 04:00:00;9.0;85.0;0.5;1025.4;0.0
2017-11-17 04:15:00;9.1;84.8;0.2;1025.5;0.0
2017-11-17 04:30:00;9.2;84.2;0.3;1025.5;0.0
2017-11-17 04:45:00;9.3;84.0;0.4;1025.5;0.0
2017-11-17 05:00:00;9.4;84.0;0.3;1025.5;0.0
2017-11-17 05:15:00;9.4;84.0;0.9;1025.5;0.0
2017-11-17 05:30:00;9.5;84.0;0.0;1025.6;0.0
2017-11-17 05:45:00;9.6;84.0;-0.1;1025.7;0.0
2017-11-17 06:00:00;9.7;84.0;-0.2;1025.8;0.0
2017-11-17 06:15:00;9.9;84.0;-0.4;1025.9;0.0
2017-11-17 06:30:00;10.1;84.0;-0.6;1025.9;0.0
2017-11-17 06:45:00;10.3;84.0;-0.8;1026.0;0.0
2017-11-17 07:00:00;10.5;83.7;-1.0;;
2017-11-17 07:15:00;10.7;83.7;-1.2;1026.3;0.0
2017-11-17 07:30:00;10.9;82.8;-1.3;1026.5;0.0
2017-11-17 07:45:00;11.1;82.6;-1.2;1026.6;0.0
2017-11-17 08:00:00;11.3;81.8;-1.3;1026.6;0.0
2017-11-17 08:15:00;11.3;81.5;-1.3;1026.6;0.0
2017-11-17 08:30:00;11.5;81.0;-1.3;1026.7;0.0
2017-11-17 08:45:00;11.5;80.7;-1.4;1026.7;0.0
2017-11-17 09:00:00;11.4;80.7;-1.5;1026.7;0.0
2017-11-17 09:15:00;11.5;80.0;-1.5;1026.7;0.0
2017-11-17 09:30:00;11.5;79.6;-1.6;1026.8;0.0
2017-11-17 09:45:00;11.6;78.8;-1.7;1026.9;0.0
2017-11-17 10:00:00;11.6;78.7;-1.7;1026.9;0.0
2017-11-17 10:15:00;11.7;78.7;-1.7;1026.9;0.0
2017-11-17 10:30:00;11.7;78.0;-2.0;1027.0;0.0
2017-11-17 10:45:00;11.8;77.5;-1.9;1027.0;0.0
2017-11-17 11:00:00;11.9;76.7;-2.0;1027.0;0.0
2017-11-17 11:15:00;12.0;75.8;-2.2;1026.9;0.0
2017-11-17 11:30:00;12.3;75.7;-2.3;1026.9;0.0
2017-11-17 11:45:00;12.8;75.2;-2.3;1026.8;0.0
2017-11-17 12:00:00;13.2;73.2;-2.3;1026.7;0.0
2017-11-17 12:15:00;13.2;72.2;-2.3;1026.6;0.0
2017-11-17 12:30:00;13.2;72.3;-2.5;1026.7;0.0
2017-11-17 12:45:00;13.2;71.7;-2.4;1026.8;0.0
2017-11-17 13:00:00;13.2;70.3;-2.3;1026.7;0.0
2017-11-17 13:15:00;13.2;69.7;-2.2;1026.4;0.0
2017-11-17 13:30:00;13.4;69.3;-2.4;1026.4;0.0
2017-11-17 13:45:00;13.6;69.0;-2.4;1026.2;0.0
2017-11-17 14:00:00;13.8;68.7;-2.2;1026.2;0.0
2017-11-17 14:15:00;13.7;68.0;-2.0;1026.3;0.0
2017-11-17 14:30:00;13.3;68.3;-2.1;1026.2;0.0
2017-11-17 14:45:00;13.1;69.1;-2.0;1026.0;0.0
2017-11-17 15:00:00;13.2;68.7;-1.8;1026.0;0.0
2017-11-17 15:15:00;13.4;68.0;-1.7;1026.0;0.0
2017-11-17 15:30:00;13.3;67.7;-1.6;1025.8;0.0
2017-11-17 15:45:00;13.3;67.7;-1.4;1025.7;0.0
2017-11-17 16:00:00;13.1;68.0;-1.1;1025.7;0.0
2017-11-17 16:15:00;12.8;68.7;-0.8;;
2017-11-17 16:30:00;12.4;69.5;-0.3;;
2017-11-17 16:45:00;12.3;70.5;0.2;;
2017-11-17 17:00:00;12.2;71.2;0.5;1025.9;0.0
2017-11-17 17:15:00;12.2;71.5;0.7;1025.9;0.0
2017-11-17 17:30:00;12.1;71.5;0.8;1026.1;0.0
2017-11-17 17:45:00;12.1;71.0;0.7;1026.2;0.0
2017-11-17 18:00:00;12.1;70.8;0.3;1026.3;0.0
2017-11-17 18:15:00;12.1;70.1;-0.2;1026.4;0.0
2017-11-17 18:30:00;11.9;70.0;-0.4;1026.4;0.0
2017-11-17 18:45:00;11.7;70.0;-0.4;1026.5;0.0
2017-11-17 19:00:00;11.6;70.5;-0.5;1026.4;0.0
2017-11-17 19:15:00;11.2;70.8;-0.6;1026.4;0.0
2017-11-17 19:30:00;10.8;71.4;-0.4;1026.5;0.0
2017-11-17 19:45:00;10.2;73.0;-0.3;1026.4;0.0
2017-11-17 20:00:00;9.8;75.3;0.0;1026.4;0.0
2017-11-17 20:15:00;9.4;76.7;0.3;1026.4;0.0
2017-11-17 20:30:00;9.1;77.3;0.4;1026.4;0.0
2017-11-17 20:45:00;8.8;77.8;0.9;1026.3;0.0
2017-11-17 21:00:00;8.4;78.7;1.4;1026.1;0.0
2017-11-17 21:15:00;8.1;79.0;1.8;1026.0;0.0
2017-11-17 21:30:00;7.7;79.7;1.8;1026.0;0.0
2017-11-17 21:45:00;7.4;80.0;2.1;1026.2;0.0
2017-11-17 22:00:00;7.1;80.3;2.1;1026.3;0.0
2017-11-17 22:15:00;6.8;80.3;2.1;1026.4;0.0
2017-11-17 22:30:00;6.5;80.7;2.1;1026.4;0.0
2017-11-17 22:45:00;6.3;80.8;2.4;1026.3;0.0
2017-11-17 23:00:00;6.2;81.6;2.5;1026.3;0.0
2017-11-17 23:15:00;6.2;82.0;2.3;1026.3;0.0
2017-11-17 23:30:00;6.0;81.7;1.6;1026.1;0.0
2017-11-17 23:45:00;5.8;81.3;1.4;1025.9;0.0
2017-11-18 00:00:00;5.5;81.3;1.4;;
2017-11-18 00:15:00;5.3;81.5;2.0;;
2017-11-18 00:30:00;5.0;81.7;2.5;;
2017-11-18 00:45:00;4.7;81.8;3.0;;
2017-11-18 01:00:00;4.5;82.0;2.8;;
2017-11-18 01:15:00;4.3;82.6;2.8;1025.9;0.0
2017-11-18 01:30:00;4.1;82.7;3.3;1025.9;0.0
2017-11-18 01:45:00;3.9;82.8;3.8;1025.8;0.0
2017-11-18 02:00:00;4.0;82.8;3.9;1025.7;0.0
2017-11-18 02:15:00;4.1;83.7;3.3;1025.6;0.0
2017-11-18 02:30:00;4.2;83.6;3.0;1025.5;0.0
2017-11-18 02:45:00;4.2;83.0;2.5;1025.5;0.0
2017-11-18 03:00:00;4.1;83.0;2.2;1025.2;0.0
2017-11-18 03:15:00;4.2;83.7;2.2;1025.1;0.0
2017-11-18 03:30:00;4.4;84.0;2.6;1024.9;0.0
2017-11-18 03:45:00;4.6;84.0;2.9;1024.8;0.0
2017-11-18 04:00:00;5.0;83.7;2.8;1024.7;0.0
2017-11-18 04:15:00;5.1;83.7;2.6;1024.7;0.0
2017-11-18 04:30:00;5.4;84.0;3.0;1024.8;0.0
2017-11-18 04:45:00;5.6;83.8;2.6;1024.9;0.0
2017-11-18 05:00:00;5.8;84.3;2.2;1024.6;0.0
2017-11-18 05:15:00;5.9;84.2;2.5;1024.6;0.0
2017-11-18 05:30:00;6.0;83.7;2.6;1024.5;0.0
2017-11-18 05:45:00;6.1;84.7;2.7;1024.4;0.0
2017-11-18 06:00:00;6.2;84.7;2.7;1024.5;0.0
2017-11-18 06:15:00;6.2;84.7;2.6;1024.4;0.0
2017-11-18 06:30:00;6.3;84.8;2.8;1024.5;0.0
2017-11-18 06:45:00;6.2;85.5;2.8;1024.7;0.0
2017-11-18 07:00:00;6.2;85.0;2.4;1025.0;0.1
2017-11-18 07:15:00;6.1;84.7;2.1;1025.1;0.0
2017-11-18 07:30:00;6.1;85.2;2.2;1025.2;0.0
2017-11-18 07:45:00;6.1;85.1;2.3;1025.2;0.0
2017-11-18 08:00:00;6.1;85.3;1.9;1025.2;0.0
2017-11-18 08:15:00;6.3;85.2;1.8;1025.2;0.0
2017-11-18 08:30:00;6.5;84.8;1.5;1025.2;0.0
2017-11-18 08:45:00;6.7;84.7;1.5;1025.2;0.0
2017-11-18 09:00:00;6.9;84.5;1.5;1025.1;0.0
2017-11-18 09:15:00;7.0;83.7;1.3;1025.0;0.0
2017-11-18 09:30:00;7.2;83.3;1.2;1024.9;0.0
2017-11-18 09:45:00;7.4;83.2;1.1;1025.0;0.0
2017-11-18 10:00:00;7.6;82.4;1.0;1025.0;0.0
2017-11-18 10:15:00;7.8;82.2;0.9;1025.1;0.0
2017-11-18 10:30:00;7.9;81.8;0.9;1025.1;0.0
2017-11-18 10:45:00;8.0;81.3;0.8;1025.2;0.0
2017-11-18 11:00:00;8.1;81.3;0.9;1025.1;0.0
2017-11-18 11:15:00;8.2;81.3;0.7;1024.9;0.0
2017-11-18 11:30:00;8.4;81.2;0.6;1024.8;0.0
2017-11-18 11:45:00;8.7;80.3;0.2;1024.7;0.0
2017-11-18 12:00:00;9.0;79.5;0.1;1024.6;0.0
2017-11-18 12:15:00;9.3;78.5;-0.1;1024.4;0.0
2017-11-18 12:30:00;9.6;77.2;-0.8;1024.2;0.0
2017-11-18 12:45:00;9.8;76.5;-0.7;1024.0;0.0
2017-11-18 13:00:00;10.3;76.6;-1.3;1023.7;0.0
2017-11-18 13:15:00;10.9;74.7;-1.9;1023.6;0.0
2017-11-18 13:30:00;11.2;73.2;-2.3;1023.4;0.0
2017-11-18 13:45:00;11.4;72.5;-2.4;1023.3;0.0
2017-11-18 14:00:00;11.4;72.3;-2.2;1023.1;0.0
2017-11-18 14:15:00;11.2;72.3;-2.2;1023.0;0.0
2017-11-18 14:30:00;11.1;72.3;-2.0;1022.7;0.0
2017-11-18 14:45:00;11.0;72.3;-2.0;1022.6;0.0
2017-11-18 15:00:00;11.0;72.3;-1.9;1022.5;0.1
2017-11-18 15:15:00;10.9;72.3;-1.8;1022.6;0.0
2017-11-18 15:30:00;10.9;72.3;-1.6;1022.4;0.0
2017-11-18 15:45:00;10.8;72.3;-1.6;1022.3;0.0
2017-11-18 16:00:00;10.6;72.8;-1.5;1022.2;0.0
2017-11-18 16:15:00;10.5;73.3;-1.5;1022.2;0.0
2017-11-18 16:30:00;10.5;73.3;-1.4;1022.1;0.0
2017-11-18 16:45:00;10.5;73.8;-1.4;1022.0;0.0
2017-11-18 17:00:00;10.5;73.7;-1.4;1022.0;0.0
2017-11-18 17:15:00;10.6;73.7;-1.3;1021.9;0.0
2017-11-18 17:30:00;10.6;72.8;-1.3;1021.8;0.0
2017-11-18 17:45:00;10.6;72.5;-1.4;1021.8;0.0
2017-11-18 18:00:00;10.7;72.3;-1.4;1021.8;0.0
2017-11-18 18:15:00;10.7;71.8;-1.5;1021.8;0.0
2017-11-18 18:30:00;10.7;71.3;-1.5;1021.7;0.0
2017-11-18 18:45:00;10.7;71.2;-1.5;1021.5;0.1
2017-11-18 19:00:00;10.6;73.2;-1.5;1021.5;0.0
2017-11-18 19:15:00;10.4;73.5;-1.5;1021.3;0.0
2017-11-18 19:30:00;10.3;74.0;-1.1;1021.1;0.0
2017-11-18 19:45:00;10.3;74.3;-1.0;1021.0;0.0
2017-11-18 20:00:00;10.4;74.9;-1.2;1020.9;0.0
2017-11-18 20:15:00;10.5;75.3;-1.3;1020.9;0.0
2017-11-18 20:30:00;10.6;76.1;-1.3;1020.7;0.0
2017-11-18 20:45:00;10.7;76.5;-1.2;1020.7;0.0
2017-11-18 21:00:00;10.7;77.0;-1.2;1020.6;0.0
2017-11-18 21:15:00;10.7;77.3;-1.2;1020.5;0.0
2017-11-18 21:30:00;10.8;77.3;-1.3;1020.4;0.0
2017-11-18 21:45:00;10.8;77.3;-1.3;1020.2;0.0
2017-11-18 22:00:00;10.9;78.0;-1.4;1020.1;0.0
2017-11-18 22:15:00;10.9;78.3;-1.4;1019.9;0.0
2017-11-18 22:30:00;11.0;78.7;-1.4;1019.8;0.0
2017-11-18 22:45:00;11.0;79.3;-1.4;1019.7;0.0
2017-11-18 23:00:00;11.0;79.7;-1.3;1019.5;0.0
2017-11-18 23:15:00;10.9;80.7;-1.1;1019.3;0.0
2017-11-18 23:30:00;10.8;81.9;-1.0;1019.3;0.0
2017-11-18 23:45:00;10.7;83.0;-1.1;1019.2;0.1
2017-11-19 00:00:00;10.6;84.3;-1.1;1019.2;0.3
2017-11-19 00:15:00;10.6;85.2;-1.2;1019.1;0.1
2017-11-19 00:30:00;10.6;86.2;-1.2;1019.1;0.7
2017-11-19 00:45:00;10.6;87.2;-1.1;1019.3;0.9
2017-11-19 01:00:00;10.8;87.3;-1.1;1019.2;0.6
2017-11-19 01:15:00;11.0;87.7;-1.1;1019.2;0.0
2017-11-19 01:30:00;11.0;87.3;-1.1;1019.3;0.0
2017-11-19 01:45:00;11.0;87.0;-1.3;1019.3;0.0
2017-11-19 02:00:00;10.8;86.5;-1.4;1019.5;0.0
2017-11-19 02:15:00;10.7;86.3;-1.5;1019.8;0.0
2017-11-19 02:30:00;10.5;85.8;-1.5;1019.8;0.0
2017-11-19 02:45:00;10.4;85.7;-1.4;1019.7;0.0
2017-11-19 03:00:00;10.3;85.7;-1.3;1019.8;0.0
2017-11-19 03:15:00;10.2;85.7;-1.4;1019.8;0.0
2017-11-19 03:30:00;10.1;85.4;-1.3;1019.8;0.0
2017-11-19 03:45:00;10.0;85.0;-1.2;1019.8;0.0
2017-11-19 04:00:00;9.9;84.7;-1.0;1020.1;0.0
2017-11-19 04:15:00;9.8;84.2;-1.1;1020.1;0.0
2017-11-19 04:30:00;9.7;83.7;-1.1;1020.2;0.0
2017-11-19 04:45:00;9.5;83.0;-1.0;1020.2;0.0
2017-11-19 05:00:00;9.4;82.8;-0.8;1020.4;0.0
2017-11-19 05:15:00;9.2;82.8;-0.8;1020.3;0.0
2017-11-19 05:30:00;9.0;83.3;-0.8;1020.4;0.0
2017-11-19 05:45:00;8.8;83.0;-0.6;1020.5;0.0
2017-11-19 06:00:00;8.5;83.5;-0.4;1020.6;0.0
2017-11-19 06:15:00;8.3;83.2;-0.1;1020.8;0.0
2017-11-19 06:30:00;8.0;83.2;0.0;1020.9;0.0
2017-11-19 06:45:00;7.7;83.7;0.1;1021.0;0.0
2017-11-19 07:00:00;7.3;84.0;0.3;1021.2;0.0
2017-11-19 07:15:00;7.0;84.5;0.5;1021.3;0.0
2017-11-19 07:30:00;6.7;84.8;0.7;1021.5;0.0
2017-11-19 07:45:00;6.6;85.2;0.8;1021.7;0.0
2017-11-19 08:00:00;6.5;85.3;0.6;1021.8;0.0
2017-11-19 08:15:00;6.5;86.1;0.4;1022.0;0.0
2017-11-19 08:30:00;6.9;86.7;0.1;1022.1;0.0
2017-11-19 08:45:00;7.4;86.2;-0.3;1022.3;0.0
2017-11-19 09:00:00;7.8;85.3;-0.4;1022.3;0.0
2017-11-19 09:15:00;8.5;84.8;-0.5;1022.3;0.0
2017-11-19 09:30:00;9.2;82.5;-1.0;1022.5;0.0
2017-11-19 09:45:00;9.8;80.2;-1.2;1022.6;0.0
2017-11-19 10:00:00;10.4;76.9;-1.5;1022.8;0.0
2017-11-19 10:15:00;10.6;74.2;-1.8;1022.9;0.0
2017-11-19 10:30:00;10.7;72.0;-1.8;1023.1;0.0
2017-11-19 10:45:00;10.7;71.3;-1.9;1023.2;0.0
2017-11-19 11:00:00;10.7;71.0;-1.9;1023.1;0.0
2017-11-19 11:15:00;10.8;70.7;-2.0;1023.1;0.0
2017-11-19 11:30:00;11.0;68.5;-2.1;1023.0;0.0
2017-11-19 11:45:00;11.0;67.3;-2.2;1023.0;0.0
2017-11-19 12:00:00;11.1;67.0;-2.2;1023.0;0.0
2017-11-19 12:15:00;11.4;65.5;-2.1;1023.0;0.0
2017-11-19 12:30:00;11.6;64.0;-2.1;1023.0;0.0
2017-11-19 12:45:00;11.6;62.5;-2.0;1023.0;0.0
2017-11-19 13:00:00;11.5;62.2;-2.0;1023.0;0.0
2017-11-19 13:15:00;11.5;61.8;-1.9;1023.0;0.0
2017-11-19 13:30:00;11.7;61.4;-2.0;1022.9;0.0
2017-11-19 13:45:00;11.7;60.7;-2.0;1022.8;0.0
2017-11-19 14:00:00;11.5;61.1;-1.9;1022.8;0.0
2017-11-19 14:15:00;11.5;61.7;-1.8;1022.7;0.0
2017-11-19 14:30:00;11.3;62.0;-1.6;1022.8;0.0
2017-11-19 14:45:00;11.1;62.3;-1.5;1022.9;0.0
2017-11-19 15:00:00;11.0;62.7;-1.4;1022.8;0.0
2017-11-19 15:15:00;10.8;62.6;-1.3;1022.8;0.0
2017-11-19 15:30:00;10.6;63.2;-1.1;1022.7;0.0
2017-11-19 15:45:00;10.4;63.7;-0.9;1022.8;0.0
2017-11-19 16:00:00;10.1;64.3;-0.7;1022.9;0.0
2017-11-19 16:15:00;9.7;65.2;-0.4;1023.0;
2017-11-19 16:30:00;9.4;66.3;-0.2;1023.0;
2017-11-19 16:45:00;9.0;67.3;0.0;1023.1;0.0
2017-11-19 17:00:00;8.7;68.4;0.2;1023.2;0.0
2017-11-19 17:15:00;8.4;69.3;0.0;1023.3;0.0
2017-11-19 17:30:00;8.0;71.2;-0.1;1023.5;0.0
2017-11-19 17:45:00;7.7;72.7;-0.1;1023.5;0.0
2017-11-19 18:00:00;7.5;73.7;-0.2;1023.7;0.0
2017-11-19 18:15:00;7.4;74.3;0.0;1023.7;0.0
2017-11-19 18:30:00;7.3;75.0;0.5;1023.7;0.0
2017-11-19 18:45:00;7.1;75.7;1.2;1023.8;0.0
2017-11-19 19:00:00;7.0;76.2;1.5;1023.8;0.0
2017-11-19 19:15:00;6.9;76.4;1.6;1023.8;0.0
2017-11-19 19:30:00;6.8;77.0;2.0;1023.7;0.0
2017-11-19 19:45:00;6.7;77.7;2.3;1023.8;0.0
2017-11-19 20:00:00;6.8;77.7;2.3;1023.8;0.0
2017-11-19 20:15:00;6.9;77.7;1.9;1023.8;0.0
2017-11-19 20:30:00;6.9;77.7;1.9;1023.9;0.0
2017-11-19 20:45:00;7.0;77.7;1.9;1023.9;0.0
2017-11-19 21:00:00;7.1;77.7;2.0;1023.8;0.0
2017-11-19 21:15:00;7.0;77.7;2.2;1023.8;0.0
2017-11-19 21:30:00;6.9;78.2;1.9;1023.9;0.0
2017-11-19 21:45:00;6.7;78.3;2.0;1024.0;0.0
2017-11-19 22:00:00;6.7;78.3;2.0;1024.0;0.0
2017-11-19 22:15:00;6.5;78.7;1.7;1024.0;0.0
2017-11-19 22:30:00;6.4;79.0;1.5;1023.9;0.0
2017-11-19 22:45:00;6.4;79.4;1.4;1023.9;0.0
2017-11-19 23:00:00;6.5;79.7;1.3;1023.8;0.0
2017-11-19 23:15:00;6.5;79.3;1.3;1023.8;0.0
2017-11-19 23:30:00;6.5;79.3;1.3;1023.7;0.0
2017-11-19 23:45:00;6.4;79.3;1.3;1023.6;0.0
2017-11-20 00:00:00;6.4;79.3;1.5;;
2017-11-20 00:15:00;6.4;79.3;1.5;;
2017-11-20 00:30:00;6.4;79.9;1.4;;
2017-11-20 00:45:00;6.3;80.3;1.5;;
2017-11-20 01:00:00;6.3;80.2;1.5;;
2017-11-20 01:15:00;6.2;80.3;1.7;;
2017-11-20 01:30:00;6.1;80.0;1.9;;
2017-11-20 01:45:00;5.9;80.3;1.9;;
2017-11-20 02:00:00;5.8;80.3;2.0;;
2017-11-20 02:15:00;5.6;80.9;2.0;;
2017-11-20 02:30:00;5.6;81.7;1.7;;
2017-11-20 02:45:00;5.7;82.3;1.7;;
2017-11-20 03:00:00;5.9;82.3;1.6;;
2017-11-20 03:15:00;6.1;82.3;1.5;;
2017-11-20 03:30:00;6.3;81.6;2.0;1021.6;0.0
2017-11-20 03:45:00;6.4;81.3;2.4;1021.4;0.0
2017-11-20 04:00:00;6.5;81.3;2.2;1021.3;0.0
2017-11-20 04:15:00;6.7;81.2;2.4;1021.2;0.0
2017-11-20 04:30:00;6.7;81.0;1.9;1021.2;0.0
2017-11-20 04:45:00;6.8;80.5;2.0;1021.1;0.0
2017-11-20 05:00:00;6.9;80.5;2.1;1021.1;0.0
2017-11-20 05:15:00;7.0;80.3;2.7;1020.8;0.0
2017-11-20 05:30:00;7.0;80.7;3.3;1020.6;0.0
2017-11-20 05:45:00;7.1;80.8;2.9;1020.7;0.0
2017-11-20 06:00:00;7.1;81.0;3.1;1020.7;0.0
2017-11-20 06:15:00;7.2;81.0;2.2;1020.6;0.0
2017-11-20 06:30:00;7.3;81.0;1.7;1020.6;0.0
2017-11-20 06:45:00;7.4;81.3;1.2;1020.6;0.0
2017-11-20 07:00:00;7.5;81.3;0.7;1020.4;0.1
2017-11-20 07:15:00;7.7;81.7;0.5;1020.3;0.0
2017-11-20 07:30:00;7.8;81.7;0.2;1020.4;0.0
2017-11-20 07:45:00;7.9;81.7;-0.3;1020.4;0.0
2017-11-20 08:00:00;8.1;81.7;-0.4;1020.5;0.0
2017-11-20 08:15:00;8.3;81.7;0.8;1020.5;0.0
2017-11-20 08:30:00;8.4;81.7;0.7;1020.4;0.0
2017-11-20 08:45:00;8.6;81.7;0.0;1020.2;0.0
2017-11-20 09:00:00;9.0;81.7;-0.4;1020.2;0.0
2017-11-20 09:15:00;9.4;81.3;-1.1;1020.1;0.0
2017-11-20 09:30:00;9.9;81.3;-1.6;1020.2;0.0
2017-11-20 09:45:00;10.3;81.0;-1.8;1020.1;0.0
2017-11-20 10:00:00;11.0;80.8;-1.9;1020.0;0.0
2017-11-20 10:15:00;11.7;79.2;-2.0;1020.1;0.0
2017-11-20 10:30:00;12.1;77.2;-2.4;1020.1;0.0
2017-11-20 10:45:00;12.2;76.0;-2.1;1019.9;0.0
2017-11-20 11:00:00;12.3;75.4;-1.9;1019.8;0.0
2017-11-20 11:15:00;12.3;74.8;-1.9;1019.6;0.0
2017-11-20 11:30:00;12.4;74.3;-1.9;1019.4;0.0
2017-11-20 11:45:00;12.5;74.0;-2.0;1019.2;0.0
2017-11-20 12:00:00;12.6;73.7;-2.0;1018.9;0.0
2017-11-20 12:15:00;12.6;73.3;-2.0;1018.8;0.0
2017-11-20 12:30:00;12.6;73.3;-2.0;1018.7;0.0
2017-11-20 12:45:00;12.5;72.7;-1.9;1018.4;0.0
2017-11-20 13:00:00;12.5;72.8;-2.0;1018.3;0.0
2017-11-20 13:15:00;12.8;72.3;-2.0;1018.0;0.0
2017-11-20 13:30:00;13.1;71.2;-2.0;1017.8;0.0
2017-11-20 13:45:00;13.2;70.7;-2.0;1017.6;0.0
2017-11-20 14:00:00;13.3;69.9;-2.1;1017.5;0.0
2017-11-20 14:15:00;13.3;69.8;-2.1;1017.3;0.1
2017-11-20 14:30:00;13.2;70.3;-1.9;1017.3;0.0
2017-11-20 14:45:00;13.1;69.8;-1.8;1017.2;0.0
2017-11-20 15:00:00;13.0;70.3;-1.7;1017.3;0.0
2017-11-20 15:15:00;12.9;70.2;-1.7;1017.3;0.0
2017-11-20 15:30:00;12.8;70.3;-1.6;1017.3;0.0
2017-11-20 15:45:00;12.8;70.3;-1.5;1017.2;0.0
2017-11-20 16:00:00;12.8;70.7;-1.3;1017.3;0.0
2017-11-20 16:15:00;12.7;70.8;-1.3;1017.3;0.0
2017-11-20 16:30:00;12.7;71.5;-1.0;1017.2;0.0
2017-11-20 16:45:00;12.7;71.7;-0.8;1017.2;0.0
2017-11-20 17:00:00;12.5;72.0;-0.5;1017.1;0.0
2017-11-20 17:15:00;12.5;72.0;0.0;1017.0;0.0
2017-11-20 17:30:00;12.4;72.7;0.1;1017.0;0.0
2017-11-20 17:45:00;12.3;72.8;0.1;1017.0;0.0
2017-11-20 18:00:00;12.1;73.2;0.1;1017.0;0.0
2017-11-20 18:15:00;12.0;73.7;0.0;1017.0;0.0
2017-11-20 18:30:00;11.9;74.3;-0.1;1017.0;0.0
2017-11-20 18:45:00;11.7;74.7;-0.3;1017.1;0.0
2017-11-20 19:00:00;11.7;75.5;-0.5;1017.1;0.0
2017-11-20 19:15:00;11.6;75.9;-0.6;1016.8;0.0
2017-11-20 19:30:00;11.5;76.7;-0.7;1017.0;0.0
2017-11-20 19:45:00;11.6;76.9;-0.7;1017.2;0.0
2017-11-20 20:00:00;11.7;77.5;-0.8;1017.2;0.0
2017-11-20 20:15:00;11.9;77.7;-0.7;1017.3;0.0
2017-11-20 20:30:00;11.9;77.7;-0.7;1017.2;0.0
2017-11-20 20:45:00;11.9;77.7;-0.7;1017.0;0.0
2017-11-20 21:00:00;11.9;77.7;-0.8;1017.1;0.0
2017-11-20 21:15:00;11.8;77.7;-1.0;1017.0;0.0
2017-11-20 21:30:00;11.8;77.7;-1.0;1016.8;0.0
2017-11-20 21:45:00;11.8;77.7;-0.9;1016.6;0.0
2017-11-20 22:00:00;11.9;77.7;-0.8;1016.6;0.0
2017-11-20 22:15:00;12.0;77.7;-0.8;1016.6;0.0
2017-11-20 22:30:00;12.0;77.7;-0.9;1016.7;0.0
2017-11-20 22:45:00;12.0;77.7;-0.8;1016.6;0.0
2017-11-20 23:00:00;12.0;77.7;-0.7;1016.7;0.0
2017-11-20 23:15:00;11.9;77.7;-0.8;1016.8;0.0
2017-11-20 23:30:00;11.8;77.7;-0.7;1016.9;0.0
2017-11-20 23:45:00;11.7;77.7;-0.7;1017.0;0.0
2017-11-21 00:00:00;11.7;77.7;-1.0;1016.9;0.0
2017-11-21 00:15:00;11.7;77.7;-0.9;1016.7;0.0
2017-11-21 00:30:00;11.7;77.7;-0.7;1016.6;0.0
2017-11-21 00:45:00;11.7;77.7;-0.8;1016.6;0.0
2017-11-21 01:00:00;11.6;77.7;-1.0;1016.6;0.0
2017-11-21 01:15:00;11.5;77.7;-1.0;1016.6;0.0
2017-11-21 01:30:00;11.5;78.3;-0.9;1016.6;0.0
2017-11-21 01:45:00;11.5;78.7;-1.2;1016.4;0.0
2017-11-21 02:00:00;11.5;78.7;-1.1;1016.4;0.0
2017-11-21 02:15:00;11.5;78.7;-1.0;1016.4;0.0
2017-11-21 02:30:00;11.4;78.5;-1.1;1016.3;0.0
2017-11-21 02:45:00;11.2;78.4;-1.2;1016.2;0.0
2017-11-21 03:00:00;11.0;78.7;-1.2;1016.1;0.0
2017-11-21 03:15:00;11.0;79.2;-1.3;1016.0;0.0
2017-11-21 03:30:00;11.0;79.7;-1.3;1016.0;0.0
2017-11-21 03:45:00;11.0;79.7;-1.4;1015.9;0.0
2017-11-21 04:00:00;11.2;79.2;-1.4;1015.9;0.0
2017-11-21 04:15:00;11.2;78.7;-1.4;1015.8;0.0
2017-11-21 04:30:00;11.3;78.3;-1.4;1015.7;0.0
2017-11-21 04:45:00;11.4;78.0;-1.2;1015.7;0.0
2017-11-21 05:00:00;11.4;77.7;-1.2;1015.8;0.0
2017-11-21 05:15:00;11.4;77.7;-1.3;1015.8;0.0
2017-11-21 05:30:00;11.4;77.7;-1.4;1015.8;0.0
2017-11-21 05:45:00;11.3;77.3;-1.4;1015.9;0.0
2017-11-21 06:00:00;11.4;76.8;-1.4;1015.8;0.0
2017-11-21 06:15:00;11.4;76.7;-1.3;1015.6;0.0
2017-11-21 06:30:00;11.3;76.8;-1.3;1015.6;0.0
2017-11-21 06:45:00;11.3;76.7;-1.2;1015.7;0.0
2017-11-21 07:00:00;11.3;76.7;-1.3;;
2017-11-21 07:15:00;11.3;76.7;-1.2;1015.7;0.0
2017-11-21 07:30:00;11.3;76.5;-1.3;1015.7;0.0
2017-11-21 07:45:00;11.4;76.3;-1.3;1015.7;0.0
2017-11-21 08:00:00;11.4;76.0;-1.3;;
2017-11-21 08:15:00;11.5;76.0;-1.3;1015.5;0.0
2017-11-21 08:30:00;11.6;76.0;-1.5;1015.6;0.0
2017-11-21 08:45:00;11.6;75.7;-1.5;1015.6;0.0
2017-11-21 09:00:00;11.7;75.7;-1.5;1015.6;0.0
2017-11-21 09:15:00;11.8;75.7;-1.6;1015.7;0.0
2017-11-21 09:30:00;11.9;75.3;-1.6;1015.8;0.0
2017-11-21 09:45:00;12.0;75.0;-1.6;1015.6;0.0
2017-11-21 10:00:00;12.0;75.0;-1.6;1015.6;0.0
2017-11-21 10:15:00;12.2;74.8;-1.7;1015.7;0.0
2017-11-21 10:30:00;12.3;74.7;-1.7;1015.7;0.0
2017-11-21 10:45:00;12.4;74.7;-1.7;1015.5;0.0
2017-11-21 11:00:00;12.5;74.3;-1.8;1015.4;0.0
2017-11-21 11:15:00;12.7;74.2;-1.9;1015.2;0.0
2017-11-21 11:30:00;12.9;73.7;-2.0;1015.0;0.0
2017-11-21 11:45:00;13.1;73.7;-2.0;1014.8;0.2
2017-11-21 12:00:00;13.2;73.3;-2.0;1014.6;0.0
2017-11-21 12:15:00;13.3;73.0;-2.0;1014.3;0.0
2017-11-21 12:30:00;13.4;72.7;-1.9;1014.4;0.0
2017-11-21 12:45:00;13.4;72.8;-1.9;1014.1;0.0
2017-11-21 13:00:00;13.4;72.7;-1.8;1013.8;0.0
2017-11-21 13:15:00;13.6;72.7;-1.7;1013.8;0.0
2017-11-21 13:30:00;13.6;72.7;-1.7;1013.7;0.0
2017-11-21 13:45:00;13.7;72.0;-1.8;1013.4;0.0
2017-11-21 14:00:00;13.7;71.5;-1.8;1013.3;0.0
2017-11-21 14:15:00;13.7;71.0;-1.8;1013.3;0.1
2017-11-21 14:30:00;13.6;71.0;-1.8;1013.2;0.0
2017-11-21 14:45:00;13.6;71.3;-1.8;1013.3;0.0
2017-11-21 15:00:00;13.7;71.7;-1.7;1013.1;0.0
2017-11-21 15:15:00;13.6;71.7;-1.7;1013.1;0.0
2017-11-21 15:30:00;13.6;71.7;-1.7;1013.1;0.0
2017-11-21 15:45:00;13.6;71.7;-1.6;1013.1;0.0
2017-11-21 16:00:00;13.6;71.5;-1.6;1013.2;0.0
2017-11-21 16:15:00;13.6;71.6;-1.5;1013.0;0.0
2017-11-21 16:30:00;13.5;71.5;-1.5;1013.0;0.0
2017-11-21 16:45:00;13.4;71.8;-1.4;1012.8;0.0
2017-11-21 17:00:00;13.2;72.0;-1.4;1012.8;0.0
2017-11-21 17:15:00;13.2;72.2;-1.4;1012.7;0.0
2017-11-21 17:30:00;13.2;72.8;-1.4;1012.6;0.0
2017-11-21 17:45:00;13.1;73.0;-1.4;1012.5;0.0
2017-11-21 18:00:00;13.0;73.0;-1.4;1012.6;0.0
2017-11-21 18:15:00;13.0;73.7;-1.3;1012.6;0.0
2017-11-21 18:30:00;13.0;73.7;-1.2;1012.5;0.0
2017-11-21 18:45:00;13.0;73.7;-1.2;1012.3;0.0
2017-11-21 19:00:00;13.0;73.8;-1.2;1012.2;0.0
2017-11-21 19:15:00;13.0;73.7;-1.0;1012.2;0.0
2017-11-21 19:30:00;13.0;73.7;-1.0;1012.1;0.0
2017-11-21 19:45:00;13.0;73.3;-1.0;1011.9;0.0
2017-11-21 20:00:00;13.1;73.2;-1.0;1011.8;0.0
2017-11-21 20:15:00;13.2;73.0;-0.9;1011.7;0.0
2017-11-21 20:30:00;13.2;73.0;-0.9;1011.7;0.0
2017-11-21 20:45:00;13.3;72.7;-1.0;1011.5;0.0
2017-11-21 21:00:00;13.4;72.8;-1.0;1011.4;0.0
2017-11-21 21:15:00;13.4;72.7;-1.1;1011.3;0.0
2017-11-21 21:30:00;13.3;72.8;-1.0;1011.2;0.0
2017-11-21 21:45:00;13.1;73.3;-0.9;1011.1;0.0
2017-11-21 22:00:00;13.0;73.7;-1.0;1011.2;0.0
2017-11-21 22:15:00;12.8;74.3;-1.0;1011.1;0.0
2017-11-21 22:30:00;12.8;74.7;-1.1;1011.2;0.0
2017-11-21 22:45:00;12.9;74.8;-1.2;1011.1;0.0
2017-11-21 23:00:00;13.0;74.7;-1.2;1010.9;0.0
2017-11-21 23:15:00;13.2;74.3;-1.2;1010.9;0.0
2017-11-21 23:30:00;13.5;73.8;-1.0;1010.9;0.0
2017-11-21 23:45:00;13.5;73.7;-1.0;1010.8;0.0
2017-11-22 00:00:00;13.5;73.7;-0.9;1010.6;0.0
2017-11-22 00:15:00;13.4;73.8;-0.9;1010.4;0.0
2017-11-22 00:30:00;13.3;74.7;-0.8;1010.3;0.0
2017-11-22 00:45:00;13.2;74.8;-0.6;1010.2;0.0
2017-11-22 01:00:00;13.1;75.0;-0.5;1010.3;0.0
2017-11-22 01:15:00;12.9;75.7;-0.8;1010.1;0.0
2017-11-22 01:30:00;12.9;76.0;-0.8;1010.0;0.0
2017-11-22 01:45:00;12.8;76.7;-1.0;1010.0;0.0
2017-11-22 02:00:00;12.8;76.7;-1.0;1009.8;0.0
2017-11-22 02:15:00;12.7;76.7;-1.0;1009.6;0.0
2017-11-22 02:30:00;12.6;77.0;-1.0;1009.5;0.0
2017-11-22 02:45:00;12.4;77.7;-1.0;1009.2;0.0
2017-11-22 03:00:00;12.3;77.9;-0.9;1009.0;0.0
2017-11-22 03:15:00;12.3;78.1;-0.8;1008.7;0.0
2017-11-22 03:30:00;12.2;78.2;-0.8;1008.5;0.0
2017-11-22 03:45:00;11.9;78.7;-0.7;1008.4;0.0
2017-11-22 04:00:00;11.6;79.0;-0.6;1008.2;0.0
2017-11-22 04:15:00;11.4;79.7;-0.6;1008.1;0.0
2017-11-22 04:30:00;11.2;80.2;-0.6;1008.0;0.0
2017-11-22 04:45:00;11.0;80.5;-0.6;1007.9;0.0
2017-11-22 05:00:00;10.9;80.7;-0.5;1007.9;0.0
2017-11-22 05:15:00;10.7;81.0;-0.4;1007.8;0.0
2017-11-22 05:30:00;10.6;81.5;-0.3;1007.7;0.0
2017-11-22 05:45:00;10.4;81.7;-0.1;1007.6;0.0
2017-11-22 06:00:00;10.3;81.8;-0.1;1007.5;0.0
2017-11-22 06:15:00;10.2;82.5;-0.3;1007.5;0.0
2017-11-22 06:30:00;10.2;82.7;-0.5;1007.6;0.0
2017-11-22 06:45:00;10.1;82.7;-0.6;1007.5;0.0
2017-11-22 07:00:00;10.0;82.5;-0.7;1007.6;0.0
2017-11-22 07:15:00;9.9;82.7;-0.8;1007.6;0.0
2017-11-22 07:30:00;9.8;82.5;-0.7;1007.7;0.0
2017-11-22 07:45:00;9.8;82.5;-0.7;1007.6;0.0
2017-11-22 08:00:00;9.7;82.7;-0.7;1007.5;0.0
2017-11-22 08:15:00;9.7;82.7;-0.6;1007.4;0.0
2017-11-22 08:30:00;10.0;82.2;-0.6;1007.4;0.0
2017-11-22 08:45:00;10.5;81.3;-0.9;1007.4;0.0
2017-11-22 09:00:00;11.0;79.5;-1.0;1007.2;0.0
2017-11-22 09:15:00;11.4;77.8;-1.2;1007.1;0.0
2017-11-22 09:30:00;11.8;76.2;-1.5;1007.1;0.0
2017-11-22 09:45:00;12.2;75.0;-1.8;1007.0;0.0
2017-11-22 10:00:00;12.8;73.2;-1.8;1006.9;0.0
2017-11-22 10:15:00;13.5;70.8;-1.8;1006.6;0.0
2017-11-22 10:30:00;14.0;68.5;-1.9;1006.2;0.0
2017-11-22 10:45:00;14.2;66.8;-1.9;1005.9;0.0
2017-11-22 11:00:00;14.7;65.3;-2.2;1005.8;0.0
2017-11-22 11:15:00;15.0;63.7;-2.3;1005.6;0.0
2017-11-22 11:30:00;15.3;62.2;-2.4;1005.2;0.0
2017-11-22 11:45:00;15.7;60.7;-2.4;1004.8;0.0
2017-11-22 12:00:00;16.4;58.2;-2.3;1004.6;0.0
2017-11-22 12:15:00;16.9;56.7;-2.3;1004.4;0.0
2017-11-22 12:30:00;17.2;55.7;-2.3;1004.2;0.0
2017-11-22 12:45:00;17.4;54.8;-2.2;1004.1;0.0
2017-11-22 13:00:00;17.6;54.3;-2.0;1003.8;
2017-11-22 13:15:00;17.7;53.2;-1.8;1003.6;
2017-11-22 13:30:00;17.8;52.7;-1.8;1003.4;0.1
2017-11-22 13:45:00;17.9;51.7;-1.7;1003.1;0.0
2017-11-22 14:00:00;17.9;51.3;-1.4;1002.7;0.0
2017-11-22 14:15:00;17.8;51.2;-1.3;1002.3;0.0
2017-11-22 14:30:00;17.6;51.7;-1.2;1002.1;0.0
2017-11-22 14:45:00;17.2;51.3;-1.2;1002.0;0.0
2017-11-22 15:00:00;16.9;52.5;-1.3;1001.8;0.0
2017-11-22 15:15:00;16.4;54.2;-1.2;1001.7;0.0
2017-11-22 15:30:00;15.8;55.2;-1.1;1001.6;0.0
2017-11-22 15:45:00;15.4;55.3;-0.9;1001.6;0.0
2017-11-22 16:00:00;15.2;54.7;-0.9;1001.5;0.0
2017-11-22 16:15:00;14.9;54.7;-0.9;1001.4;0.0
2017-11-22 16:30:00;14.7;55.2;-0.7;1001.3;0.0
2017-11-22 16:45:00;14.3;56.3;-0.7;1001.3;0.0
2017-11-22 17:00:00;13.9;57.4;-0.7;1001.0;0.0
2017-11-22 17:15:00;13.7;58.2;-0.7;1000.9;0.0
2017-11-22 17:30:00;13.4;58.8;-0.6;1000.8;0.0
2017-11-22 17:45:00;13.3;59.3;-0.5;1000.7;0.0
2017-11-22 18:00:00;13.3;59.8;-0.4;1000.6;0.0
2017-11-22 18:15:00;13.1;60.3;-0.3;1000.5;0.0
2017-11-22 18:30:00;12.9;60.8;-0.1;1000.4;0.0
2017-11-22 18:45:00;12.8;61.1;-0.1;1000.2;0.0
2017-11-22 19:00:00;12.6;61.7;-0.2;999.9;0.0
2017-11-22 19:15:00;12.6;61.7;-0.1;999.8;0.0
2017-11-22 19:30:00;12.6;61.8;-0.3;999.6;0.0
2017-11-22 19:45:00;12.6;61.7;-0.4;999.5;0.0
2017-11-22 20:00:00;12.6;62.0;-0.4;999.4;0.0
2017-11-22 20:15:00;12.6;62.0;-0.5;999.4;0.0
2017-11-22 20:30:00;12.7;61.7;-0.5;999.4;0.0
2017-11-22 20:45:00;12.9;61.6;-0.5;999.3;0.0
2017-11-22 21:00:00;13.2;61.2;-0.5;999.1;0.0
2017-11-22 21:15:00;13.5;60.8;-0.4;998.8;0.0
2017-11-22 21:30:00;13.7;60.0;-0.6;998.4;0.0
2017-11-22 21:45:00;13.7;60.0;-0.7;998.2;0.0
2017-11-22 22:00:00;13.7;60.0;-0.8;998.0;0.0
2017-11-22 22:15:00;13.7;60.0;-0.9;997.8;0.0
2017-11-22 22:30:00;13.6;60.0;-0.9;997.6;0.0
2017-11-22 22:45:00;13.6;60.0;-0.9;997.4;0.0
2017-11-22 23:00:00;13.7;60.0;-0.9;997.3;0.0
2017-11-22 23:15:00;13.9;59.5;-0.9;997.2;0.0
2017-11-22 23:30:00;14.0;59.3;-1.0;997.1;0.0
2017-11-22 23:45:00;14.2;59.0;-0.9;996.9;0.0
2017-11-23 00:00:00;14.2;58.8;-1.0;996.9;0.0
2017-11-23 00:15:00;14.2;58.8;-0.9;996.6;0.0
2017-11-23 00:30:00;14.2;59.0;-0.8;996.3;0.0
2017-11-23 00:45:00;14.2;59.0;-0.7;996.2;0.0
2017-11-23 01:00:00;14.2;59.0;-0.6;996.4;0.0
2017-11-23 01:15:00;14.1;59.0;-0.5;996.3;0.0
2017-11-23 01:30:00;14.0;59.5;-0.7;995.9;0.0
2017-11-23 01:45:00;14.1;60.0;-0.8;995.6;0.0
2017-11-23 02:00:00;14.0;60.0;-0.7;995.7;0.0
2017-11-23 02:15:00;13.8;60.8;-0.7;995.6;0.0
2017-11-23 02:30:00;13.7;61.2;-0.7;995.4;0.0
2017-11-23 02:45:00;13.6;62.0;-0.5;995.1;0.0
2017-11-23 03:00:00;13.7;62.2;-0.6;994.8;0.0
2017-11-23 03:15:00;13.9;62.3;-0.8;994.7;0.0
2017-11-23 03:30:00;14.3;62.0;-0.7;994.5;0.0
2017-11-23 03:45:00;14.7;62.4;-1.1;994.5;0.0
2017-11-23 04:00:00;15.2;63.0;-1.2;994.4;0.0
2017-11-23 04:15:00;15.5;63.3;-1.2;994.6;0.0
2017-11-23 04:30:00;15.7;64.0;-1.3;994.7;0.0
2017-11-23 04:45:00;15.8;64.7;-1.3;994.9;0.0
2017-11-23 05:00:00;15.7;65.3;-1.4;995.1;0.0
2017-11-23 05:15:00;15.6;67.9;-1.2;995.5;0.0
2017-11-23 05:30:00;15.1;71.8;-0.9;995.8;0.0
2017-11-23 05:45:00;14.7;73.5;-1.0;996.2;0.0
2017-11-23 06:00:00;14.7;74.2;-1.1;996.6;0.0
2017-11-23 06:15:00;14.8;74.7;-1.3;997.0;0.0
2017-11-23 06:30:00;14.9;74.7;-1.2;997.3;0.0
2017-11-23 06:45:00;14.9;75.5;-0.9;997.6;0.0
2017-11-23 07:00:00;14.6;77.3;-0.9;997.8;0.0
2017-11-23 07:15:00;14.3;78.4;-0.9;998.1;0.0
2017-11-23 07:30:00;14.2;79.0;-0.9;998.5;0.0
2017-11-23 07:45:00;14.2;79.8;-0.8;998.8;0.0
2017-11-23 08:00:00;;;-0.9;999.1;0.0
2017-11-23 08:15:00;;;-0.9;999.3;0.0
2017-11-23 08:30:00;15.9;75.3;-1.1;999.6;0.0
2017-11-23 08:45:00;15.6;80.0;-1.3;999.9;0.0
2017-11-23 09:00:00;;;-1.3;1000.2;0.0
2017-11-23 09:15:00;16.8;68.8;-1.3;1000.4;0.0
2017-11-23 09:30:00;16.6;75.5;-1.5;1000.7;0.2
2017-11-23 09:45:00;;;-1.4;1001.1;0.0
2017-11-23 10:00:00;16.4;72.5;-0.9;1001.6;0.0
2017-11-23 10:15:00;15.6;68.0;-0.9;1001.8;0.0
2017-11-23 10:30:00;16.4;79.0;-1.8;1002.2;0.0
2017-11-23 10:45:00;17.6;74.0;-2.3;1002.3;0.0
2017-11-23 11:00:00;17.7;60.0;-2.0;1002.4;0.0
2017-11-23 11:15:00;;;-1.8;1002.8;0.3
2017-11-23 11:30:00;;;-2.2;1003.4;0.0
2017-11-23 11:45:00;;;-1.6;1003.6;0.0
2017-11-23 12:00:00;;;-1.6;1003.8;0.0
2017-11-23 12:15:00;;;-1.7;1004.0;0.0
2017-11-23 12:30:00;;;-1.7;1004.3;0.0
2017-11-23 12:45:00;;;-1.7;1004.6;0.0
2017-11-23 13:00:00;;;-1.5;1004.8;0.0
2017-11-23 13:15:00;;;-1.3;1004.9;0.0
2017-11-23 13:30:00;;;-1.3;1005.0;0.0
2017-11-23 13:45:00;;;-1.5;1005.1;0.0
2017-11-23 14:00:00;;;-1.6;1005.2;0.0
2017-11-23 14:15:00;;;-1.5;1005.3;0.1
2017-11-23 14:30:00;;;-1.6;1005.4;0.0
2017-11-23 14:45:00;;;-1.5;1005.6;0.0
2017-11-23 15:00:00;;;-1.4;1005.7;0.0
2017-11-23 15:15:00;;;-1.5;1006.0;0.0
2017-11-23 15:30:00;;;-1.4;1006.1;0.0
2017-11-23 15:45:00;;;-1.3;1006.2;0.0
2017-11-23 16:00:00;;;-1.4;1006.4;0.0
2017-11-23 16:15:00;;;-1.3;1006.6;0.0
2017-11-23 16:30:00;;;-1.2;1006.7;0.0
2017-11-23 16:45:00;;;-1.1;1006.8;0.0
2017-11-23 17:00:00;;;-1.1;1007.1;0.0
2017-11-23 17:15:00;;;-1.3;1007.4;0.0
2017-11-23 17:30:00;;;-1.3;1007.6;0.0
2017-11-23 17:45:00;;;-1.4;1007.8;0.0
2017-11-23 18:00:00;11.9;74.8;-1.4;1008.0;0.0
2017-11-23 18:15:00;12.5;77.0;-1.4;1008.3;0.0
2017-11-23 18:30:00;;;-1.3;1008.4;0.0
2017-11-23 18:45:00;13.9;62.0;-1.3;1008.2;0.0
2017-11-23 19:00:00;13.9;68.0;-1.3;1008.1;0.0
2017-11-23 19:15:00;;;-1.3;1008.3;0.0
2017-11-23 19:30:00;13.9;59.5;-1.1;1008.3;0.0
2017-11-23 19:45:00;13.7;66.0;-0.9;1008.4;0.0
2017-11-23 20:00:00;;;-0.9;1008.4;0.0
2017-11-23 20:15:00;13.9;59.0;-0.9;1008.3;0.0
2017-11-23 20:30:00;14.0;65.0;-0.7;1008.1;0.0
2017-11-23 20:45:00;;;-0.6;1008.0;0.0
2017-11-23 21:00:00;13.9;60.0;-0.5;1008.0;0.0
2017-11-23 21:15:00;13.9;66.0;-0.4;1007.8;0.0
2017-11-23 21:30:00;13.2;67.5;-0.5;1007.7;0.0
2017-11-23 21:45:00;13.8;60.5;-0.4;1007.6;0.2
2017-11-23 22:00:00;;;-0.5;1007.2;0.5
2017-11-23 22:15:00;;;-0.5;1007.1;0.1
2017-11-23 22:30:00;13.2;69.3;-0.3;1006.9;0.1
2017-11-23 22:45:00;;;-0.3;1006.5;0.0
2017-11-23 23:00:00;;;-0.8;1006.3;0.0
2017-11-23 23:15:00;12.4;75.0;-0.7;1006.2;0.0
2017-11-23 23:30:00;11.6;82.0;-0.9;1006.0;0.5
2017-11-23 23:45:00;;;-0.7;1005.6;0.1
2017-11-24 00:00:00;12.3;76.0;-0.5;1005.2;0.0
2017-11-24 00:15:00;12.0;79.5;-0.5;1004.6;0.6
2017-11-24 00:30:00;11.2;79.5;-0.2;1004.2;0.5
2017-11-24 00:45:00;11.1;81.0;0.1;1003.8;0.0
2017-11-24 01:00:00;11.6;83.0;0.2;1003.6;1.1
2017-11-24 01:15:00;11.1;82.8;-0.1;1003.3;0.5
2017-11-24 01:30:00;11.2;83.0;-0.1;1003.2;0.9
2017-11-24 01:45:00;12.0;84.1;-0.4;1003.4;2.6
2017-11-24 02:00:00;11.6;84.2;-1.1;1004.1;0.1
2017-11-24 02:15:00;10.9;83.7;-1.3;1004.6;0.0
2017-11-24 02:30:00;10.3;83.7;-1.4;1004.7;0.0
2017-11-24 02:45:00;9.9;84.3;-1.3;1004.8;0.0
2017-11-24 03:00:00;9.7;84.8;-1.0;1004.8;0.0
2017-11-24 03:15:00;9.5;85.0;-0.9;1005.2;0.0
2017-11-24 03:30:00;9.4;85.2;-0.8;1005.1;0.0
2017-11-24 03:45:00;9.3;85.2;-0.2;1005.4;0.0
2017-11-24 04:00:00;9.2;85.3;-0.4;1005.8;0.0
2017-11-24 04:15:00;9.0;85.7;-0.3;1006.5;0.0
2017-11-24 04:30:00;9.0;86.4;-0.9;1006.8;0.0
2017-11-24 04:45:00;9.2;86.3;-1.1;1006.6;0.0
2017-11-24 05:00:00;9.4;86.3;-1.2;1006.9;0.0
2017-11-24 05:15:00;9.5;86.2;-1.2;1007.1;0.0
2017-11-24 05:30:00;9.5;85.7;-1.3;1007.1;0.0
2017-11-24 05:45:00;9.5;85.5;-1.2;1007.4;0.0
2017-11-24 06:00:00;9.5;85.7;-1.1;1007.5;0.0
2017-11-24 06:15:00;9.5;85.4;-0.9;1007.8;0.0
2017-11-24 06:30:00;9.4;85.5;-0.7;1008.0;0.0
2017-11-24 06:45:00;9.5;85.5;-0.6;1008.3;0.0
2017-11-24 07:00:00;9.5;85.0;-0.5;1008.4;0.0
2017-11-24 07:15:00;9.6;84.5;-0.2;1008.6;0.0
2017-11-24 07:30:00;9.4;84.2;0.0;1008.7;0.0
2017-11-24 07:45:00;9.2;83.7;0.4;1008.9;0.0
2017-11-24 08:00:00;9.0;84.0;0.6;1009.1;0.0
2017-11-24 08:15:00;8.9;84.3;0.5;1009.3;0.0
2017-11-24 08:30:00;8.8;85.2;0.2;1009.6;0.0
2017-11-24 08:45:00;9.0;86.2;0.1;1009.8;0.0
2017-11-24 09:00:00;9.4;86.0;-0.2;1010.1;0.0
2017-11-24 09:15:00;9.6;85.2;-0.4;1010.3;0.0
2017-11-24 09:30:00;9.9;85.0;-0.5;1010.5;0.0
2017-11-24 09:45:00;10.0;84.4;-1.3;1010.6;0.0
2017-11-24 10:00:00;10.1;84.0;-1.7;1010.8;0.0
2017-11-24 10:15:00;10.3;84.3;-1.7;1010.9;0.0
2017-11-24 10:30:00;10.9;83.4;-2.5;1011.0;0.0
2017-11-24 10:45:00;11.1;83.0;-2.6;1011.1;0.0
2017-11-24 11:00:00;11.2;82.7;-2.5;1011.0;0.0
2017-11-24 11:15:00;11.3;82.3;-2.3;1011.0;0.0
2017-11-24 11:30:00;11.6;81.8;-2.2;1010.9;0.0
2017-11-24 11:45:00;12.1;81.3;-2.0;1010.8;0.0
2017-11-24 12:00:00;12.8;77.7;-1.8;1010.8;0.0
2017-11-24 12:15:00;13.4;72.2;-2.0;1010.8;0.0
2017-11-24 12:30:00;14.1;69.8;-2.8;1010.8;0.0
2017-11-24 12:45:00;14.4;68.7;-2.7;1010.7;0.0
2017-11-24 13:00:00;14.6;67.2;-2.2;1010.6;0.0
2017-11-24 13:15:00;14.4;66.3;-1.9;1010.8;0.0
2017-11-24 13:30:00;14.0;66.2;-1.9;1010.6;0.0
2017-11-24 13:45:00;13.8;67.0;-2.1;1010.5;0.0
2017-11-24 14:00:00;13.5;67.2;-2.2;1010.4;0.0
2017-11-24 14:15:00;13.1;68.5;-1.9;1010.2;0.0
2017-11-24 14:30:00;12.8;68.8;-2.0;1010.3;0.0
2017-11-24 14:45:00;12.7;70.0;-2.0;1010.5;0.0
2017-11-24 15:00:00;12.4;71.3;-1.9;1010.4;0.0
2017-11-24 15:15:00;12.2;73.3;-1.8;1010.5;0.1
2017-11-24 15:30:00;12.0;73.8;-1.8;1010.4;0.1
2017-11-24 15:45:00;11.8;75.3;-1.6;1010.4;0.0
2017-11-24 16:00:00;11.6;77.3;-1.4;1010.5;0.0
2017-11-24 16:15:00;11.5;78.0;-1.3;1010.6;0.0
2017-11-24 16:30:00;11.3;78.7;-1.4;1010.7;0.0
2017-11-24 16:45:00;11.1;79.2;-0.9;1010.8;0.0
2017-11-24 17:00:00;10.9;79.8;-0.7;1010.9;0.0
2017-11-24 17:15:00;10.8;80.5;-0.5;1011.0;0.0
2017-11-24 17:30:00;10.7;80.7;-0.4;1011.0;0.0
2017-11-24 17:45:00;10.7;80.7;-0.1;1011.0;0.0
2017-11-24 18:00:00;10.6;79.8;-0.4;1011.0;0.0
2017-11-24 18:15:00;10.4;79.2;-1.1;1011.3;0.0
2017-11-24 18:30:00;10.2;78.4;-1.7;1011.6;0.1
2017-11-24 18:45:00;9.7;77.8;-1.5;1011.6;0.0
2017-11-24 19:00:00;9.3;78.7;-1.4;1011.6;0.0
2017-11-24 19:15:00;9.1;78.8;-0.6;1011.6;0.0
2017-11-24 19:30:00;9.0;78.7;0.0;1011.6;0.0
2017-11-24 19:45:00;8.8;78.3;0.2;1011.5;0.0
2017-11-24 20:00:00;8.6;78.5;1.1;1011.6;0.0
2017-11-24 20:15:00;8.2;79.4;0.6;1011.6;0.0
2017-11-24 20:30:00;8.0;80.5;0.9;1011.6;0.0
2017-11-24 20:45:00;7.8;81.2;0.8;1011.6;0.0
2017-11-24 21:00:00;7.8;81.3;0.6;1011.5;0.4
2017-11-24 21:15:00;7.9;81.5;0.4;1011.3;0.0
2017-11-24 21:30:00;7.9;81.5;0.8;1011.2;0.0
2017-11-24 21:45:00;7.7;82.0;1.0;1011.2;0.0
2017-11-24 22:00:00;7.4;82.4;1.1;1011.1;0.0
2017-11-24 22:15:00;7.2;82.8;0.6;1011.0;0.0
2017-11-24 22:30:00;7.1;83.5;0.8;1010.9;0.0
2017-11-24 22:45:00;6.8;83.7;1.0;1010.9;0.0
2017-11-24 23:00:00;6.6;83.7;1.0;1010.9;0.0
2017-11-24 23:15:00;6.5;84.0;1.0;1010.9;0.0
2017-11-24 23:30:00;6.4;84.7;0.9;1010.9;0.0
2017-11-24 23:45:00;6.4;84.7;1.0;1010.9;0.0
2017-11-25 00:00:00;6.2;84.7;1.0;1010.8;0.0
2017-11-25 00:15:00;6.2;84.7;1.0;1010.7;0.0
2017-11-25 00:30:00;6.2;84.7;1.2;1010.5;0.0
2017-11-25 00:45:00;6.1;84.7;1.0;1010.4;0.0
2017-11-25 01:00:00;5.9;84.5;1.2;1010.2;0.0
2017-11-25 01:15:00;5.7;84.0;0.7;1010.2;0.0
2017-11-25 01:30:00;5.4;84.1;0.2;1010.2;0.0
2017-11-25 01:45:00;5.5;84.8;0.2;1010.1;0.0
2017-11-25 02:00:00;5.5;85.0;0.2;1010.1;0.0
2017-11-25 02:15:00;5.6;85.3;-0.1;1010.1;0.0
2017-11-25 02:30:00;5.7;85.7;-0.6;1010.2;0.0
2017-11-25 02:45:00;5.9;86.2;-0.9;1010.0;0.0
2017-11-25 03:00:00;6.2;86.3;-0.9;1010.0;0.0
2017-11-25 03:15:00;6.3;85.4;-1.0;1010.1;0.0
2017-11-25 03:30:00;6.3;85.0;-1.1;1010.2;0.2
2017-11-25 03:45:00;6.3;85.0;-1.3;1010.2;0.0
2017-11-25 04:00:00;6.3;85.0;-1.4;1010.2;0.0
2017-11-25 04:15:00;6.3;85.0;-1.4;1010.3;0.0
2017-11-25 04:30:00;6.2;84.3;-1.5;1010.4;0.0
2017-11-25 04:45:00;6.2;84.2;-1.4;1010.4;0.0
2017-11-25 05:00:00;6.1;84.0;-1.2;1010.6;0.0
2017-11-25 05:15:00;6.0;84.0;-1.1;1010.6;0.0
2017-11-25 05:30:00;6.1;84.0;-1.0;1010.9;0.0
2017-11-25 05:45:00;6.2;84.0;-1.0;1011.0;0.0
2017-11-25 06:00:00;6.2;83.3;-1.0;1011.3;0.0
2017-11-25 06:15:00;6.0;83.2;-0.8;1011.5;0.0
2017-11-25 06:30:00;5.9;83.8;-0.6;1011.7;0.0
2017-11-25 06:45:00;5.9;84.1;-0.4;1011.8;0.0
2017-11-25 07:00:00;5.9;84.2;0.0;1011.9;0.0
2017-11-25 07:15:00;5.9;84.3;0.3;1012.2;0.1
2017-11-25 07:30:00;6.0;84.6;0.0;1012.6;0.1
2017-11-25 07:45:00;6.1;84.8;-0.5;1012.9;0.0
2017-11-25 08:00:00;6.2;85.0;-0.5;1013.2;0.0
2017-11-25 08:15:00;6.2;84.5;-0.1;1013.3;0.0
2017-11-25 08:30:00;6.3;85.0;0.1;1013.6;0.0
2017-11-25 08:45:00;6.4;85.0;-0.3;1013.9;0.0
2017-11-25 09:00:00;6.5;84.8;-0.6;1014.1;0.0
2017-11-25 09:15:00;6.6;83.8;-0.8;1014.4;0.1
2017-11-25 09:30:00;6.7;82.8;-0.9;1014.8;0.0
2017-11-25 09:45:00;6.6;82.0;-1.5;1015.2;0.0
2017-11-25 10:00:00;6.6;80.2;-1.7;1015.6;0.0
2017-11-25 10:15:00;6.6;79.0;-1.8;1015.9;0.0
2017-11-25 10:30:00;6.8;79.0;-1.8;1016.4;0.1
2017-11-25 10:45:00;6.7;79.2;-2.0;1016.7;0.1
2017-11-25 11:00:00;6.3;80.3;-1.9;1016.9;0.0
2017-11-25 11:15:00;6.2;80.7;-1.9;1017.1;0.0
2017-11-25 11:30:00;6.2;81.0;-2.1;1016.9;0.0
2017-11-25 11:45:00;6.4;80.8;-2.2;1017.0;0.0
2017-11-25 12:00:00;7.2;79.7;-2.4;1017.2;0.0
2017-11-25 12:15:00;7.4;77.3;-2.3;1017.3;0.0
2017-11-25 12:30:00;7.5;76.7;-2.2;1017.3;0.0
2017-11-25 12:45:00;7.5;76.0;-1.9;1017.2;0.0
2017-11-25 13:00:00;7.6;75.5;-2.4;1017.4;0.0
2017-11-25 13:15:00;7.5;75.3;-2.3;1017.5;
2017-11-25 13:30:00;7.3;76.0;-2.2;1017.6;0.5
2017-11-25 13:45:00;7.2;76.0;-2.1;1017.5;0.1
2017-11-25 14:00:00;7.6;75.7;-1.8;1017.5;0.0
2017-11-25 14:15:00;8.1;75.0;-1.6;1017.6;0.0
2017-11-25 14:30:00;8.6;72.5;-1.6;1017.7;0.0
2017-11-25 14:45:00;8.9;69.7;-1.5;1017.9;0.0
2017-11-25 15:00:00;9.0;65.5;-1.4;1018.0;0.0
2017-11-25 15:15:00;8.9;64.5;-1.3;1018.1;0.0
2017-11-25 15:30:00;8.7;63.7;-1.2;1018.3;0.0
2017-11-25 15:45:00;8.4;64.0;-1.2;1018.4;0.0
2017-11-25 16:00:00;8.0;64.7;-0.9;1018.6;0.0
2017-11-25 16:15:00;7.7;64.8;-0.7;1018.8;0.0
2017-11-25 16:30:00;7.4;65.7;-0.3;1018.9;0.0
2017-11-25 16:45:00;7.2;66.2;-0.2;1019.1;0.0
2017-11-25 17:00:00;7.0;66.8;-0.5;1019.1;0.0
2017-11-25 17:15:00;6.8;67.4;0.0;1019.2;0.0
2017-11-25 17:30:00;6.7;68.3;0.4;1019.3;0.0
2017-11-25 17:45:00;6.7;68.7;0.8;1019.4;0.0
2017-11-25 18:00:00;6.6;69.0;1.4;1019.6;0.0
2017-11-25 18:15:00;6.2;69.3;1.7;1019.9;0.0
2017-11-25 18:30:00;5.9;70.2;0.2;1020.4;0.0
2017-11-25 18:45:00;5.8;72.8;-1.2;1020.5;0.0
2017-11-25 19:00:00;5.7;73.8;-1.0;1020.7;0.0
2017-11-25 19:15:00;5.5;73.5;-0.6;1020.7;0.0
2017-11-25 19:30:00;5.3;74.3;-0.2;1020.8;0.0
2017-11-25 19:45:00;5.3;74.3;-0.3;1021.0;0.0
2017-11-25 20:00:00;5.3;74.3;-1.0;1021.3;0.6
2017-11-25 20:15:00;5.3;75.0;-1.4;1021.2;0.0
2017-11-25 20:30:00;5.1;75.7;-1.1;1021.4;0.0
2017-11-25 20:45:00;5.0;77.6;-0.9;1021.6;0.0
2017-11-25 21:00:00;5.0;78.0;-0.7;1021.6;0.0
2017-11-25 21:15:00;5.0;77.8;-0.2;1021.5;0.0
2017-11-25 21:30:00;4.8;78.0;0.2;1021.6;0.0
2017-11-25 21:45:00;4.7;79.0;0.0;1021.9;0.0
2017-11-25 22:00:00;4.8;79.5;-0.5;1022.2;0.2
2017-11-25 22:15:00;4.9;79.8;-1.3;1022.1;0.0
2017-11-25 22:30:00;5.0;79.4;-1.3;1022.2;0.0
2017-11-25 22:45:00;5.0;79.5;-1.2;1022.4;0.5
2017-11-25 23:00:00;4.9;79.0;-0.3;1022.2;0.0
2017-11-25 23:15:00;4.8;79.0;0.0;1022.3;0.0
2017-11-25 23:30:00;4.6;79.3;0.3;1022.4;0.0
2017-11-25 23:45:00;4.5;80.0;1.0;1022.4;0.0
2017-11-26 00:00:00;4.5;80.8;1.5;1022.7;0.0
2017-11-26 00:15:00;4.5;81.7;0.3;1022.8;0.0
2017-11-26 00:30:00;4.5;81.0;0.2;1022.7;0.0
2017-11-26 00:45:00;4.3;81.0;0.3;1022.6;0.0
2017-11-26 01:00:00;4.1;80.8;1.1;1022.8;0.0
2017-11-26 01:15:00;3.8;81.0;0.4;1022.8;0.0
2017-11-26 01:30:00;3.6;81.0;0.3;1022.9;0.0
2017-11-26 01:45:00;3.5;81.3;0.7;1022.8;0.0
2017-11-26 02:00:00;3.4;81.9;0.9;1022.9;0.0
2017-11-26 02:15:00;3.2;82.3;0.0;1023.2;0.0
2017-11-26 02:30:00;3.2;82.3;0.0;1023.1;0.0
2017-11-26 02:45:00;3.2;82.8;0.7;1023.1;0.0
2017-11-26 03:00:00;3.2;82.8;-0.6;1023.3;0.0
2017-11-26 03:15:00;3.1;82.7;-1.0;1023.1;0.0
2017-11-26 03:30:00;3.0;82.5;-0.1;1022.9;0.0
2017-11-26 03:45:00;2.9;82.7;1.3;1022.8;0.0
2017-11-26 04:00:00;2.8;83.0;1.1;1022.8;0.0
2017-11-26 04:15:00;2.8;83.5;1.0;1023.0;0.0
2017-11-26 04:30:00;3.1;84.2;-0.9;1023.5;1.1
2017-11-26 04:45:00;3.4;84.3;0.1;1023.1;0.0
2017-11-26 05:00:00;3.6;84.3;0.4;1023.2;0.0
2017-11-26 05:15:00;3.7;84.2;-0.2;1023.2;0.0
2017-11-26 05:30:00;3.8;84.2;0.0;1023.5;0.6
2017-11-26 05:45:00;4.0;84.5;-0.3;1023.5;0.1
2017-11-26 06:00:00;4.2;84.3;-0.1;1023.3;0.0
2017-11-26 06:15:00;4.1;83.6;0.6;1023.4;0.0
2017-11-26 06:30:00;4.0;83.2;1.0;1023.3;0.0
2017-11-26 06:45:00;3.8;83.3;1.3;1023.5;0.1
2017-11-26 07:00:00;3.7;83.3;0.8;1023.8;0.0
2017-11-26 07:15:00;3.5;82.9;1.3;1024.0;0.0
2017-11-26 07:30:00;3.3;82.8;2.0;1024.2;0.0
2017-11-26 07:45:00;3.2;83.5;2.0;1024.4;0.5
2017-11-26 08:00:00;3.4;84.2;2.0;1024.6;0.1
2017-11-26 08:15:00;3.5;84.2;1.8;1024.8;0.1
2017-11-26 08:30:00;3.8;84.7;-0.1;1025.0;0.1
2017-11-26 08:45:00;4.1;84.3;0.0;1025.3;0.0
2017-11-26 09:00:00;4.3;84.4;-0.3;1025.3;0.0
2017-11-26 09:15:00;4.8;83.7;-0.5;1025.4;0.0
2017-11-26 09:30:00;5.1;83.0;-0.1;1025.4;0.0
2017-11-26 09:45:00;5.4;83.0;-0.8;1025.4;0.0
2017-11-26 10:00:00;6.2;82.7;-1.1;1025.6;0.0
2017-11-26 10:15:00;7.0;81.0;-1.6;1025.6;0.0
2017-11-26 10:30:00;8.0;79.2;-2.5;1025.8;0.0
2017-11-26 10:45:00;8.5;76.2;-1.9;1026.0;0.0
2017-11-26 11:00:00;8.3;74.3;-1.6;1026.0;0.0
2017-11-26 11:15:00;8.0;73.8;-2.1;1025.8;0.1
2017-11-26 11:30:00;7.8;74.2;-2.1;1026.0;0.1
2017-11-26 11:45:00;7.5;73.7;-2.1;1025.7;0.0
2017-11-26 12:00:00;7.4;74.2;-2.0;1025.6;0.0
2017-11-26 12:15:00;8.0;73.7;-1.8;1025.6;0.0
2017-11-26 12:30:00;8.6;71.8;-2.3;1025.5;0.0
2017-11-26 12:45:00;8.7;70.7;-2.3;1025.5;0.0
2017-11-26 13:00:00;8.3;72.0;-1.7;1025.7;0.0
2017-11-26 13:15:00;8.1;73.2;-2.1;1025.7;0.0
2017-11-26 13:30:00;8.1;74.2;-1.8;1025.7;0.0
2017-11-26 13:45:00;8.1;73.5;-1.7;1025.7;0.0
2017-11-26 14:00:00;8.0;73.5;-1.5;1025.8;0.0
2017-11-26 14:15:00;8.0;74.3;-1.5;1025.9;0.0
2017-11-26 14:30:00;8.1;74.0;-1.3;1025.8;0.0
2017-11-26 14:45:00;8.2;73.2;-0.8;1025.8;0.0
2017-11-26 15:00:00;8.2;72.1;-0.8;1026.0;0.0
2017-11-26 15:15:00;8.0;72.3;-1.0;1026.0;0.1
2017-11-26 15:30:00;7.9;73.8;-0.7;1026.1;0.0
2017-11-26 15:45:00;7.8;74.0;-0.2;1026.0;0.0
2017-11-26 16:00:00;7.7;72.1;-0.1;1026.0;0.0
2017-11-26 16:15:00;7.7;73.0;-0.1;1026.2;0.1
2017-11-26 16:30:00;7.6;74.2;-0.8;1026.2;0.0
2017-11-26 16:45:00;7.5;74.9;-0.7;1026.2;0.0
2017-11-26 17:00:00;7.3;75.7;-0.3;1026.2;0.0
2017-11-26 17:15:00;7.1;76.0;0.0;1026.2;0.0
2017-11-26 17:30:00;6.9;76.5;0.5;1026.2;0.0
2017-11-26 17:45:00;6.9;77.7;0.3;1026.4;0.0
2017-11-26 18:00:00;6.9;78.3;0.8;1026.4;0.0
2017-11-26 18:15:00;7.0;78.3;0.9;1026.3;0.0
2017-11-26 18:30:00;7.1;78.5;0.6;1026.4;0.0
2017-11-26 18:45:00;7.1;78.2;0.3;1026.4;0.0
2017-11-26 19:00:00;6.9;78.0;0.4;1026.4;0.0
2017-11-26 19:15:00;6.6;78.2;0.4;1026.4;0.0
2017-11-26 19:30:00;6.3;79.0;0.5;1026.3;0.0
2017-11-26 19:45:00;6.3;79.5;0.2;1026.2;0.0
2017-11-26 20:00:00;6.4;79.7;-0.5;1026.2;0.0
2017-11-26 20:15:00;6.6;79.7;-0.8;1026.3;0.0
2017-11-26 20:30:00;6.7;79.7;-1.2;1026.4;0.0
2017-11-26 20:45:00;6.9;79.2;-1.0;1026.4;0.0
2017-11-26 21:00:00;7.1;79.0;-0.5;1026.3;0.0
2017-11-26 21:15:00;7.2;79.0;-0.4;1026.3;0.0
2017-11-26 21:30:00;7.2;79.0;-0.4;1026.2;0.0
2017-11-26 21:45:00;7.2;79.0;-0.6;1026.3;0.0
2017-11-26 22:00:00;7.1;78.8;-1.1;1026.4;0.5
2017-11-26 22:15:00;7.0;79.2;-1.2;1026.4;0.3
2017-11-26 22:30:00;6.9;80.0;-1.2;1026.2;0.0
2017-11-26 22:45:00;6.8;80.0;-0.7;1026.2;0.0
2017-11-26 23:00:00;6.6;80.8;-0.2;1026.2;0.0
2017-11-26 23:15:00;6.5;81.0;-0.4;1026.2;0.0
2017-11-26 23:30:00;6.5;81.5;-0.2;1026.2;0.0
2017-11-26 23:45:00;6.5;81.8;-0.4;1026.2;0.0
2017-11-27 00:00:00;6.6;82.0;-0.1;1026.0;0.0
