date;ref;PM_6182;PM_6179;PM_617B;PM25_6182;PM25_6179;PM25_617B
2017-11-13 12:15:00;31.5;53.8;39.8;54.8;50.1;37.2;45.8
2017-11-13 12:30:00;29.7;43.2;34.2;51.1;40.0;32.0;43.0
2017-11-13 12:45:00;27.2;33.3;37.6;48.6;31.2;34.9;41.1
2017-11-13 13:00:00;25.4;36.5;43.6;49.5;34.1;40.2;41.8
2017-11-13 13:15:00;25.4;41.4;39.2;54.2;39.0;36.4;45.5
2017-11-13 13:30:00;26.5;32.8;43.8;49.7;30.9;40.6;41.6
2017-11-13 13:45:00;30.6;40.1;45.8;52.0;37.4;42.8;43.5
2017-11-13 14:00:00;35.2;45.5;46.2;54.5;42.2;43.1;45.9
2017-11-13 14:45:00;;41.6;37.8;47.0;38.8;35.0;39.6
2017-11-13 15:00:00;;38.2;43.5;52.2;35.8;40.1;43.8
2017-11-13 15:15:00;;39.2;51.3;59.4;36.5;47.4;50.2
2017-11-13 15:30:00;;42.8;42.6;58.7;39.8;39.5;49.1
2017-11-13 15:45:00;;64.7;80.2;72.4;60.0;73.6;60.3
2017-11-13 16:00:00;41.1;62.4;74.3;67.8;57.9;68.4;56.4
2017-11-13 16:15:00;42.8;52.2;54.3;70.2;48.1;49.9;58.5
2017-11-13 16:30:00;45.3;58.3;59.8;75.0;53.7;55.3;62.0
2017-11-13 16:45:00;51.1;62.3;66.7;76.2;57.0;61.5;62.3
2017-11-13 17:00:00;53.0;65.0;74.3;75.8;59.6;68.3;62.5
2017-11-13 17:15:00;57.2;55.8;64.2;74.1;51.5;59.0;61.2
2017-11-13 17:30:00;59.6;57.8;66.8;73.3;53.6;61.3;60.8
2017-11-13 17:45:00;58.7;54.6;62.6;72.3;50.8;57.5;59.6
2017-11-13 18:00:00;57.7;52.7;63.1;67.7;49.1;57.8;56.0
2017-11-13 18:15:00;55.8;54.2;64.1;81.3;50.3;59.1;67.7
2017-11-13 18:30:00;54.3;49.8;63.2;67.7;46.2;58.6;56.8
2017-11-13 18:45:00;49.7;51.9;52.2;62.9;48.1;48.6;52.2
2017-11-13 19:00:00;46.3;50.8;50.5;64.5;47.3;47.0;52.6
2017-11-13 19:15:00;43.1;54.2;54.5;64.0;50.2;50.4;52.9
2017-11-13 19:30:00;40.3;57.2;55.8;68.0;52.8;51.4;56.2
2017-11-13 19:45:00;39.0;56.2;54.8;75.4;52.1;50.5;61.9
2017-11-13 20:00:00;39.1;58.0;58.8;63.3;53.6;54.0;51.4
2017-11-13 20:15:00;38.1;54.7;56.6;55.2;50.7;51.7;45.1
2017-11-13 20:30:00;36.9;58.8;50.0;55.5;54.5;46.0;45.8
2017-11-13 20:45:00;36.2;51.2;47.8;55.2;47.6;44.1;46.7
2017-11-13 21:00:00;35.5;51.0;50.5;60.1;47.3;46.7;50.0
2017-11-13 21:15:00;36.0;53.4;58.7;60.9;49.5;54.5;50.5
2017-11-13 21:30:00;37.5;45.9;50.8;55.7;42.9;47.4;46.5
2017-11-13 21:45:00;41.6;38.0;52.4;57.2;35.5;48.7;47.7
2017-11-13 22:00:00;44.4;40.6;45.7;50.0;38.0;42.4;41.6
2017-11-13 22:15:00;45.4;42.5;46.6;50.7;39.7;43.3;42.2
2017-11-13 22:30:00;44.2;44.9;44.0;49.8;42.0;40.5;41.0
2017-11-13 22:45:00;40.7;41.4;45.0;51.9;39.0;41.8;42.8
2017-11-13 23:00:00;40.0;42.7;46.4;45.0;39.7;43.0;37.6
2017-11-13 23:15:00;40.3;44.4;50.6;44.1;41.1;46.6;36.9
2017-11-13 23:30:00;40.5;46.6;42.6;51.2;43.4;39.3;42.5
2017-11-13 23:45:00;41.2;47.6;44.8;55.2;44.2;41.4;46.0
2017-11-14 00:00:00;40.6;39.2;42.6;48.5;36.4;39.5;40.5
2017-11-14 00:15:00;40.6;41.0;44.8;48.0;38.0;41.7;40.0
2017-11-14 00:30:00;39.9;36.5;40.3;46.2;34.2;37.5;38.3
2017-11-14 00:45:00;38.0;33.2;37.4;44.6;31.1;34.7;36.8
2017-11-14 01:00:00;35.9;36.5;37.0;42.0;34.2;34.3;35.1
2017-11-14 01:15:00;33.5;35.8;39.9;39.5;33.5;37.0;33.4
2017-11-14 01:30:00;32.5;34.9;38.0;41.0;32.5;35.2;34.0
2017-11-14 01:45:00;33.2;34.9;40.3;41.2;32.7;37.4;34.0
2017-11-14 02:00:00;34.0;36.8;37.0;39.2;34.2;34.2;32.2
2017-11-14 02:15:00;35.3;35.1;36.5;37.3;32.8;33.7;30.9
2017-11-14 02:30:00;34.9;28.2;35.9;38.4;26.5;33.2;32.1
2017-11-14 02:45:00;33.6;37.6;36.5;39.0;34.9;33.9;33.0
2017-11-14 03:00:00;31.5;39.0;34.5;40.4;36.2;32.0;34.0
2017-11-14 03:15:00;28.2;37.4;32.6;46.4;35.0;30.5;39.1
2017-11-14 03:30:00;27.0;38.5;30.6;38.5;35.6;28.5;32.7
2017-11-14 03:45:00;26.1;40.5;26.8;44.5;37.6;24.9;36.9
2017-11-14 04:00:00;26.5;37.0;34.6;46.5;34.4;32.2;38.7
2017-11-14 04:15:00;28.9;39.0;41.7;53.3;36.2;38.5;44.0
2017-11-14 04:30:00;31.2;44.2;40.5;49.2;41.0;37.3;40.7
2017-11-14 04:45:00;31.6;40.9;37.2;42.6;38.0;34.5;35.2
2017-11-14 05:00:00;31.7;37.9;29.0;41.0;35.2;27.1;33.8
2017-11-14 05:15:00;31.6;28.0;29.8;35.8;25.9;27.7;29.5
2017-11-14 05:30:00;30.1;28.4;33.2;37.8;26.3;30.6;31.9
2017-11-14 05:45:00;29.8;29.9;35.5;37.3;27.8;32.8;31.0
2017-11-14 06:00:00;28.9;30.0;36.6;40.9;27.8;34.0;34.2
2017-11-14 06:15:00;28.1;36.9;32.5;38.6;34.4;30.5;32.6
2017-11-14 06:30:00;29.1;28.4;23.5;36.8;26.8;22.1;30.8
2017-11-14 06:45:00;30.7;21.4;26.8;32.9;20.2;24.8;27.3
2017-11-14 07:00:00;31.6;22.8;29.3;30.4;21.2;27.1;25.5
2017-11-14 07:15:00;30.3;22.5;23.1;32.0;21.0;21.8;27.6
2017-11-14 07:30:00;28.3;19.9;20.8;29.5;18.6;19.5;25.3
2017-11-14 07:45:00;27.0;19.4;25.1;30.2;18.1;23.2;25.3
2017-11-14 08:00:00;27.1;24.5;25.7;32.7;22.7;24.0;27.4
2017-11-14 08:15:00;28.0;29.5;25.1;33.9;27.2;23.5;28.5
2017-11-14 08:30:00;29.3;30.1;27.8;33.8;27.9;25.9;28.4
2017-11-14 08:45:00;29.6;29.9;31.1;40.4;27.9;28.9;33.8
2017-11-14 09:00:00;28.4;29.1;33.8;39.0;27.3;31.5;32.2
2017-11-14 09:15:00;28.2;34.5;32.8;47.1;32.1;30.6;39.3
2017-11-14 09:30:00;27.7;39.5;42.0;49.0;36.7;38.6;41.1
2017-11-14 09:45:00;28.2;38.5;44.2;48.2;35.7;40.7;40.2
2017-11-14 10:00:00;30.6;39.8;42.2;45.5;36.8;39.1;37.5
2017-11-14 10:15:00;30.9;36.0;37.7;39.6;33.5;34.9;33.0
2017-11-14 10:30:00;31.2;39.1;39.6;49.5;36.4;36.5;40.6
2017-11-14 10:45:00;31.7;36.0;34.8;43.5;33.4;32.0;36.1
2017-11-14 11:00:00;30.5;30.2;30.2;37.4;28.1;28.0;31.0
2017-11-14 11:15:00;31.4;27.0;33.5;38.0;25.0;30.9;32.0
2017-11-14 11:30:00;32.1;28.2;37.1;37.2;26.2;34.2;30.8
2017-11-14 11:45:00;31.8;26.4;32.3;30.9;24.7;29.6;26.1
2017-11-14 12:00:00;33.0;25.9;25.6;31.6;24.1;23.7;26.8
2017-11-14 12:15:00;33.6;25.2;34.2;30.2;23.4;31.8;25.8
2017-11-14 12:30:00;33.0;27.9;32.5;32.0;26.1;30.2;26.4
2017-11-14 12:45:00;33.4;26.6;32.0;36.9;24.9;29.5;30.7
2017-11-14 13:00:00;34.3;28.7;35.5;43.7;26.8;32.6;36.4
2017-11-14 13:15:00;33.5;28.9;31.8;35.8;27.1;29.3;30.2
2017-11-14 13:30:00;33.7;25.7;33.0;34.2;24.1;30.4;29.1
2017-11-14 13:45:00;33.0;26.3;34.3;38.0;24.5;31.7;31.8
2017-11-14 14:00:00;34.8;37.9;40.9;44.2;35.3;37.5;37.4
2017-11-14 14:15:00;41.0;42.8;42.1;51.7;39.5;38.8;43.4
2017-11-14 14:30:00;42.4;25.4;29.5;39.1;23.6;27.2;32.9
2017-11-14 14:45:00;39.4;25.4;31.8;38.3;23.6;29.2;32.6
2017-11-14 15:00:00;34.9;28.1;39.0;43.8;26.0;35.7;36.5
2017-11-14 15:15:00;28.8;27.9;33.2;43.5;26.0;30.8;36.2
2017-11-14 15:30:00;26.6;29.3;23.8;43.8;27.1;22.2;36.5
2017-11-14 15:45:00;27.6;31.3;34.4;42.6;29.1;32.0;36.0
2017-11-14 16:00:00;28.6;37.2;42.1;41.2;34.3;39.1;34.9
2017-11-14 16:15:00;30.6;33.6;38.5;45.7;31.1;35.6;38.9
2017-11-14 16:30:00;32.4;28.5;35.0;44.5;26.6;32.0;37.6
2017-11-14 16:45:00;34.1;26.3;33.6;38.9;24.5;30.8;32.6
2017-11-14 17:00:00;34.5;33.8;37.7;41.8;31.5;34.6;35.0
2017-11-14 17:15:00;31.7;44.2;44.4;58.5;40.9;40.5;48.0
2017-11-14 17:30:00;31.5;45.9;51.0;63.8;42.2;47.0;52.3
2017-11-14 17:45:00;31.8;32.5;45.4;56.2;30.2;42.0;46.6
2017-11-14 18:00:00;31.3;32.8;42.9;53.7;30.8;39.5;44.5
2017-11-14 18:15:00;31.2;34.6;46.0;49.6;32.2;42.3;41.2
2017-11-14 18:30:00;29.0;29.3;41.4;38.8;27.4;38.1;32.8
2017-11-14 18:45:00;28.3;30.1;32.7;44.0;28.0;30.4;37.2
2017-11-14 19:00:00;28.0;28.9;36.4;48.4;27.2;33.6;40.1
2017-11-14 19:15:00;28.5;27.6;45.7;37.6;25.8;42.0;31.4
2017-11-14 19:30:00;29.8;34.5;47.3;41.8;32.2;43.3;35.0
2017-11-14 19:45:00;30.6;43.2;46.4;53.5;40.2;43.0;44.7
2017-11-14 20:00:00;30.5;39.4;45.4;63.1;36.9;42.0;52.7
2017-11-14 20:15:00;29.7;41.4;55.8;59.8;38.7;51.7;50.5
2017-11-14 20:30:00;30.9;41.9;64.0;66.9;39.0;59.1;56.0
2017-11-14 20:45:00;31.8;37.8;57.8;62.3;35.2;53.1;52.0
2017-11-14 21:00:00;32.9;45.2;58.6;70.3;41.8;54.2;58.6
2017-11-14 21:15:00;34.7;48.4;58.6;70.2;44.9;54.2;58.0
2017-11-14 21:30:00;34.6;50.5;61.2;59.1;46.8;56.6;49.9
2017-11-14 21:45:00;33.4;40.8;45.5;60.4;38.2;42.8;50.7
2017-11-14 22:00:00;33.2;35.6;49.8;54.9;33.4;46.2;46.5
2017-11-14 22:15:00;32.9;35.8;45.2;52.8;33.8;42.0;44.6
2017-11-14 22:30:00;32.0;31.6;46.5;53.2;29.9;43.3;44.6
2017-11-14 22:45:00;31.8;33.7;41.3;51.6;31.9;38.4;43.2
2017-11-14 23:00:00;31.3;29.1;34.2;51.4;27.4;32.2;42.6
2017-11-14 23:15:00;30.2;30.6;41.0;50.7;29.0;38.0;42.8
2017-11-14 23:30:00;29.8;34.7;36.1;45.7;32.4;33.5;38.9
2017-11-14 23:45:00;29.3;33.9;41.7;50.5;31.8;38.4;42.0
2017-11-15 00:00:00;28.3;30.6;38.2;57.5;28.7;35.4;47.9
2017-11-15 00:15:00;27.6;30.9;37.7;50.0;29.1;34.9;41.7
2017-11-15 00:30:00;26.9;33.1;42.2;50.7;31.1;39.3;42.1
2017-11-15 00:45:00;26.3;31.7;46.6;46.0;29.6;43.2;38.1
2017-11-15 01:00:00;26.2;33.0;39.8;45.0;30.9;37.1;37.6
2017-11-15 01:15:00;26.3;33.7;38.6;47.8;31.4;36.0;40.6
2017-11-15 01:30:00;26.2;29.7;40.4;53.5;27.8;37.2;45.0
2017-11-15 01:45:00;25.9;28.9;44.1;50.3;27.1;40.8;42.5
2017-11-15 02:00:00;25.7;31.9;43.2;43.5;30.1;40.0;37.0
2017-11-15 02:15:00;25.7;35.1;41.5;48.0;32.9;38.5;40.4
2017-11-15 02:30:00;26.1;30.9;44.3;51.7;29.1;41.1;43.5
2017-11-15 02:45:00;25.8;31.9;44.0;50.5;29.9;40.7;42.4
2017-11-15 03:00:00;25.4;32.0;40.1;52.6;30.1;37.0;44.1
2017-11-15 03:15:00;24.9;30.7;41.1;47.4;28.6;38.2;39.9
2017-11-15 03:30:00;24.1;35.9;44.0;51.6;33.5;40.8;43.0
2017-11-15 03:45:00;23.9;34.3;41.3;51.3;32.0;38.5;43.0
2017-11-15 04:00:00;23.9;36.8;38.5;51.6;34.3;36.0;43.6
2017-11-15 04:15:00;23.6;34.5;47.3;51.0;32.3;43.9;42.7
2017-11-15 04:30:00;23.0;35.8;44.7;51.7;33.6;41.5;43.4
2017-11-15 04:45:00;23.0;27.6;43.9;50.0;26.1;40.6;41.8
2017-11-15 05:00:00;23.4;30.1;45.4;48.0;28.4;41.9;40.4
2017-11-15 05:15:00;24.0;37.5;45.2;54.5;35.0;41.9;46.2
2017-11-15 05:30:00;24.9;37.5;45.8;58.3;35.1;42.0;48.6
2017-11-15 05:45:00;25.1;45.1;40.5;58.4;42.1;37.5;48.8
2017-11-15 06:00:00;24.9;43.1;41.4;46.2;40.2;38.8;39.0
2017-11-15 06:15:00;25.1;37.5;51.1;49.9;35.1;47.7;42.0
2017-11-15 06:30:00;26.9;41.6;55.2;49.8;39.0;51.4;42.2
2017-11-15 06:45:00;29.0;37.9;44.9;47.8;35.6;41.7;39.9
2017-11-15 07:00:00;29.6;34.9;43.8;50.5;32.6;40.3;41.9
2017-11-15 07:15:00;29.9;35.2;46.1;55.0;33.1;43.0;45.9
2017-11-15 07:30:00;29.1;34.7;43.2;52.8;32.6;40.2;44.5
2017-11-15 07:45:00;30.0;46.3;58.6;57.8;43.1;53.9;48.4
2017-11-15 08:00:00;33.2;51.8;67.5;77.0;48.2;62.2;63.8
2017-11-15 08:15:00;37.0;65.8;68.6;85.7;60.8;63.2;70.7
2017-11-15 08:30:00;41.1;63.3;66.2;80.7;58.2;60.6;66.4
2017-11-15 08:45:00;44.1;50.0;65.1;71.8;46.4;59.6;59.8
2017-11-15 09:00:00;43.8;45.5;58.0;53.2;42.5;53.5;45.0
2017-11-15 09:15:00;40.8;51.8;55.5;50.6;48.2;51.3;43.0
2017-11-15 09:30:00;37.0;47.0;44.1;53.3;43.7;41.0;45.7
2017-11-15 09:45:00;34.3;44.6;49.4;57.0;41.4;45.8;48.4
2017-11-15 10:00:00;35.0;48.1;59.3;57.8;44.3;54.7;49.4
2017-11-15 10:15:00;39.6;48.8;65.7;65.9;45.5;60.4;54.7
2017-11-15 10:30:00;44.5;45.0;64.5;69.0;41.8;59.1;57.4
2017-11-15 10:45:00;47.8;36.0;54.8;51.4;33.5;50.5;43.1
2017-11-15 11:00:00;46.8;37.2;43.2;46.4;34.5;39.9;39.0
2017-11-15 11:15:00;42.1;28.8;40.1;47.6;26.9;37.0;40.2
2017-11-15 11:30:00;38.1;31.0;44.0;52.5;29.1;40.2;43.5
2017-11-15 11:45:00;35.3;42.7;45.8;43.5;40.0;42.0;36.2
2017-11-15 12:00:00;33.3;33.9;34.2;45.7;31.5;31.9;39.2
2017-11-15 12:15:00;33.0;31.1;34.7;43.2;29.2;32.2;37.0
2017-11-15 12:30:00;32.5;30.3;35.5;39.5;28.2;32.8;33.2
2017-11-15 12:45:00;30.4;28.4;27.5;36.4;26.7;25.6;30.8
2017-11-15 13:00:00;28.7;22.9;29.2;34.5;21.6;27.1;29.3
2017-11-15 13:15:00;26.8;20.0;25.7;34.9;18.6;23.9;29.5
2017-11-15 13:30:00;24.4;20.9;27.9;35.5;19.6;25.8;30.2
2017-11-15 13:45:00;23.9;30.5;39.2;44.0;28.3;36.1;37.5
2017-11-15 14:00:00;30.7;45.5;55.5;47.5;41.8;50.5;39.6
2017-11-15 14:15:00;39.0;38.5;48.2;44.0;35.7;44.2;36.9
2017-11-15 14:30:00;45.5;36.0;42.1;46.5;33.2;38.7;39.1
2017-11-15 14:45:00;49.3;30.6;39.3;45.2;28.1;36.2;38.4
2017-11-15 15:00:00;47.3;30.6;35.9;44.2;28.2;33.1;37.3
2017-11-15 15:15:00;41.8;27.4;30.8;37.8;25.4;28.6;31.8
2017-11-15 15:30:00;39.3;26.0;31.2;36.5;24.2;28.9;31.2
2017-11-15 15:45:00;38.7;24.3;30.4;36.8;22.7;28.0;31.5
2017-11-15 16:00:00;33.3;28.2;40.5;42.2;26.3;37.1;35.5
2017-11-15 16:15:00;30.3;33.1;42.6;47.2;30.7;39.2;39.1
2017-11-15 16:30:00;27.5;37.6;47.7;53.0;34.8;43.8;44.2
2017-11-15 16:45:00;31.6;46.0;65.4;68.7;42.2;59.5;57.0
2017-11-15 17:00:00;48.4;62.2;93.7;83.0;57.0;85.1;68.2
2017-11-15 17:15:00;65.6;42.3;60.4;60.3;39.2;55.3;50.2
2017-11-15 17:30:00;72.7;46.9;57.2;55.8;43.3;52.1;46.5
2017-11-15 17:45:00;75.5;50.0;60.2;64.5;46.4;54.9;53.8
2017-11-15 18:00:00;69.5;36.0;45.4;54.2;33.8;41.8;45.7
2017-11-15 18:15:00;62.6;40.8;47.3;61.4;37.9;43.8;51.2
2017-11-15 18:30:00;65.8;46.7;53.2;70.3;43.4;49.0;59.2
2017-11-15 18:45:00;67.3;45.5;54.0;72.5;42.4;49.8;60.7
2017-11-15 19:00:00;67.3;42.3;55.1;72.7;39.5;50.7;60.8
2017-11-15 19:15:00;67.9;42.3;53.4;77.1;39.4;49.1;64.2
2017-11-15 19:30:00;66.0;46.6;48.5;66.5;43.2;44.9;55.8
2017-11-15 19:45:00;63.0;40.5;46.1;53.4;37.9;42.8;44.8
2017-11-15 20:00:00;60.6;40.2;44.8;58.7;37.5;41.5;48.7
2017-11-15 20:15:00;58.6;39.0;48.1;56.9;36.2;44.7;47.5
2017-11-15 20:30:00;57.7;36.3;43.8;44.5;34.0;40.8;37.5
2017-11-15 20:45:00;57.7;35.2;41.1;50.0;32.9;37.8;42.3
2017-11-15 21:00:00;55.8;29.0;36.6;46.3;27.1;34.0;39.2
2017-11-15 21:15:00;50.6;28.8;35.4;42.0;27.1;32.9;35.9
2017-11-15 21:30:00;45.6;31.0;42.2;42.3;29.1;39.3;36.0
2017-11-15 21:45:00;40.7;26.1;35.2;42.1;24.5;33.0;35.8
2017-11-15 22:00:00;37.7;24.6;30.2;40.3;23.1;28.3;34.3
2017-11-15 22:15:00;36.9;29.1;35.2;44.8;27.3;32.9;37.6
2017-11-15 22:30:00;35.4;28.7;33.7;47.2;27.0;31.5;39.3
2017-11-15 22:45:00;33.4;26.1;37.8;39.8;24.5;35.1;33.1
2017-11-15 23:00:00;32.4;29.9;38.6;40.2;28.2;35.6;33.8
2017-11-15 23:15:00;32.3;27.2;37.5;37.9;25.5;34.6;32.1
2017-11-15 23:30:00;31.6;24.8;34.1;34.9;23.4;31.6;29.9
2017-11-15 23:45:00;31.5;26.1;32.5;40.3;24.5;30.3;34.8
2017-11-16 00:00:00;32.9;25.8;30.9;40.5;24.1;28.6;34.9
2017-11-16 00:15:00;32.8;21.7;34.7;35.1;20.4;32.1;30.3
2017-11-16 00:30:00;32.6;23.2;38.7;33.2;21.9;36.0;28.6
2017-11-16 00:45:00;32.2;30.1;35.8;35.0;28.5;33.0;30.2
2017-11-16 01:00:00;30.7;25.3;37.4;39.8;24.0;34.8;33.8
2017-11-16 01:15:00;30.8;25.1;37.2;41.5;23.8;34.5;34.8
2017-11-16 01:30:00;31.6;27.4;35.4;40.5;25.8;32.9;34.6
2017-11-16 01:45:00;31.7;28.0;44.5;38.6;26.1;41.2;33.1
2017-11-16 02:00:00;31.5;24.8;40.7;34.5;23.1;37.8;29.3
2017-11-16 02:15:00;30.5;26.2;38.6;35.5;24.6;35.9;30.2
2017-11-16 02:30:00;30.1;29.2;33.6;41.5;27.4;31.5;34.8
2017-11-16 02:45:00;29.5;28.1;31.8;40.5;26.3;29.5;33.8
2017-11-16 03:00:00;29.1;29.4;40.5;43.8;27.5;37.5;36.9
2017-11-16 03:15:00;29.4;31.4;48.5;48.8;29.4;44.3;40.9
2017-11-16 03:30:00;29.3;30.7;41.7;44.4;28.8;38.5;37.5
2017-11-16 03:45:00;30.6;36.0;45.2;45.5;33.5;41.9;38.7
2017-11-16 04:00:00;32.8;41.5;39.3;47.6;38.7;36.6;40.3
2017-11-16 04:15:00;33.4;35.2;40.8;44.9;32.7;37.9;37.7
2017-11-16 04:30:00;33.9;33.7;48.1;49.6;31.1;44.2;41.5
2017-11-16 04:45:00;34.1;34.8;45.1;44.2;32.3;41.6;37.0
2017-11-16 05:00:00;33.1;36.1;46.9;45.3;33.5;43.6;37.5
2017-11-16 05:15:00;33.4;38.9;45.9;47.0;36.5;42.4;39.1
2017-11-16 05:30:00;33.7;39.4;42.9;52.0;36.8;39.5;43.2
2017-11-16 05:45:00;32.9;36.8;42.6;51.0;34.3;39.4;41.8
2017-11-16 06:00:00;32.7;34.2;35.1;50.0;32.0;32.5;41.6
2017-11-16 06:15:00;32.1;33.2;37.4;46.4;31.0;34.9;38.5
2017-11-16 06:30:00;31.6;33.8;38.7;51.8;31.4;35.6;43.3
2017-11-16 06:45:00;32.7;36.6;39.2;48.0;34.1;36.5;40.6
2017-11-16 07:00:00;33.9;33.8;37.7;41.8;31.6;35.0;35.2
2017-11-16 07:15:00;35.7;26.8;31.6;38.3;25.1;29.3;32.1
2017-11-16 07:30:00;36.2;26.4;28.7;42.0;24.6;26.6;35.0
2017-11-16 07:45:00;34.9;32.9;36.5;39.1;30.5;33.9;33.0
2017-11-16 08:00:00;33.6;27.4;34.5;33.8;25.2;32.1;28.6
2017-11-16 08:15:00;31.5;28.4;34.2;44.8;26.2;32.0;38.0
2017-11-16 08:30:00;30.5;29.6;33.4;45.0;27.6;31.1;37.6
2017-11-16 08:45:00;31.0;29.2;35.6;42.2;27.0;33.0;34.7
2017-11-16 09:00:00;30.7;30.7;36.8;40.8;28.4;33.8;34.1
2017-11-16 09:15:00;31.0;28.6;37.3;44.0;26.8;34.5;36.8
2017-11-16 09:30:00;31.8;31.5;46.8;50.0;29.3;43.1;41.6
2017-11-16 09:45:00;33.5;28.8;45.0;41.7;26.8;41.1;34.5
2017-11-16 10:00:00;34.5;24.3;34.8;35.4;22.7;32.4;29.8
2017-11-16 10:15:00;34.7;26.0;25.3;31.7;24.1;23.5;26.4
2017-11-16 10:30:00;33.3;18.1;21.1;22.8;17.0;19.9;19.3
2017-11-16 10:45:00;30.2;18.3;19.5;22.8;17.3;18.2;19.1
2017-11-16 11:00:00;28.5;20.5;19.8;24.7;19.2;18.5;20.7
2017-11-16 11:15:00;26.8;12.7;15.9;19.4;12.1;15.1;16.4
2017-11-16 11:30:00;24.7;10.4;13.6;15.3;9.8;12.9;13.1
2017-11-16 11:45:00;23.9;9.5;15.4;16.9;8.9;14.4;14.6
2017-11-16 12:00:00;22.7;12.1;16.2;19.8;11.4;15.3;17.3
2017-11-16 12:15:00;21.6;14.2;20.9;20.4;13.3;19.4;17.6
2017-11-16 12:30:00;21.9;12.6;19.9;20.6;11.8;18.5;17.5
2017-11-16 12:45:00;21.9;12.7;18.0;17.4;11.8;16.8;14.8
2017-11-16 13:00:00;21.8;16.1;22.7;19.4;14.9;20.7;16.4
2017-11-16 13:15:00;26.4;23.1;32.0;30.2;21.4;29.2;25.3
2017-11-16 13:30:00;35.1;25.2;35.6;32.5;23.3;32.4;27.5
2017-11-16 13:45:00;42.6;27.6;31.1;30.5;25.5;28.4;25.4
2017-11-16 14:00:00;49.8;24.2;26.1;31.0;22.6;23.9;26.2
2017-11-16 14:15:00;51.7;21.1;29.0;32.3;19.7;26.4;27.2
2017-11-16 14:30:00;49.4;18.9;26.1;26.2;17.6;24.0;21.8
2017-11-16 14:45:00;45.9;19.9;30.1;23.9;18.5;27.7;19.8
2017-11-16 15:00:00;43.8;23.1;37.7;33.2;21.2;34.2;27.6
2017-11-16 15:15:00;44.1;23.4;26.1;29.0;21.6;23.8;24.6
2017-11-16 15:30:00;41.7;23.6;21.9;33.7;21.8;20.3;28.4
2017-11-16 15:45:00;41.0;17.0;24.3;27.4;15.7;22.8;23.3
2017-11-16 16:00:00;38.5;16.9;20.1;21.4;15.7;18.5;17.8
2017-11-16 16:15:00;33.9;12.2;14.7;18.4;11.5;13.4;15.4
2017-11-16 16:30:00;30.5;10.3;12.6;16.9;9.7;11.8;14.4
2017-11-16 16:45:00;29.0;12.3;14.2;18.6;11.4;13.3;16.3
2017-11-16 17:00:00;29.2;16.5;18.7;19.9;15.3;17.6;17.1
2017-11-16 17:15:00;31.8;16.8;20.9;25.6;15.7;19.2;21.4
2017-11-16 17:30:00;35.3;12.0;16.6;19.9;11.2;15.3;16.6
2017-11-16 17:45:00;37.5;13.9;18.1;19.0;13.0;16.7;16.1
2017-11-16 18:00:00;38.5;17.5;16.5;19.8;16.1;15.1;16.9
2017-11-16 18:15:00;37.6;17.1;19.8;20.9;15.8;18.2;17.7
2017-11-16 18:30:00;38.4;21.3;27.1;24.2;19.7;24.8;20.9
2017-11-16 18:45:00;41.0;21.5;27.6;31.4;19.8;25.3;26.4
2017-11-16 19:00:00;43.2;19.1;22.0;30.9;17.8;20.4;25.9
2017-11-16 19:15:00;47.9;20.7;30.8;28.2;19.5;28.3;24.1
2017-11-16 19:30:00;52.0;23.1;34.9;31.4;21.6;32.1;26.8
2017-11-16 19:45:00;53.4;17.8;23.2;26.0;16.6;21.3;22.0
2017-11-16 20:00:00;52.7;17.4;18.7;21.4;16.2;17.2;17.9
2017-11-16 20:15:00;50.9;27.9;27.6;35.2;25.7;25.2;28.7
2017-11-16 20:30:00;50.1;32.2;32.6;31.5;29.7;29.5;26.5
2017-11-16 20:45:00;48.9;23.8;28.3;25.1;22.1;25.9;21.1
2017-11-16 21:00:00;48.2;18.7;24.4;24.9;17.4;22.5;21.1
2017-11-16 21:15:00;47.3;17.7;25.2;24.5;16.5;23.2;20.8
2017-11-16 21:30:00;44.7;21.7;19.2;20.6;20.2;17.9;17.7
2017-11-16 21:45:00;43.8;18.1;22.6;22.1;16.9;20.9;18.9
2017-11-16 22:00:00;46.1;17.4;24.4;21.9;16.4;22.5;18.9
2017-11-16 22:15:00;46.9;16.9;18.1;23.4;15.7;17.1;20.2
2017-11-16 22:30:00;45.4;14.6;18.6;20.8;13.5;17.4;17.8
2017-11-16 22:45:00;43.8;12.7;16.2;19.6;11.9;15.0;16.8
2017-11-16 23:00:00;40.6;9.7;16.1;18.5;9.1;14.9;16.0
2017-11-16 23:15:00;38.3;12.7;15.8;19.3;11.8;14.6;16.9
2017-11-16 23:30:00;38.1;10.1;12.6;20.4;9.6;11.8;17.1
2017-11-16 23:45:00;37.0;11.4;11.9;19.7;10.8;11.2;16.5
2017-11-17 00:00:00;36.8;16.3;13.7;15.6;15.2;12.7;13.2
2017-11-17 00:15:00;37.1;11.4;16.2;17.1;10.7;15.3;14.5
2017-11-17 00:30:00;36.3;11.0;13.7;21.9;10.3;13.0;18.6
2017-11-17 00:45:00;36.1;14.1;15.5;20.0;13.3;14.4;16.9
2017-11-17 01:00:00;36.2;15.6;18.3;21.5;14.6;16.9;18.2
2017-11-17 01:15:00;36.9;17.0;19.0;21.0;15.9;17.5;18.0
2017-11-17 01:30:00;37.6;11.6;17.5;18.1;11.1;16.2;15.3
2017-11-17 01:45:00;38.0;15.8;15.5;20.1;15.0;14.4;17.3
2017-11-17 02:00:00;40.1;24.2;24.0;26.7;22.7;22.1;22.8
2017-11-17 02:15:00;43.3;26.4;24.1;24.6;24.4;22.0;21.2
2017-11-17 02:30:00;44.8;21.4;22.6;22.6;19.8;20.9;19.2
2017-11-17 02:45:00;46.0;18.2;20.6;24.2;16.9;19.2;20.5
2017-11-17 03:00:00;44.3;18.8;21.9;26.8;17.5;20.3;22.4
2017-11-17 03:15:00;40.9;17.1;19.6;22.8;16.0;18.2;19.1
2017-11-17 03:30:00;40.3;19.2;24.0;25.6;17.9;22.4;21.5
2017-11-17 03:45:00;40.9;24.5;27.4;28.1;22.7;25.2;23.4
2017-11-17 04:00:00;42.5;19.9;23.2;23.4;18.6;21.5;19.7
2017-11-17 04:15:00;43.6;19.8;23.2;25.0;18.5;21.4;21.2
2017-11-17 04:30:00;44.3;22.1;22.6;22.8;20.5;21.0;19.4
2017-11-17 04:45:00;44.6;18.9;19.9;31.4;17.8;18.5;26.0
2017-11-17 05:00:00;44.4;19.5;17.6;32.8;18.1;16.3;27.6
2017-11-17 05:15:00;44.0;22.4;20.6;33.2;20.8;19.0;28.4
2017-11-17 05:30:00;45.0;20.9;22.1;32.4;19.5;20.3;27.0
2017-11-17 05:45:00;46.8;20.0;24.4;34.3;18.8;22.3;28.4
2017-11-17 06:00:00;48.8;30.2;40.4;51.2;28.0;37.0;42.5
2017-11-17 06:15:00;54.1;52.5;49.7;57.1;48.6;46.1;48.3
2017-11-17 06:30:00;59.3;44.3;45.6;50.7;41.2;42.2;43.4
2017-11-17 06:45:00;65.2;32.7;51.1;52.5;30.5;47.2;44.8
2017-11-17 07:00:00;69.2;28.4;35.8;50.6;26.6;33.3;43.2
2017-11-17 07:15:00;66.7;28.3;31.3;42.2;26.5;29.4;37.3
2017-11-17 07:30:00;63.6;26.6;41.4;41.2;24.9;38.7;35.8
2017-11-17 07:45:00;62.1;30.0;35.4;43.0;28.3;33.1;37.2
2017-11-17 08:00:00;59.9;30.1;42.0;50.8;28.3;38.8;43.8
2017-11-17 08:15:00;61.0;32.7;45.6;59.8;30.6;42.5;51.2
2017-11-17 08:30:00;62.4;43.0;48.5;61.0;40.0;44.9;51.8
2017-11-17 08:45:00;58.4;48.5;55.2;66.8;45.0;50.8;56.7
2017-11-17 09:00:00;55.6;50.1;60.2;68.2;47.0;55.6;57.7
2017-11-17 09:15:00;51.4;42.7;47.6;50.9;40.0;44.1;43.7
2017-11-17 09:30:00;45.2;33.0;40.7;49.9;31.0;38.0;42.7
2017-11-17 09:45:00;41.5;26.6;26.9;46.0;24.9;25.4;39.5
2017-11-17 10:00:00;37.1;30.4;37.7;39.5;28.5;35.0;33.9
2017-11-17 10:15:00;34.6;48.7;59.2;60.7;45.7;55.2;51.8
2017-11-17 10:30:00;36.2;57.9;70.8;90.5;54.3;66.4;77.0
2017-11-17 10:45:00;36.7;59.9;68.2;85.0;55.8;63.7;72.5
2017-11-17 11:00:00;36.7;53.5;59.3;75.7;49.6;55.5;64.5
2017-11-17 11:15:00;36.7;41.4;49.7;61.4;38.8;46.4;52.6
2017-11-17 11:30:00;36.1;43.7;53.4;62.5;41.0;50.0;53.7
2017-11-17 11:45:00;35.5;44.5;58.2;63.5;42.0;54.1;54.8
2017-11-17 12:00:00;36.0;33.8;42.2;55.8;31.9;39.5;47.3
2017-11-17 12:15:00;34.2;31.4;49.6;52.4;29.4;46.5;45.0
2017-11-17 12:30:00;35.3;38.6;58.0;54.3;36.2;54.0;46.5
2017-11-17 12:45:00;37.7;35.9;43.4;43.1;33.6;40.0;36.5
2017-11-17 13:00:00;41.1;28.5;30.8;33.8;26.7;28.7;29.3
2017-11-17 13:15:00;46.2;24.4;29.1;39.6;22.9;27.1;34.0
2017-11-17 13:30:00;44.1;27.2;31.9;42.0;25.4;29.8;35.5
2017-11-17 13:45:00;41.8;27.2;35.2;40.8;25.4;33.0;34.5
2017-11-17 14:00:00;41.1;33.3;41.7;42.5;31.2;38.8;35.9
2017-11-17 14:15:00;40.9;31.6;45.1;43.4;29.5;42.1;36.9
2017-11-17 14:30:00;44.6;30.5;50.5;52.8;28.5;47.0;45.2
2017-11-17 14:45:00;47.2;26.5;39.2;49.5;24.8;36.5;41.6
2017-11-17 15:00:00;43.6;21.6;24.0;31.9;20.2;22.5;27.6
2017-11-17 15:15:00;40.1;21.4;26.0;31.4;20.2;24.5;27.0
2017-11-17 15:30:00;40.2;26.6;28.0;38.8;24.9;26.3;33.4
2017-11-17 15:45:00;39.8;20.9;34.7;43.5;19.6;32.6;37.6
2017-11-17 16:00:00;42.9;26.0;37.0;50.8;24.4;34.8;43.1
2017-11-17 16:15:00;48.7;30.0;37.8;49.0;28.2;35.0;41.6
2017-11-17 16:30:00;48.8;30.9;34.8;49.2;29.1;32.3;41.5
2017-11-17 16:45:00;48.9;35.7;40.2;52.5;33.5;37.6;44.8
2017-11-17 17:00:00;50.2;40.9;57.1;67.0;38.4;53.1;57.5
2017-11-17 17:15:00;48.6;54.0;74.5;81.9;50.5;68.8;69.1
2017-11-17 17:30:00;49.1;63.2;75.4;89.8;59.0;70.0;75.8
2017-11-17 17:45:00;51.1;64.4;76.5;79.9;60.4;71.3;68.3
2017-11-17 18:00:00;54.1;59.4;74.1;77.2;55.5;68.7;65.6
2017-11-17 18:15:00;55.8;55.5;72.4;79.9;51.6;66.7;67.8
2017-11-17 18:30:00;55.4;57.8;69.8;91.9;53.8;65.0;77.4
2017-11-17 18:45:00;55.9;56.1;75.7;82.3;52.5;70.5;69.6
2017-11-17 19:00:00;56.3;55.9;81.7;84.2;52.3;75.6;71.4
2017-11-17 19:15:00;58.5;58.2;73.1;87.9;54.5;67.8;74.2
2017-11-17 19:30:00;60.2;65.4;78.3;86.1;61.4;72.5;73.2
2017-11-17 19:45:00;61.0;68.2;80.8;89.8;63.7;75.0;76.0
2017-11-17 20:00:00;62.6;71.4;82.9;87.5;66.4;76.8;74.6
2017-11-17 20:15:00;64.4;75.1;79.4;88.0;69.9;73.3;74.7
2017-11-17 20:30:00;67.8;71.6;79.8;85.1;66.7;73.6;72.0
2017-11-17 20:45:00;69.9;71.7;80.0;91.0;67.0;74.0;76.8
2017-11-17 21:00:00;70.5;72.1;82.3;89.3;67.3;76.3;75.4
2017-11-17 21:15:00;69.3;71.0;86.2;97.1;66.2;79.5;81.1
2017-11-17 21:30:00;66.3;70.7;77.6;92.0;66.1;71.8;77.2
2017-11-17 21:45:00;64.2;77.9;86.1;90.4;72.4;79.4;75.5
2017-11-17 22:00:00;62.7;67.8;85.4;93.3;63.0;78.9;76.8
2017-11-17 22:15:00;61.4;67.5;74.5;89.5;62.6;69.2;74.0
2017-11-17 22:30:00;58.8;62.1;66.8;83.1;57.7;61.9;68.9
2017-11-17 22:45:00;55.0;69.1;64.7;73.5;64.1;60.0;61.0
2017-11-17 23:00:00;52.5;71.5;69.6;78.6;66.5;64.8;65.0
2017-11-17 23:15:00;52.0;62.9;71.8;78.7;58.4;66.5;65.5
2017-11-17 23:30:00;52.4;65.0;64.1;81.2;60.2;59.4;67.6
2017-11-17 23:45:00;53.3;69.1;68.2;74.9;63.9;63.4;61.9
2017-11-18 00:00:00;52.2;64.0;62.6;74.6;59.3;57.9;61.3
2017-11-18 00:15:00;49.8;61.6;56.7;75.4;57.5;52.8;62.1
2017-11-18 00:30:00;47.7;67.4;58.0;70.6;62.8;53.9;58.0
2017-11-18 00:45:00;46.4;62.9;69.2;75.4;58.5;64.0;61.4
2017-11-18 01:00:00;44.8;61.3;62.5;60.7;56.8;57.6;50.0
2017-11-18 01:15:00;42.1;53.5;56.5;71.2;49.7;52.3;58.8
2017-11-18 01:30:00;39.2;54.0;56.3;67.2;50.4;51.9;55.4
2017-11-18 01:45:00;36.3;47.7;58.0;62.4;44.4;53.5;52.0
2017-11-18 02:00:00;33.7;40.8;50.4;54.5;38.2;46.9;45.1
2017-11-18 02:15:00;32.3;42.8;44.2;52.8;40.4;41.1;43.9
2017-11-18 02:30:00;32.0;45.4;44.5;51.2;42.3;41.8;42.3
2017-11-18 02:45:00;30.1;41.2;42.1;46.1;38.5;39.2;38.0
2017-11-18 03:00:00;29.6;42.0;40.8;45.4;39.0;37.8;37.9
2017-11-18 03:15:00;29.6;43.4;47.2;52.1;40.5;43.8;43.8
2017-11-18 03:30:00;29.3;54.0;60.5;64.9;50.4;56.4;55.5
2017-11-18 03:45:00;29.7;34.4;45.5;54.2;32.2;42.2;45.5
2017-11-18 04:00:00;30.9;34.0;47.9;51.0;31.9;44.6;42.6
2017-11-18 04:15:00;32.9;47.8;59.8;74.9;44.6;55.6;62.4
2017-11-18 04:30:00;36.7;62.4;77.6;82.0;58.3;72.3;68.9
2017-11-18 04:45:00;41.0;67.6;83.3;84.6;63.1;77.6;70.3
2017-11-18 05:00:00;44.7;89.2;104.9;;83.2;97.0;
2017-11-18 05:15:00;47.5;89.3;106.7;;83.3;99.0;
2017-11-18 05:30:00;48.2;79.4;92.1;;74.2;85.8;
2017-11-18 05:45:00;46.9;62.3;80.5;93.8;58.1;74.6;79.3
2017-11-18 06:00:00;44.4;65.9;88.5;;61.6;81.7;
2017-11-18 06:15:00;42.2;82.7;93.1;;77.1;86.5;
2017-11-18 06:30:00;42.6;;197.1;;;183.7;
2017-11-18 06:45:00;48.5;;193.9;;;180.9;
2017-11-18 07:00:00;52.1;54.0;58.0;57.8;50.8;54.5;50.0
2017-11-18 07:15:00;51.3;65.6;80.2;91.2;59.2;71.8;73.1
2017-11-18 07:30:00;47.4;71.3;99.8;;64.4;88.5;
2017-11-18 07:45:00;38.2;37.0;46.2;29.7;33.8;41.5;25.2
2017-11-18 08:00:00;31.7;12.7;14.2;24.5;12.1;13.4;22.0
2017-11-18 08:15:00;29.2;24.8;27.8;46.3;23.8;26.5;41.2
2017-11-18 08:30:00;30.0;48.9;53.2;75.8;46.5;50.8;67.9
2017-11-18 08:45:00;35.3;61.2;71.4;;58.1;67.5;
2017-11-18 09:00:00;39.3;27.1;27.1;54.5;25.8;25.4;47.0
2017-11-18 09:15:00;40.7;21.1;23.6;41.1;20.0;22.0;35.3
2017-11-18 09:30:00;40.3;26.4;29.0;35.2;24.7;26.9;30.3
2017-11-18 09:45:00;37.0;24.7;26.8;29.6;23.1;24.8;25.0
2017-11-18 10:00:00;34.4;23.0;22.6;35.1;21.4;20.7;29.2
2017-11-18 10:15:00;34.1;19.8;26.8;33.3;18.4;24.8;27.9
2017-11-18 10:30:00;34.0;16.0;22.8;24.6;14.9;21.1;21.2
2017-11-18 10:45:00;33.1;12.4;18.0;19.4;11.6;16.9;16.4
2017-11-18 11:00:00;32.4;11.7;17.1;25.1;11.1;16.0;21.0
2017-11-18 11:15:00;32.8;14.8;14.8;26.3;13.9;14.0;22.2
2017-11-18 11:30:00;34.2;18.7;22.6;25.2;17.6;20.9;21.3
2017-11-18 11:45:00;36.9;19.7;23.6;31.0;18.3;21.9;26.3
2017-11-18 12:00:00;38.3;23.2;26.2;34.6;21.9;24.5;29.4
2017-11-18 12:15:00;36.3;20.4;25.2;31.8;19.2;23.3;26.9
2017-11-18 12:30:00;32.5;19.7;27.1;34.9;18.5;25.0;29.2
2017-11-18 12:45:00;30.3;26.0;32.1;37.7;24.1;29.4;32.0
2017-11-18 13:00:00;29.0;26.1;32.2;34.5;24.4;29.9;29.6
2017-11-18 13:15:00;29.8;27.2;27.9;42.4;25.4;26.2;36.0
2017-11-18 13:30:00;31.4;25.1;31.3;37.5;23.6;29.3;31.9
2017-11-18 13:45:00;30.8;23.1;37.0;38.9;22.0;34.3;33.0
2017-11-18 14:00:00;31.9;28.1;33.1;44.5;26.5;30.6;36.9
2017-11-18 14:15:00;31.7;31.4;32.0;45.2;29.5;29.9;37.6
2017-11-18 14:30:00;29.9;31.8;34.5;43.9;30.1;32.5;37.2
2017-11-18 14:45:00;28.6;31.0;28.6;40.1;29.0;26.7;33.8
2017-11-18 15:00:00;26.6;28.2;32.2;36.4;26.4;30.1;30.5
2017-11-18 15:15:00;26.2;30.8;31.8;41.1;29.1;29.6;34.8
2017-11-18 15:30:00;27.3;25.7;32.7;43.7;24.1;30.4;37.1
2017-11-18 15:45:00;27.4;25.4;34.4;38.5;23.9;32.1;32.5
2017-11-18 16:00:00;26.5;28.0;38.9;49.0;26.4;36.3;41.0
2017-11-18 16:15:00;27.0;30.6;38.8;56.3;28.9;36.2;46.6
2017-11-18 16:30:00;27.0;33.6;39.2;51.8;31.6;36.5;43.1
2017-11-18 16:45:00;27.6;31.6;39.9;45.1;29.9;37.0;38.1
2017-11-18 17:00:00;28.7;33.7;40.0;41.5;31.7;37.0;35.0
2017-11-18 17:15:00;28.1;30.9;39.2;46.3;28.9;36.4;38.9
2017-11-18 17:30:00;28.8;29.6;39.6;43.7;27.6;36.9;37.0
2017-11-18 17:45:00;29.1;35.1;39.0;48.2;33.0;36.3;40.9
2017-11-18 18:00:00;28.1;41.4;40.5;49.3;39.0;37.8;41.6
2017-11-18 18:15:00;27.6;41.8;40.1;46.7;39.6;37.6;39.4
2017-11-18 18:30:00;27.2;31.6;41.8;45.0;29.9;39.0;38.1
2017-11-18 18:45:00;26.5;31.8;42.3;36.8;29.9;39.4;31.6
2017-11-18 19:00:00;26.9;33.4;39.4;41.0;31.2;36.8;35.0
2017-11-18 19:15:00;25.8;30.4;32.0;43.1;28.6;29.9;36.3
2017-11-18 19:30:00;23.6;29.2;35.5;44.2;27.5;33.0;36.9
2017-11-18 19:45:00;24.7;30.4;38.5;44.2;28.6;35.7;36.5
2017-11-18 20:00:00;25.6;29.3;45.0;48.4;27.6;41.8;40.5
2017-11-18 20:15:00;26.7;36.3;45.8;48.5;33.9;42.4;41.3
2017-11-18 20:30:00;28.2;38.2;41.6;51.4;35.4;38.6;43.5
2017-11-18 20:45:00;28.0;30.6;42.2;53.5;28.7;39.2;45.2
2017-11-18 21:00:00;26.5;34.4;50.4;53.8;32.0;46.2;45.4
2017-11-18 21:15:00;26.4;43.7;45.0;56.4;40.5;41.8;47.0
2017-11-18 21:30:00;25.8;39.2;39.0;53.8;36.5;36.5;45.5
2017-11-18 21:45:00;25.1;43.3;38.8;50.9;40.4;36.2;43.1
2017-11-18 22:00:00;26.0;40.6;38.1;53.0;38.1;35.7;44.5
2017-11-18 22:15:00;26.1;41.0;42.3;62.3;38.4;39.5;51.8
2017-11-18 22:30:00;25.8;41.3;41.1;55.9;38.5;38.3;47.1
2017-11-18 22:45:00;24.3;36.0;46.2;58.5;33.3;43.3;49.0
2017-11-18 23:00:00;23.0;41.4;47.2;59.2;38.6;43.9;49.5
2017-11-18 23:15:00;21.8;43.5;47.3;58.2;40.5;44.2;48.9
2017-11-18 23:30:00;20.6;42.2;49.5;57.6;39.4;46.3;48.6
2017-11-18 23:45:00;19.9;41.2;59.0;66.6;38.7;55.2;56.0
2017-11-19 00:00:00;19.4;47.2;56.0;63.8;44.3;52.3;53.2
2017-11-19 00:15:00;19.5;40.6;49.0;49.8;38.0;45.8;41.9
2017-11-19 00:30:00;19.3;28.4;40.3;42.4;26.8;37.6;35.8
2017-11-19 00:45:00;18.9;23.4;29.1;36.6;21.8;26.9;30.7
2017-11-19 01:00:00;17.2;19.0;20.4;34.9;17.6;18.5;29.0
2017-11-19 01:15:00;14.7;10.2;12.8;19.2;9.7;11.7;16.2
2017-11-19 01:30:00;13.1;8.6;13.2;14.8;8.0;11.9;12.1
2017-11-19 01:45:00;10.6;8.3;11.2;16.4;7.7;10.3;13.8
2017-11-19 02:00:00;9.8;14.3;21.6;27.2;13.4;19.9;22.4
2017-11-19 02:15:00;8.6;25.2;33.5;42.7;23.4;31.2;35.5
2017-11-19 02:30:00;8.2;32.4;45.5;46.3;30.1;42.1;38.6
2017-11-19 02:45:00;9.4;30.8;46.1;53.0;28.9;42.8;43.9
2017-11-19 03:00:00;9.6;31.8;46.9;54.1;29.8;43.5;45.1
2017-11-19 03:15:00;12.8;32.8;43.2;49.2;30.8;40.0;41.8
2017-11-19 03:30:00;15.2;35.6;40.3;54.3;33.1;37.3;45.4
2017-11-19 03:45:00;15.3;31.1;41.8;58.0;28.9;38.3;48.0
2017-11-19 04:00:00;15.6;34.3;42.6;52.5;31.9;39.2;43.3
2017-11-19 04:15:00;13.3;36.4;45.6;55.2;34.0;42.0;45.9
2017-11-19 04:30:00;11.5;36.9;47.2;53.5;34.1;43.7;44.6
2017-11-19 04:45:00;11.3;37.5;46.8;52.7;34.9;42.9;43.8
2017-11-19 05:00:00;11.7;31.7;46.2;56.2;29.6;42.4;46.3
2017-11-19 05:15:00;11.8;34.9;44.3;53.5;32.6;40.9;44.3
2017-11-19 05:30:00;11.7;37.9;48.2;57.7;35.3;44.3;47.8
2017-11-19 05:45:00;12.7;37.1;44.9;61.4;34.5;41.3;50.9
2017-11-19 06:00:00;13.6;37.9;42.8;55.8;35.0;39.6;46.5
2017-11-19 06:15:00;13.7;39.4;41.6;47.9;36.8;38.8;40.2
2017-11-19 06:30:00;14.2;40.2;43.0;41.0;37.5;40.3;34.5
2017-11-19 06:45:00;14.8;35.8;36.8;43.7;33.2;34.5;36.2
2017-11-19 07:00:00;15.2;33.9;35.9;41.8;31.5;33.3;34.7
2017-11-19 07:15:00;16.0;36.5;34.9;41.0;34.1;32.5;34.4
2017-11-19 07:30:00;16.6;35.9;43.0;43.7;33.5;39.7;36.4
2017-11-19 07:45:00;17.4;33.0;37.9;49.0;30.5;35.0;40.0
2017-11-19 08:00:00;16.8;32.7;36.7;42.0;30.4;33.9;34.5
2017-11-19 08:15:00;17.1;34.9;33.0;43.2;32.4;30.7;35.5
2017-11-19 08:30:00;17.0;34.7;26.8;45.6;32.4;25.1;37.7
2017-11-19 08:45:00;16.2;31.7;28.3;36.0;29.3;26.2;29.6
2017-11-19 09:00:00;17.7;30.6;31.8;33.2;28.5;29.6;27.8
2017-11-19 09:15:00;17.8;27.7;29.8;36.6;25.9;27.7;30.8
2017-11-19 09:30:00;17.3;29.1;30.6;36.6;27.1;27.9;30.9
2017-11-19 09:45:00;19.3;28.2;28.9;28.4;26.4;26.5;24.0
2017-11-19 10:00:00;21.1;21.8;24.6;30.6;20.4;22.9;26.0
2017-11-19 10:15:00;23.2;21.0;26.5;26.5;19.5;24.4;22.8
2017-11-19 10:30:00;24.5;21.6;30.2;20.1;20.1;27.8;16.9
2017-11-19 10:45:00;25.0;22.6;24.7;25.1;21.0;22.8;21.1
2017-11-19 11:00:00;24.1;18.9;25.9;29.1;17.8;24.1;24.6
2017-11-19 11:15:00;23.8;20.1;32.3;32.2;18.8;30.1;26.9
2017-11-19 11:30:00;25.3;16.8;29.1;30.0;15.8;27.0;25.0
2017-11-19 11:45:00;25.7;17.9;23.4;30.4;16.9;21.6;25.4
2017-11-19 12:00:00;24.2;21.8;19.8;25.9;20.4;18.4;21.8
2017-11-19 12:15:00;23.3;20.1;20.1;25.3;18.9;19.0;21.1
2017-11-19 12:30:00;22.4;20.7;26.1;27.3;19.6;24.4;22.9
2017-11-19 12:45:00;19.4;17.4;22.2;24.5;16.3;20.8;20.4
2017-11-19 13:00:00;19.3;17.1;23.6;23.7;15.9;22.0;19.8
2017-11-19 13:15:00;19.2;20.3;20.3;24.1;18.9;18.9;20.1
2017-11-19 13:30:00;18.2;17.7;18.0;23.1;16.5;16.7;19.7
2017-11-19 13:45:00;19.0;17.4;24.0;20.5;16.2;22.2;17.4
2017-11-19 14:00:00;19.3;19.0;20.1;20.8;17.9;18.6;17.4
2017-11-19 14:15:00;19.7;19.9;23.5;24.2;18.8;21.8;19.9
2017-11-19 14:30:00;20.6;20.4;29.2;29.0;19.2;27.1;23.9
2017-11-19 14:45:00;22.1;19.8;30.8;37.0;18.6;28.4;30.6
2017-11-19 15:00:00;22.5;17.4;25.1;32.8;16.2;23.5;27.1
2017-11-19 15:15:00;23.5;20.0;23.9;26.4;18.6;22.4;22.0
2017-11-19 15:30:00;24.3;21.5;27.8;29.2;20.1;25.9;24.4
2017-11-19 15:45:00;24.8;21.6;25.1;28.9;20.2;23.4;24.2
2017-11-19 16:00:00;25.3;24.0;30.4;33.3;22.3;28.1;27.9
2017-11-19 16:15:00;26.5;24.7;39.1;36.4;22.9;35.9;30.2
2017-11-19 16:30:00;29.0;32.1;37.3;35.4;29.7;34.5;29.4
2017-11-19 16:45:00;32.1;34.3;37.8;41.7;31.8;35.0;34.6
2017-11-19 17:00:00;39.5;37.4;35.2;51.8;34.8;32.7;43.0
2017-11-19 17:15:00;45.2;32.0;33.7;49.1;30.0;31.2;40.7
2017-11-19 17:30:00;46.0;28.7;29.1;42.5;26.7;27.0;34.8
2017-11-19 17:45:00;46.2;35.3;33.1;42.5;32.8;30.6;35.3
2017-11-19 18:00:00;43.1;38.8;46.1;45.7;35.8;42.2;38.0
2017-11-19 18:15:00;42.5;30.8;32.7;36.8;28.5;30.1;31.0
2017-11-19 18:30:00;42.0;25.6;26.5;38.8;24.0;24.7;32.4
2017-11-19 18:45:00;42.9;36.2;40.3;46.6;33.6;37.6;38.6
2017-11-19 19:00:00;46.3;37.4;42.6;51.8;34.5;39.5;42.5
2017-11-19 19:15:00;47.6;42.1;49.6;54.0;39.0;45.5;44.6
2017-11-19 19:30:00;51.3;45.0;46.9;56.1;41.5;43.3;46.6
2017-11-19 19:45:00;52.3;40.9;42.2;50.5;37.8;39.3;42.2
2017-11-19 20:00:00;51.8;34.0;39.8;51.4;31.6;37.0;42.5
2017-11-19 20:15:00;52.2;36.6;45.8;61.2;34.0;41.8;50.3
2017-11-19 20:30:00;53.4;37.8;41.8;44.6;35.3;38.5;37.3
2017-11-19 20:45:00;57.5;42.2;42.6;41.9;39.1;39.2;35.5
2017-11-19 21:00:00;55.3;35.5;35.0;40.9;33.2;32.4;34.5
2017-11-19 21:15:00;50.7;31.3;30.6;41.0;29.4;28.4;34.3
2017-11-19 21:30:00;45.8;31.5;31.3;44.4;29.4;28.9;37.0
2017-11-19 21:45:00;39.5;33.3;37.2;43.9;30.9;34.3;36.5
2017-11-19 22:00:00;37.4;27.1;30.6;43.9;25.4;28.1;36.1
2017-11-19 22:15:00;37.3;23.7;27.8;38.2;22.3;25.7;31.8
2017-11-19 22:30:00;36.9;28.6;30.2;43.2;26.6;27.9;35.8
2017-11-19 22:45:00;36.3;30.4;31.0;40.6;28.2;28.6;33.4
2017-11-19 23:00:00;35.9;26.9;29.0;36.2;25.0;27.0;30.2
2017-11-19 23:15:00;35.7;28.6;30.1;37.5;26.6;27.9;31.5
2017-11-19 23:30:00;36.3;21.6;27.8;39.2;20.3;25.9;32.4
2017-11-19 23:45:00;35.9;26.7;27.4;38.4;25.0;25.5;31.8
2017-11-20 00:00:00;35.3;28.0;32.5;35.9;26.2;30.1;29.6
2017-11-20 00:15:00;34.0;27.7;30.9;38.1;25.9;28.5;31.9
2017-11-20 00:30:00;33.3;30.3;31.4;35.7;28.2;29.1;29.8
2017-11-20 00:45:00;34.4;26.0;29.9;37.9;24.1;27.6;31.5
2017-11-20 01:00:00;36.0;28.6;27.5;37.0;26.9;25.5;31.2
2017-11-20 01:15:00;35.6;30.4;31.5;38.3;28.4;29.2;32.4
2017-11-20 01:30:00;34.6;26.5;31.1;36.8;24.8;28.9;31.1
2017-11-20 01:45:00;32.3;23.8;26.8;36.4;22.0;25.0;30.8
2017-11-20 02:00:00;30.1;19.3;28.4;36.9;18.1;26.6;30.9
2017-11-20 02:15:00;29.6;25.1;29.3;37.0;23.5;27.0;30.6
2017-11-20 02:30:00;28.4;20.6;30.1;35.5;19.4;27.9;29.8
2017-11-20 02:45:00;27.1;22.0;33.1;33.9;20.6;30.9;28.6
2017-11-20 03:00:00;27.9;22.6;28.1;36.0;21.1;26.3;30.0
2017-11-20 03:15:00;27.3;26.7;27.1;32.8;25.1;25.2;27.6
2017-11-20 03:30:00;27.5;22.8;31.1;28.2;21.6;28.8;23.5
2017-11-20 03:45:00;27.8;23.3;31.2;38.5;22.0;28.9;31.6
2017-11-20 04:00:00;25.9;26.6;30.8;39.2;24.8;28.5;32.5
2017-11-20 04:15:00;26.5;27.3;24.9;37.5;25.5;23.4;31.8
2017-11-20 04:30:00;26.8;24.9;33.4;41.8;23.3;31.1;35.2
2017-11-20 04:45:00;25.6;25.3;34.5;34.2;23.8;32.1;28.6
2017-11-20 05:00:00;25.2;29.3;32.2;37.3;27.4;30.2;30.8
2017-11-20 05:15:00;24.8;28.8;28.6;40.4;26.8;26.5;34.1
2017-11-20 05:30:00;24.0;31.2;33.0;41.2;29.2;30.3;34.9
2017-11-20 05:45:00;24.0;31.0;33.5;40.2;28.8;30.9;33.9
2017-11-20 06:00:00;23.4;33.8;36.9;37.4;31.2;34.0;31.1
2017-11-20 06:15:00;21.6;34.9;34.4;39.2;32.5;31.7;32.9
2017-11-20 06:30:00;21.6;28.9;29.1;44.1;26.9;27.2;36.8
2017-11-20 06:45:00;22.7;26.8;31.6;41.7;24.9;29.8;35.1
2017-11-20 07:00:00;23.7;27.0;35.7;39.6;25.2;32.9;33.1
2017-11-20 07:15:00;24.9;29.6;36.8;35.5;27.8;34.1;29.7
2017-11-20 07:30:00;25.1;30.8;30.2;32.2;28.5;27.9;26.6
2017-11-20 07:45:00;24.9;25.8;26.5;31.6;23.9;24.8;26.2
2017-11-20 08:00:00;25.6;23.2;25.9;32.5;21.5;24.2;27.4
2017-11-20 08:15:00;26.0;22.1;24.9;33.4;20.6;23.3;27.9
2017-11-20 08:30:00;25.9;24.2;28.1;33.4;22.6;25.9;27.6
2017-11-20 08:45:00;25.7;26.7;38.1;38.3;24.8;34.9;31.6
2017-11-20 09:00:00;25.8;26.9;36.9;36.8;24.8;33.5;30.4
2017-11-20 09:15:00;27.0;28.9;31.8;42.6;26.9;29.2;35.2
2017-11-20 09:30:00;29.4;31.4;41.2;42.5;29.0;37.9;35.1
2017-11-20 09:45:00;33.2;40.1;47.5;46.7;37.1;43.5;38.7
2017-11-20 10:00:00;36.9;47.6;55.2;48.2;44.0;50.4;40.1
2017-11-20 10:15:00;39.7;37.2;45.0;44.2;34.5;41.3;37.0
2017-11-20 10:30:00;38.4;25.5;33.5;36.3;23.9;30.8;30.1
2017-11-20 10:45:00;35.2;21.9;23.2;30.4;20.5;21.5;25.1
2017-11-20 11:00:00;30.5;20.5;24.0;21.5;19.1;22.3;18.2
2017-11-20 11:15:00;27.2;18.6;30.7;28.6;17.3;28.0;24.0
2017-11-20 11:30:00;29.5;22.5;30.5;36.7;20.8;28.1;30.3
2017-11-20 11:45:00;31.0;24.2;29.0;33.0;22.5;26.8;27.0
2017-11-20 12:00:00;31.6;24.7;27.2;34.6;22.9;25.0;28.6
2017-11-20 12:15:00;31.3;20.3;23.5;28.4;19.0;21.6;23.8
2017-11-20 12:30:00;28.9;17.8;22.5;26.9;16.7;21.0;22.5
2017-11-20 12:45:00;27.7;19.7;24.0;21.8;18.5;22.3;18.5
2017-11-20 13:00:00;27.7;19.5;21.4;20.5;18.2;19.8;17.4
2017-11-20 13:15:00;28.3;14.4;20.4;25.0;13.4;18.8;20.9
2017-11-20 13:30:00;29.2;17.5;25.0;20.7;16.4;23.1;17.7
2017-11-20 13:45:00;29.4;21.1;25.4;21.1;19.5;23.6;18.2
2017-11-20 14:00:00;28.8;17.8;18.0;22.2;16.6;16.9;18.7
2017-11-20 14:15:00;25.6;14.8;14.0;21.2;13.7;13.2;18.0
2017-11-20 14:30:00;22.6;12.6;20.0;17.4;12.0;18.6;14.8
2017-11-20 14:45:00;20.9;15.1;22.8;24.8;14.0;21.0;21.1
2017-11-20 15:00:00;21.8;21.2;21.9;31.8;19.8;20.4;26.4
2017-11-20 15:15:00;24.5;27.7;28.5;34.1;25.8;26.4;28.4
2017-11-20 15:30:00;25.8;17.2;24.6;23.9;16.2;22.9;20.2
2017-11-20 15:45:00;26.3;16.6;24.0;27.0;15.4;22.2;22.9
2017-11-20 16:00:00;26.5;23.1;32.7;27.0;21.5;30.2;23.4
2017-11-20 16:15:00;27.2;17.9;24.6;29.8;16.7;22.6;25.2
2017-11-20 16:30:00;28.0;19.7;25.8;24.2;18.4;23.6;20.4
2017-11-20 16:45:00;28.6;17.3;21.3;25.6;16.1;19.5;21.3
2017-11-20 17:00:00;26.9;16.5;19.9;25.1;15.3;18.3;20.6
2017-11-20 17:15:00;24.5;16.7;18.9;26.8;15.5;17.4;22.4
2017-11-20 17:30:00;22.6;18.8;27.0;30.1;17.5;24.7;25.2
2017-11-20 17:45:00;22.5;23.6;36.0;28.4;21.9;32.9;23.5
2017-11-20 18:00:00;22.3;17.5;24.5;17.4;16.3;22.4;14.6
2017-11-20 18:15:00;21.7;18.5;23.6;15.9;17.0;21.7;13.4
2017-11-20 18:30:00;22.4;30.0;37.1;28.0;27.2;33.8;23.4
2017-11-20 18:45:00;23.9;33.4;38.5;42.8;30.4;34.9;35.5
2017-11-20 19:00:00;26.3;26.3;34.5;37.2;24.0;31.3;30.9
2017-11-20 19:15:00;29.6;31.9;48.4;39.5;29.3;43.8;32.4
2017-11-20 19:30:00;32.0;29.2;38.1;32.4;26.9;34.8;27.2
2017-11-20 19:45:00;33.9;30.2;41.3;33.9;27.8;37.5;28.6
2017-11-20 20:00:00;34.4;21.2;27.5;28.4;19.9;25.6;23.9
2017-11-20 20:15:00;34.6;17.3;24.0;26.3;16.3;22.4;22.1
2017-11-20 20:30:00;34.3;23.5;24.9;27.3;21.6;22.7;22.9
2017-11-20 20:45:00;31.8;26.0;27.8;32.2;23.8;25.1;26.7
2017-11-20 21:00:00;31.4;24.7;26.6;32.3;22.9;24.6;27.0
2017-11-20 21:15:00;31.5;21.5;24.1;30.9;20.1;22.5;26.2
2017-11-20 21:30:00;30.9;21.6;22.3;26.4;20.0;21.2;22.6
2017-11-20 21:45:00;30.1;23.9;24.4;26.7;22.1;22.8;22.9
2017-11-20 22:00:00;28.6;16.9;23.9;31.4;15.8;22.1;26.7
2017-11-20 22:15:00;27.3;18.0;25.9;33.9;16.9;24.2;28.9
2017-11-20 22:30:00;26.5;20.2;30.0;33.1;19.1;27.9;28.3
2017-11-20 22:45:00;26.7;24.3;30.9;33.0;22.6;28.7;28.0
2017-11-20 23:00:00;25.9;24.2;22.9;33.3;22.4;21.6;28.5
2017-11-20 23:15:00;24.6;23.1;29.2;34.3;21.6;27.2;28.9
2017-11-20 23:30:00;23.6;24.1;33.3;38.3;22.6;31.2;32.3
2017-11-20 23:45:00;22.2;21.8;34.8;30.6;20.4;32.4;26.2
2017-11-21 00:00:00;22.4;17.9;31.6;31.0;16.8;29.2;26.1
2017-11-21 00:15:00;21.9;19.5;28.7;29.6;18.2;26.8;25.4
2017-11-21 00:30:00;20.8;20.2;21.6;25.3;18.9;19.9;21.7
2017-11-21 00:45:00;19.3;19.7;21.0;26.0;18.5;19.6;22.4
2017-11-21 01:00:00;18.3;20.9;28.9;31.6;19.8;27.0;27.0
2017-11-21 01:15:00;17.2;17.4;29.9;26.1;16.5;27.8;22.5
2017-11-21 01:30:00;16.3;21.4;23.4;26.6;20.0;21.7;22.9
2017-11-21 01:45:00;16.9;24.1;22.6;27.1;22.4;21.3;23.2
2017-11-21 02:00:00;16.6;25.6;23.8;33.0;23.9;22.4;27.6
2017-11-21 02:15:00;16.6;22.4;30.2;34.0;21.0;28.0;28.3
2017-11-21 02:30:00;16.4;18.9;28.3;31.6;17.8;26.4;26.9
2017-11-21 02:45:00;15.0;23.3;23.7;30.9;21.8;22.2;26.1
2017-11-21 03:00:00;13.9;29.4;28.9;35.2;27.5;27.0;29.6
2017-11-21 03:15:00;12.9;21.0;27.8;30.8;19.7;25.8;26.1
2017-11-21 03:30:00;12.8;18.2;33.5;31.1;17.2;31.1;26.5
2017-11-21 03:45:00;13.3;21.6;29.9;32.6;20.1;27.8;27.8
2017-11-21 04:00:00;14.2;22.6;26.0;33.2;21.1;24.3;27.8
2017-11-21 04:15:00;15.3;22.9;29.8;37.2;21.2;27.6;31.2
2017-11-21 04:30:00;15.6;25.2;28.5;40.0;23.4;26.4;33.8
2017-11-21 04:45:00;14.9;23.3;29.8;36.1;21.9;27.8;30.3
2017-11-21 05:00:00;13.6;21.6;26.9;34.9;20.2;25.1;29.3
2017-11-21 05:15:00;13.0;23.0;28.9;29.0;21.5;26.8;24.8
2017-11-21 05:30:00;13.1;24.1;26.8;31.6;22.8;24.9;26.4
2017-11-21 05:45:00;14.0;26.6;28.2;37.5;24.8;26.0;31.5
2017-11-21 06:00:00;14.8;30.1;30.9;34.7;27.9;28.4;29.5
2017-11-21 06:15:00;14.3;22.3;29.8;27.3;20.9;27.5;23.4
2017-11-21 06:30:00;13.1;22.0;31.3;28.1;20.7;28.9;23.8
2017-11-21 06:45:00;12.4;27.0;28.2;26.9;25.2;26.1;22.9
2017-11-21 07:00:00;12.2;26.0;25.9;28.4;24.2;24.0;23.5
2017-11-21 07:15:00;12.8;25.0;36.6;33.1;23.3;33.7;27.2
2017-11-21 07:30:00;14.1;22.4;36.0;32.8;21.0;33.2;27.6
2017-11-21 07:45:00;15.1;26.9;32.0;29.4;24.9;29.6;24.8
2017-11-21 08:00:00;15.2;29.4;34.1;25.6;27.3;31.3;21.8
2017-11-21 08:15:00;15.2;29.8;33.4;34.5;27.7;30.7;28.9
2017-11-21 08:30:00;15.6;28.9;26.6;29.8;26.8;24.9;24.8
2017-11-21 08:45:00;15.7;25.8;31.4;29.9;23.9;29.1;25.2
2017-11-21 09:00:00;16.2;21.5;35.9;33.9;19.9;32.9;28.8
2017-11-21 09:15:00;16.6;19.5;31.4;36.9;18.2;28.9;31.1
2017-11-21 09:30:00;16.2;24.0;30.0;37.5;22.4;27.6;31.8
2017-11-21 09:45:00;15.3;26.6;34.8;31.9;24.7;32.2;27.3
2017-11-21 10:00:00;15.6;23.5;27.9;27.8;21.9;25.8;23.6
2017-11-21 10:15:00;15.7;19.3;29.7;36.2;18.1;27.4;30.2
2017-11-21 10:30:00;16.4;21.3;29.6;36.5;19.9;27.5;30.6
2017-11-21 10:45:00;17.0;23.0;30.8;33.4;21.5;28.6;27.9
2017-11-21 11:00:00;17.2;22.9;25.5;32.6;21.4;23.8;27.8
2017-11-21 11:15:00;17.1;21.1;30.4;28.7;19.6;28.3;23.9
2017-11-21 11:30:00;17.2;21.1;26.8;28.1;19.6;24.7;23.7
2017-11-21 11:45:00;17.4;16.2;30.2;30.5;15.4;28.2;25.9
2017-11-21 12:00:00;17.4;16.2;31.6;26.2;15.4;29.4;22.4
2017-11-21 12:15:00;17.4;17.6;24.6;31.0;16.8;22.8;26.6
2017-11-21 12:30:00;17.4;18.5;23.6;31.1;17.4;22.0;26.5
2017-11-21 12:45:00;17.5;17.0;29.8;29.0;16.0;27.5;24.6
2017-11-21 13:00:00;16.8;20.4;26.2;26.6;19.0;24.2;22.9
2017-11-21 13:15:00;16.9;23.8;23.4;32.9;22.0;21.6;28.2
2017-11-21 13:30:00;16.8;27.7;33.5;33.6;25.6;30.9;28.4
2017-11-21 13:45:00;18.4;28.1;35.5;35.5;26.2;32.4;29.6
2017-11-21 14:00:00;21.0;26.9;35.9;41.3;25.2;33.1;34.2
2017-11-21 14:15:00;22.4;26.8;30.6;41.5;24.9;28.4;34.8
2017-11-21 14:30:00;23.3;33.1;30.9;35.9;30.6;28.3;30.7
2017-11-21 14:45:00;23.0;27.7;35.6;36.2;25.8;32.8;30.5
2017-11-21 15:00:00;23.5;30.5;38.8;38.7;28.3;35.8;32.4
2017-11-21 15:15:00;25.2;31.8;34.2;41.5;29.6;31.4;34.5
2017-11-21 15:30:00;26.6;29.4;36.2;37.1;27.4;33.3;31.1
2017-11-21 15:45:00;28.1;31.4;35.8;35.0;29.1;33.1;29.5
2017-11-21 16:00:00;28.1;36.5;37.4;39.4;33.8;34.7;33.3
2017-11-21 16:15:00;28.3;33.0;34.4;41.5;30.8;32.2;35.2
2017-11-21 16:30:00;29.8;31.6;40.3;42.1;29.4;37.3;35.2
2017-11-21 16:45:00;30.7;30.1;29.6;38.5;28.0;27.6;32.4
2017-11-21 17:00:00;30.5;25.5;20.5;40.5;23.9;19.2;34.5
2017-11-21 17:15:00;29.2;25.2;22.9;35.5;23.6;21.6;30.1
2017-11-21 17:30:00;27.5;28.3;34.9;37.6;26.4;32.3;32.0
2017-11-21 17:45:00;26.2;24.9;35.6;41.8;23.4;32.7;35.3
2017-11-21 18:00:00;25.6;25.6;32.7;36.1;24.0;30.3;30.6
2017-11-21 18:15:00;25.5;28.1;29.0;38.3;26.3;27.1;32.8
2017-11-21 18:30:00;25.2;30.6;33.2;38.5;28.5;31.0;33.0
2017-11-21 18:45:00;24.9;25.3;34.2;38.5;23.8;32.0;32.5
2017-11-21 19:00:00;25.5;24.1;32.9;40.0;22.6;30.8;34.0
2017-11-21 19:15:00;26.0;23.9;34.0;37.8;22.5;31.4;32.0
2017-11-21 19:30:00;25.2;25.7;39.6;42.7;23.9;36.8;35.8
2017-11-21 19:45:00;24.0;32.6;36.2;41.9;30.4;33.8;35.3
2017-11-21 20:00:00;22.5;29.0;28.7;35.2;27.1;26.9;29.9
2017-11-21 20:15:00;21.1;28.4;31.4;37.2;26.4;29.2;31.1
2017-11-21 20:30:00;21.2;28.1;31.2;41.4;26.4;29.0;34.9
2017-11-21 20:45:00;21.4;24.9;28.0;34.5;23.4;26.2;29.8
2017-11-21 21:00:00;21.8;21.5;27.9;37.5;20.0;26.1;32.0
2017-11-21 21:15:00;22.2;23.6;26.1;38.8;21.8;24.4;33.0
2017-11-21 21:30:00;22.6;27.2;25.3;31.8;25.4;23.7;27.1
2017-11-21 21:45:00;23.9;31.5;28.3;30.0;29.1;26.6;26.1
2017-11-21 22:00:00;25.2;27.2;33.6;33.0;25.6;31.4;28.1
2017-11-21 22:15:00;26.4;23.2;29.2;36.1;21.8;27.6;30.4
2017-11-21 22:30:00;26.3;25.1;30.9;40.7;23.4;29.1;34.6
2017-11-21 22:45:00;25.4;27.7;33.4;34.8;25.9;31.2;30.1
2017-11-21 23:00:00;24.2;22.0;30.4;29.6;20.6;28.4;25.6
2017-11-21 23:15:00;23.2;25.0;29.7;28.0;23.4;27.7;24.1
2017-11-21 23:30:00;23.0;23.0;29.0;28.7;21.7;27.0;24.8
2017-11-21 23:45:00;22.6;18.9;21.2;27.1;17.7;19.7;23.1
2017-11-22 00:00:00;22.4;20.8;26.4;27.5;19.5;24.6;23.4
2017-11-22 00:15:00;22.8;17.8;26.4;24.6;17.0;24.4;21.1
2017-11-22 00:30:00;23.4;16.9;23.9;30.2;16.1;22.2;25.9
2017-11-22 00:45:00;25.0;20.4;21.1;31.6;19.0;19.7;27.2
2017-11-22 01:00:00;26.0;21.9;22.9;26.2;20.7;21.4;22.2
2017-11-22 01:15:00;26.6;21.1;23.1;27.8;19.9;21.8;23.6
2017-11-22 01:30:00;27.1;22.8;19.9;31.6;21.3;18.7;26.6
2017-11-22 01:45:00;27.0;21.7;23.1;31.1;20.1;21.4;26.6
2017-11-22 02:00:00;27.4;21.6;24.9;28.0;20.1;23.1;23.7
2017-11-22 02:15:00;26.6;23.5;22.8;25.7;22.0;21.4;21.9
2017-11-22 02:30:00;26.0;22.5;21.8;23.6;21.2;20.2;20.2
2017-11-22 02:45:00;25.8;16.1;22.8;22.8;15.3;21.1;19.5
2017-11-22 03:00:00;25.4;12.9;19.0;28.4;12.2;17.7;23.8
2017-11-22 03:15:00;25.7;16.5;19.3;24.1;15.4;18.0;20.3
2017-11-22 03:30:00;25.8;16.5;19.0;21.8;15.2;17.6;18.9
2017-11-22 03:45:00;25.1;17.2;20.8;22.9;16.0;19.2;19.7
2017-11-22 04:00:00;24.6;18.5;19.1;22.5;17.2;18.0;19.2
2017-11-22 04:15:00;25.0;16.3;16.9;21.8;15.4;16.0;18.9
2017-11-22 04:30:00;24.9;14.8;16.2;21.8;13.8;15.3;18.4
2017-11-22 04:45:00;25.5;11.2;16.4;20.5;10.5;15.4;17.4
2017-11-22 05:00:00;26.1;15.4;16.9;22.4;14.6;15.8;18.9
2017-11-22 05:15:00;26.4;15.5;14.8;23.3;14.7;13.8;19.9
2017-11-22 05:30:00;26.2;16.8;16.4;24.1;15.9;15.4;20.5
2017-11-22 05:45:00;25.2;15.5;17.8;29.0;14.6;16.7;24.4
2017-11-22 06:00:00;24.7;15.6;19.9;24.1;14.7;18.6;20.6
2017-11-22 06:15:00;24.0;15.8;22.0;24.3;14.9;20.4;20.8
2017-11-22 06:30:00;24.2;15.3;19.2;23.1;14.4;17.9;19.7
2017-11-22 06:45:00;24.7;17.9;21.0;21.0;16.7;19.5;17.9
2017-11-22 07:00:00;24.6;18.2;18.3;21.6;17.0;17.0;18.3
2017-11-22 07:15:00;24.7;16.1;16.3;22.4;15.2;15.3;18.9
2017-11-22 07:30:00;25.1;14.8;17.1;25.0;13.9;16.1;21.0
2017-11-22 07:45:00;26.3;13.7;15.2;27.6;12.9;14.4;23.2
2017-11-22 08:00:00;27.8;14.3;18.7;28.2;13.4;17.6;23.6
2017-11-22 08:15:00;29.9;16.9;23.5;26.3;15.8;22.1;22.6
2017-11-22 08:30:00;31.6;20.4;22.9;24.9;19.1;21.6;21.1
2017-11-22 08:45:00;31.8;19.5;22.0;20.8;18.2;20.2;17.9
2017-11-22 09:00:00;30.9;19.1;15.6;20.9;17.9;14.7;18.2
2017-11-22 09:15:00;29.4;21.3;14.2;17.1;20.4;13.2;14.8
2017-11-22 09:30:00;27.8;19.7;12.1;16.6;18.6;11.2;14.2
2017-11-22 09:45:00;27.7;21.6;14.8;19.1;20.3;13.7;16.2
2017-11-22 10:00:00;28.7;28.2;13.3;16.6;26.3;12.2;14.1
2017-11-22 10:15:00;29.1;40.1;10.7;17.6;37.2;10.0;14.9
2017-11-22 10:30:00;28.1;53.8;13.4;13.9;49.7;12.4;11.9
2017-11-22 10:45:00;26.1;48.6;12.1;16.3;44.7;11.1;14.1
2017-11-22 11:00:00;23.6;42.2;8.8;15.5;38.5;8.3;13.4
2017-11-22 11:15:00;22.4;39.1;8.7;11.7;36.1;8.1;9.8
2017-11-22 11:30:00;22.4;33.5;9.1;10.9;31.2;8.4;9.3
2017-11-22 11:45:00;22.9;28.4;9.3;12.4;26.5;8.6;10.8
2017-11-22 12:00:00;22.8;34.8;7.6;10.1;31.9;7.0;8.8
2017-11-22 12:15:00;22.1;27.4;7.9;9.6;25.2;7.4;8.2
2017-11-22 12:30:00;21.6;20.5;10.4;7.7;19.1;9.5;6.4
2017-11-22 12:45:00;20.4;16.8;8.5;8.5;16.0;7.8;6.9
2017-11-22 13:00:00;19.0;7.8;4.3;8.3;7.4;4.0;7.0
2017-11-22 13:15:00;17.5;5.8;6.0;6.1;5.3;5.5;5.1
2017-11-22 13:30:00;15.7;4.9;4.5;5.4;4.5;4.2;4.6
2017-11-22 13:45:00;14.6;12.4;6.3;7.4;11.8;5.9;6.3
2017-11-22 14:00:00;13.9;16.6;8.2;8.0;16.1;7.7;6.9
2017-11-22 14:15:00;13.0;13.9;8.6;8.1;13.4;8.1;6.8
2017-11-22 14:30:00;12.6;13.3;7.0;11.3;12.7;6.6;9.2
2017-11-22 14:45:00;12.3;9.3;8.2;6.9;8.8;7.7;5.7
2017-11-22 15:00:00;13.2;9.8;9.8;8.6;9.3;9.2;7.3
2017-11-22 15:15:00;15.3;8.9;11.1;11.4;8.3;10.1;9.4
2017-11-22 15:30:00;17.6;10.4;10.0;12.9;9.5;9.2;10.7
2017-11-22 15:45:00;19.4;8.4;10.6;11.5;7.8;9.9;9.5
2017-11-22 16:00:00;19.3;6.6;9.2;10.8;6.1;8.7;9.0
2017-11-22 16:15:00;18.1;6.8;7.2;11.8;6.3;6.7;9.8
2017-11-22 16:30:00;16.7;5.7;10.3;11.9;5.5;9.7;10.1
2017-11-22 16:45:00;16.7;9.9;12.1;13.7;9.1;11.1;11.4
2017-11-22 17:00:00;17.1;8.3;13.3;10.8;7.6;12.3;9.0
2017-11-22 17:15:00;17.4;5.5;7.9;9.9;5.1;7.4;8.2
2017-11-22 17:30:00;17.2;6.2;8.2;13.8;5.9;7.6;11.6
2017-11-22 17:45:00;17.0;8.0;11.1;12.6;7.5;10.2;10.4
2017-11-22 18:00:00;17.6;8.3;13.1;11.4;7.8;12.0;9.7
2017-11-22 18:15:00;17.9;11.3;12.1;12.4;10.6;11.3;10.9
2017-11-22 18:30:00;18.9;9.7;12.1;13.4;9.1;11.1;11.6
2017-11-22 18:45:00;18.8;10.1;14.6;13.7;9.6;13.5;12.1
2017-11-22 19:00:00;18.5;11.0;15.6;17.0;10.3;14.4;14.6
2017-11-22 19:15:00;19.1;9.7;13.9;16.1;9.2;13.1;13.8
2017-11-22 19:30:00;19.1;9.7;13.3;14.1;9.2;12.5;12.2
2017-11-22 19:45:00;19.1;11.4;14.1;13.9;10.7;13.1;12.1
2017-11-22 20:00:00;20.1;17.2;15.6;14.7;16.1;14.4;12.7
2017-11-22 20:15:00;19.3;16.5;13.8;18.5;15.4;13.0;15.6
2017-11-22 20:30:00;19.8;13.5;14.9;21.2;12.7;13.8;17.7
2017-11-22 20:45:00;20.8;14.3;20.0;23.9;13.4;18.5;20.3
2017-11-22 21:00:00;20.4;17.6;24.2;23.4;16.4;22.2;19.8
2017-11-22 21:15:00;20.7;17.5;22.4;19.5;16.4;20.6;16.4
2017-11-22 21:30:00;20.2;15.6;20.1;20.4;14.6;18.5;16.9
2017-11-22 21:45:00;19.0;16.0;20.0;18.6;14.9;18.6;15.9
2017-11-22 22:00:00;18.0;16.6;18.9;18.1;15.5;17.4;15.5
2017-11-22 22:15:00;17.7;13.5;16.8;21.2;12.5;15.3;17.9
2017-11-22 22:30:00;18.1;14.0;15.2;20.8;13.1;14.1;17.8
2017-11-22 22:45:00;18.9;15.2;21.6;18.1;14.2;19.9;15.3
2017-11-22 23:00:00;20.0;15.1;21.8;20.4;13.8;20.0;17.0
2017-11-22 23:15:00;20.2;14.8;16.2;22.1;13.7;14.9;18.6
2017-11-22 23:30:00;19.5;16.9;13.1;17.8;15.7;12.1;15.1
2017-11-22 23:45:00;18.7;18.6;16.1;16.5;17.1;14.6;14.1
2017-11-23 00:00:00;18.4;14.4;13.6;17.1;13.3;12.6;14.7
2017-11-23 00:15:00;19.2;12.8;15.2;16.5;12.0;13.9;14.2
2017-11-23 00:30:00;18.7;18.6;16.1;18.0;17.4;14.8;14.9
2017-11-23 00:45:00;18.5;17.2;18.5;17.9;16.1;16.9;14.9
2017-11-23 01:00:00;17.2;17.9;15.3;17.9;16.6;14.2;15.1
2017-11-23 01:15:00;16.8;15.2;14.0;21.1;14.1;12.9;17.6
2017-11-23 01:30:00;17.3;13.3;16.1;20.1;12.4;15.1;17.2
2017-11-23 01:45:00;18.3;16.7;17.6;17.7;15.5;16.4;14.8
2017-11-23 02:00:00;19.4;17.1;16.5;15.7;15.8;15.4;13.1
2017-11-23 02:15:00;18.2;17.5;13.7;16.4;16.4;12.9;13.6
2017-11-23 02:30:00;17.5;17.1;15.3;20.1;16.0;14.3;16.8
2017-11-23 02:45:00;16.7;19.0;17.9;18.8;17.6;16.6;15.9
2017-11-23 03:00:00;16.2;17.4;21.9;21.7;16.2;20.1;18.1
2017-11-23 03:15:00;17.4;19.1;24.3;21.9;17.7;22.5;18.4
2017-11-23 03:30:00;18.5;23.4;25.1;25.0;21.7;23.5;21.1
2017-11-23 03:45:00;18.3;26.0;32.2;34.5;24.0;29.8;29.2
2017-11-23 04:00:00;19.4;34.0;37.0;42.6;31.4;34.0;36.2
2017-11-23 04:15:00;20.4;37.2;36.9;44.5;34.9;34.3;38.0
2017-11-23 04:30:00;22.1;36.7;39.1;49.9;34.2;36.5;42.5
2017-11-23 04:45:00;24.5;36.1;39.0;49.8;33.7;36.4;42.4
2017-11-23 05:00:00;24.3;30.5;40.6;42.6;28.4;37.5;36.7
2017-11-23 05:15:00;23.5;25.8;38.9;42.0;24.1;36.3;35.9
2017-11-23 05:30:00;21.0;30.3;34.2;41.2;28.5;32.0;35.4
2017-11-23 05:45:00;17.0;33.4;35.0;40.3;31.2;32.8;34.8
2017-11-23 06:00:00;14.6;29.4;31.8;43.6;27.5;29.9;37.5
2017-11-23 06:15:00;12.5;28.4;31.9;41.8;26.6;29.9;36.2
2017-11-23 06:30:00;11.2;27.1;27.4;39.3;25.8;25.8;34.2
2017-11-23 06:45:00;11.1;24.6;24.1;38.7;23.2;22.8;33.6
2017-11-23 07:00:00;11.0;26.2;21.3;37.8;24.6;20.2;32.8
2017-11-23 07:15:00;10.9;23.6;30.7;47.2;22.4;28.7;40.5
2017-11-23 07:30:00;11.1;27.7;30.4;47.8;26.4;28.6;41.2
2017-11-23 07:45:00;10.1;23.4;25.7;43.5;22.3;24.4;38.0
2017-11-23 08:00:00;10.1;;;;;;
2017-11-23 08:15:00;9.6;;;;;;
2017-11-23 08:30:00;10.2;25.3;29.1;47.8;24.0;27.5;41.6
2017-11-23 08:45:00;11.3;;36.6;;;34.5;
2017-11-23 09:00:00;11.3;;;;;;
2017-11-23 09:15:00;12.4;32.4;;53.7;30.7;;46.2
2017-11-23 09:30:00;12.1;;48.8;;;45.6;
2017-11-23 09:45:00;11.8;;;;;;
2017-11-23 10:00:00;12.5;36.2;;58.7;34.3;;50.5
2017-11-23 10:15:00;11.7;36.0;;;34.1;;
2017-11-23 10:30:00;11.3;;44.3;;;41.5;
2017-11-23 10:45:00;11.0;;;49.2;;;42.5
2017-11-23 11:15:00;;;;;;;
2017-11-23 11:30:00;;;;;;;
2017-11-23 11:45:00;;;;;;;
2017-11-23 12:00:00;;;;;;;
2017-11-23 19:15:00;;;;;;;
2017-11-23 19:30:00;;33.8;;47.2;31.7;;39.2
2017-11-23 19:45:00;16.8;;34.7;;;32.0;
2017-11-23 20:00:00;16.9;;;;;;
2017-11-23 20:15:00;17.0;26.9;;42.5;25.3;;35.3
2017-11-23 20:30:00;16.7;;29.4;;;27.2;
2017-11-23 20:45:00;16.6;;;;;;
2017-11-23 21:00:00;16.0;24.3;;39.2;22.9;;32.8
2017-11-23 21:15:00;15.8;;30.0;;;27.9;
2017-11-23 21:30:00;16.0;;27.4;;;25.5;
2017-11-23 21:45:00;16.7;24.3;;36.6;22.9;;31.3
2017-11-23 22:00:00;16.7;;;;;;
2017-11-23 22:15:00;16.8;;;;;;
2017-11-23 22:30:00;17.1;29.7;26.9;40.7;28.0;25.1;35.0
2017-11-23 22:45:00;16.3;;;;;;
2017-11-23 23:00:00;15.3;;;;;;
2017-11-23 23:15:00;14.3;32.4;35.5;42.7;30.5;33.0;36.8
2017-11-23 23:30:00;13.7;;42.1;;;39.3;
2017-11-23 23:45:00;12.9;;;;;;
2017-11-24 00:00:00;13.4;33.2;;41.7;31.2;;35.7
2017-11-24 00:15:00;14.3;25.3;38.2;31.8;23.8;35.7;27.0
2017-11-24 00:30:00;14.8;22.9;;41.9;21.4;;35.9
2017-11-24 00:45:00;13.3;19.9;;38.3;18.8;;32.8
2017-11-24 01:00:00;11.8;15.6;30.5;25.8;14.7;28.5;22.2
2017-11-24 01:15:00;9.6;13.2;;32.5;12.5;;27.1
2017-11-24 01:30:00;7.0;8.4;;25.8;8.1;;21.6
2017-11-24 01:45:00;7.0;10.4;21.7;23.0;9.7;20.1;19.0
2017-11-24 02:00:00;10.8;8.3;13.6;19.0;7.8;12.2;15.5
2017-11-24 02:15:00;13.1;3.2;4.9;3.6;3.0;4.5;3.0
2017-11-24 02:30:00;13.3;3.2;3.6;6.3;3.0;3.3;5.5
2017-11-24 02:45:00;12.5;5.6;9.2;9.5;5.2;8.5;8.3
2017-11-24 03:00:00;8.6;4.4;11.2;11.5;4.2;10.3;9.8
2017-11-24 03:15:00;5.7;7.6;14.0;14.7;7.2;13.1;12.6
2017-11-24 03:30:00;6.0;11.2;14.8;20.5;10.6;13.8;17.7
2017-11-24 03:45:00;8.9;15.4;13.1;28.2;14.6;12.4;24.0
2017-11-24 04:00:00;11.3;13.2;16.5;29.1;12.4;15.4;24.9
2017-11-24 04:15:00;13.5;15.1;18.7;24.8;14.2;17.5;21.2
2017-11-24 04:30:00;14.2;20.2;15.4;26.1;19.1;14.4;22.2
2017-11-24 04:45:00;13.1;22.1;20.4;27.5;21.0;19.2;23.2
2017-11-24 05:00:00;12.7;18.6;24.7;37.8;17.6;23.0;31.2
2017-11-24 05:15:00;12.7;24.1;23.8;35.8;22.7;22.1;29.3
2017-11-24 05:30:00;12.3;22.2;25.9;35.4;20.9;24.1;29.2
2017-11-24 05:45:00;11.7;25.9;25.6;39.5;24.1;23.8;32.9
2017-11-24 06:00:00;12.1;30.8;22.1;36.8;28.6;20.6;31.4
2017-11-24 06:15:00;11.1;21.9;27.0;29.0;20.5;25.1;24.9
2017-11-24 06:30:00;10.6;20.0;27.4;29.0;18.9;25.6;24.4
2017-11-24 06:45:00;12.2;21.8;18.7;29.5;20.6;17.5;24.6
2017-11-24 07:00:00;14.1;21.8;18.0;33.3;20.4;16.6;28.0
2017-11-24 07:15:00;15.8;18.9;19.1;28.8;17.7;17.7;24.4
2017-11-24 07:30:00;17.7;22.6;19.5;29.2;21.3;18.0;24.8
2017-11-24 07:45:00;20.0;37.2;21.9;43.6;34.7;20.0;36.2
2017-11-24 08:00:00;23.4;44.7;43.0;57.7;41.4;39.5;47.3
2017-11-24 08:15:00;29.2;56.7;58.0;63.4;52.4;53.0;52.2
2017-11-24 08:30:00;36.4;58.9;61.9;67.2;54.2;56.6;55.0
2017-11-24 08:45:00;41.3;45.5;62.9;62.2;41.9;57.6;51.1
2017-11-24 09:00:00;42.4;39.2;58.0;55.8;36.2;53.0;46.0
2017-11-24 09:15:00;41.5;34.6;44.3;39.3;32.0;40.8;32.7
2017-11-24 09:30:00;37.0;36.2;37.5;35.8;33.6;34.5;29.9
2017-11-24 09:45:00;31.6;27.6;27.9;35.5;25.8;25.7;29.6
2017-11-24 10:00:00;26.8;31.9;29.0;46.2;29.2;26.8;38.3
2017-11-24 10:15:00;23.1;33.8;30.8;35.0;31.5;28.5;29.1
2017-11-24 10:30:00;21.5;21.0;26.0;27.8;19.4;24.0;23.6
2017-11-24 10:45:00;21.2;21.1;26.4;32.2;19.6;24.4;27.5
2017-11-24 11:00:00;20.9;25.0;28.9;29.5;23.5;26.7;25.3
2017-11-24 11:15:00;20.5;20.8;29.7;26.2;19.4;27.4;22.4
2017-11-24 11:30:00;20.7;25.0;35.4;38.9;23.1;32.7;32.5
2017-11-24 11:45:00;27.0;46.2;41.3;48.9;42.4;38.0;40.5
2017-11-24 12:00:00;33.0;43.2;30.7;41.9;39.7;28.2;34.6
2017-11-24 12:15:00;32.5;30.9;18.9;22.3;28.4;17.4;18.8
2017-11-24 12:30:00;29.4;30.2;12.1;14.4;28.3;11.1;12.4
2017-11-24 12:45:00;19.7;23.1;8.5;15.4;21.8;8.0;12.7
2017-11-24 13:00:00;10.7;10.9;7.9;15.9;10.3;7.4;13.2
2017-11-24 13:15:00;10.2;9.5;11.3;14.3;9.0;10.5;12.4
2017-11-24 13:30:00;12.1;12.3;12.4;12.0;11.6;11.6;10.5
2017-11-24 13:45:00;15.3;10.8;17.3;14.0;10.2;16.1;11.8
2017-11-24 14:00:00;17.9;9.8;17.0;17.6;9.2;15.9;14.9
2017-11-24 14:15:00;21.0;14.2;17.0;17.9;13.2;15.9;15.3
2017-11-24 14:30:00;24.2;10.1;15.1;20.4;9.5;14.1;17.3
2017-11-24 14:45:00;26.4;11.6;18.1;24.5;10.9;16.6;20.6
2017-11-24 15:00:00;28.7;12.6;12.3;20.1;11.8;11.5;16.9
2017-11-24 15:15:00;26.7;11.9;10.2;19.4;11.2;9.8;16.3
2017-11-24 15:30:00;24.5;10.5;10.6;16.7;9.9;10.1;14.1
2017-11-24 15:45:00;20.4;11.2;11.0;16.4;10.4;10.4;13.7
2017-11-24 16:00:00;16.9;16.7;12.8;16.0;15.7;11.9;13.5
2017-11-24 16:15:00;16.4;11.9;14.0;13.6;11.2;13.1;11.7
2017-11-24 16:30:00;15.6;12.5;13.7;13.2;11.9;12.8;11.2
2017-11-24 16:45:00;15.9;10.7;12.9;13.9;10.1;12.0;11.6
2017-11-24 17:00:00;16.7;10.3;9.9;16.4;9.8;9.4;14.0
2017-11-24 17:15:00;17.3;11.7;14.6;20.0;11.1;13.6;17.0
2017-11-24 17:30:00;19.0;14.7;16.9;18.6;13.9;15.6;15.5
2017-11-24 17:45:00;22.2;13.9;13.9;15.8;12.9;13.1;13.4
2017-11-24 18:00:00;22.6;9.2;7.8;11.5;8.7;7.3;9.9
2017-11-24 18:15:00;19.4;6.5;9.9;12.4;6.2;9.2;10.7
2017-11-24 18:30:00;17.1;7.3;11.1;16.0;6.8;10.5;13.4
2017-11-24 18:45:00;14.8;10.0;15.9;19.5;9.4;14.7;16.3
2017-11-24 19:00:00;15.7;14.8;20.9;25.6;13.9;19.4;21.4
2017-11-24 19:15:00;19.7;14.3;17.9;23.0;13.4;16.6;18.9
2017-11-24 19:30:00;19.0;7.1;11.4;13.3;6.7;10.6;11.1
2017-11-24 19:45:00;18.4;6.3;6.8;11.2;6.0;6.4;9.4
2017-11-24 20:00:00;16.0;5.4;4.1;12.9;5.1;3.9;10.9
2017-11-24 20:15:00;12.4;8.4;9.6;14.4;7.9;8.9;12.0
2017-11-24 20:30:00;13.8;8.3;9.2;8.8;7.8;8.6;7.5
2017-11-24 20:45:00;16.0;10.6;10.0;9.2;9.8;9.4;8.0
2017-11-24 21:00:00;18.1;12.4;10.6;13.0;11.5;9.8;11.3
2017-11-24 21:15:00;19.9;8.9;12.9;13.6;8.4;11.8;11.4
2017-11-24 21:30:00;19.1;12.9;15.6;16.1;12.1;14.3;13.4
2017-11-24 21:45:00;17.9;22.6;17.4;29.1;20.9;16.3;23.9
2017-11-24 22:00:00;19.1;21.2;20.7;28.5;19.7;19.2;23.4
2017-11-24 22:15:00;20.5;18.3;18.5;24.6;16.9;17.0;20.1
2017-11-24 22:30:00;23.9;20.2;19.2;27.1;18.9;17.6;22.3
2017-11-24 22:45:00;26.8;23.3;23.4;28.1;21.6;21.4;23.3
2017-11-24 23:00:00;26.7;14.3;16.8;18.4;13.2;15.5;15.4
2017-11-24 23:15:00;27.5;14.4;12.8;16.5;13.4;11.9;13.8
2017-11-24 23:30:00;26.6;14.3;16.4;20.8;13.4;15.2;16.9
2017-11-24 23:45:00;26.3;14.0;18.3;18.9;13.2;17.0;15.6
2017-11-25 00:00:00;27.2;14.1;16.8;14.6;13.2;15.6;12.8
2017-11-25 00:15:00;27.7;14.8;14.7;21.6;13.9;13.6;18.1
2017-11-25 00:30:00;28.3;14.1;9.4;18.9;13.2;8.9;15.6
2017-11-25 00:45:00;27.9;15.6;10.9;14.5;14.6;10.3;12.1
2017-11-25 01:00:00;26.1;10.3;11.1;15.4;9.6;10.4;12.8
2017-11-25 01:15:00;23.9;6.9;11.2;12.8;6.5;10.3;10.9
2017-11-25 01:30:00;22.7;5.8;12.0;9.9;5.4;11.1;8.6
2017-11-25 01:45:00;21.2;7.5;8.9;10.2;7.0;8.2;8.6
2017-11-25 02:00:00;21.5;7.8;6.4;10.7;7.2;5.8;8.9
2017-11-25 02:15:00;22.4;5.9;10.2;7.5;5.5;9.4;6.6
2017-11-25 02:30:00;22.5;6.6;10.7;5.1;6.1;9.8;4.4
2017-11-25 02:45:00;22.5;9.6;11.5;9.8;9.1;10.6;8.3
2017-11-25 03:00:00;19.7;11.9;14.4;14.8;11.2;13.4;12.5
2017-11-25 03:15:00;15.8;10.5;12.2;13.8;9.9;11.3;11.7
2017-11-25 03:30:00;13.2;10.9;10.6;8.0;10.2;9.7;6.8
2017-11-25 03:45:00;10.7;7.3;12.6;9.6;7.0;11.6;8.2
2017-11-25 04:00:00;10.6;9.3;9.9;15.5;8.7;9.3;12.9
2017-11-25 04:15:00;12.6;9.3;9.8;16.2;8.8;9.0;13.2
2017-11-25 04:30:00;12.4;11.7;11.7;11.9;11.0;10.9;9.9
2017-11-25 04:45:00;12.6;11.5;14.0;14.4;10.9;13.1;11.8
2017-11-25 05:00:00;12.4;8.8;10.0;16.9;8.2;9.3;13.9
2017-11-25 05:15:00;10.3;8.9;9.7;12.6;8.3;9.1;10.6
2017-11-25 05:30:00;9.4;9.6;9.4;12.2;8.9;8.6;10.1
2017-11-25 05:45:00;8.4;12.4;9.4;16.2;11.6;8.7;13.2
2017-11-25 06:00:00;7.4;15.2;10.6;14.4;14.2;9.8;11.9
2017-11-25 06:15:00;8.4;14.2;11.9;16.3;13.3;11.2;13.8
2017-11-25 06:30:00;9.8;14.7;14.6;19.6;13.7;13.7;16.2
2017-11-25 06:45:00;11.5;14.2;12.5;14.6;13.2;11.7;11.8
2017-11-25 07:00:00;12.0;12.2;15.9;13.9;11.3;14.7;11.2
2017-11-25 07:15:00;11.7;12.2;14.0;12.2;11.3;12.9;9.9
2017-11-25 07:30:00;11.5;12.6;12.6;14.3;11.7;11.7;11.9
2017-11-25 07:45:00;12.4;12.0;11.6;14.5;11.2;10.8;11.8
2017-11-25 08:00:00;14.5;15.3;16.1;21.8;14.4;14.9;17.9
2017-11-25 08:15:00;15.2;15.1;17.0;21.5;14.1;15.8;17.9
2017-11-25 08:30:00;14.8;19.2;25.7;20.8;17.9;23.6;17.1
2017-11-25 08:45:00;16.6;18.7;29.1;24.2;17.6;26.8;19.9
2017-11-25 09:00:00;19.1;18.8;29.2;34.8;17.6;27.1;28.6
2017-11-25 09:15:00;21.5;17.1;19.6;26.3;15.8;18.2;21.7
2017-11-25 09:30:00;23.0;11.1;15.1;17.0;10.4;13.9;14.2
2017-11-25 09:45:00;21.1;12.5;19.1;22.2;11.7;17.8;18.4
2017-11-25 10:00:00;19.2;10.6;17.9;20.6;9.9;16.4;17.1
2017-11-25 10:15:00;16.4;10.4;12.8;15.5;9.7;12.0;12.6
2017-11-25 10:30:00;15.2;13.9;17.1;17.4;13.1;16.1;14.6
2017-11-25 10:45:00;14.8;20.1;26.1;29.3;18.8;24.2;24.3
2017-11-25 11:00:00;14.6;25.2;27.6;36.1;23.3;25.6;29.6
2017-11-25 11:15:00;16.6;19.7;28.5;25.2;18.5;26.2;21.1
2017-11-25 11:30:00;18.9;15.4;19.6;22.4;14.3;18.2;18.9
2017-11-25 11:45:00;19.0;20.3;14.9;19.0;18.9;14.0;16.1
2017-11-25 12:00:00;18.0;16.1;16.3;13.9;15.1;15.3;11.6
2017-11-25 12:15:00;16.6;10.1;10.7;11.3;9.6;10.1;9.6
2017-11-25 12:30:00;14.4;8.5;9.0;10.5;8.2;8.4;8.8
2017-11-25 12:45:00;12.1;7.3;8.8;11.1;6.8;8.0;9.0
2017-11-25 13:00:00;10.4;10.4;12.8;17.0;9.8;11.9;13.8
2017-11-25 13:15:00;11.3;11.3;12.1;17.8;10.6;11.2;14.7
2017-11-25 13:30:00;12.2;11.2;12.4;17.4;10.5;11.8;14.5
2017-11-25 13:45:00;15.4;14.5;22.3;19.1;13.8;20.7;15.8
2017-11-25 14:00:00;19.3;19.0;18.9;22.2;17.9;17.8;18.7
2017-11-25 14:15:00;19.5;17.0;16.6;18.9;15.8;15.7;15.4
2017-11-25 14:30:00;20.0;21.0;18.3;23.5;19.5;17.1;19.1
2017-11-25 14:45:00;21.9;23.8;26.6;29.6;22.1;24.8;24.5
2017-11-25 15:00:00;23.2;29.1;29.9;28.4;26.9;27.6;23.2
2017-11-25 15:15:00;25.1;31.0;28.3;32.3;28.6;26.1;26.8
2017-11-25 15:30:00;26.9;24.6;32.7;31.4;22.9;30.1;26.1
2017-11-25 15:45:00;27.4;27.2;35.0;34.7;25.3;32.3;28.5
2017-11-25 16:00:00;28.2;26.9;34.1;39.4;25.1;31.4;32.4
2017-11-25 16:15:00;29.1;25.8;38.2;44.2;24.0;35.0;36.5
2017-11-25 16:30:00;29.5;28.6;38.4;34.8;26.5;35.0;28.5
2017-11-25 16:45:00;29.9;37.0;34.0;35.3;34.1;31.2;29.4
2017-11-25 17:00:00;31.1;36.5;37.8;44.2;33.7;34.8;36.8
2017-11-25 17:15:00;33.1;35.6;33.5;38.0;33.1;31.1;31.4
2017-11-25 17:30:00;35.0;33.4;38.1;43.5;30.9;34.9;35.9
2017-11-25 17:45:00;37.2;36.2;32.2;47.6;33.4;29.6;38.8
2017-11-25 18:00:00;39.4;29.6;38.7;40.0;27.6;35.6;32.7
2017-11-25 18:15:00;37.4;29.9;33.8;31.2;27.8;31.5;25.9
2017-11-25 18:30:00;34.6;43.3;37.3;36.8;40.0;34.5;30.5
2017-11-25 18:45:00;29.6;35.5;39.6;39.1;32.5;36.7;32.2
2017-11-25 19:00:00;24.2;21.8;29.2;34.1;20.2;27.3;27.8
2017-11-25 19:15:00;21.4;14.4;20.9;27.4;13.5;19.2;22.8
2017-11-25 19:30:00;19.2;16.3;17.8;23.8;15.0;16.5;19.8
2017-11-25 19:45:00;17.5;13.3;11.8;18.5;12.3;10.9;15.4
2017-11-25 20:00:00;14.7;12.4;15.7;15.0;11.5;14.5;12.6
2017-11-25 20:15:00;15.4;22.5;20.8;23.9;20.9;19.2;20.0
2017-11-25 20:30:00;16.9;27.5;27.9;35.5;25.8;25.9;29.4
2017-11-25 20:45:00;19.2;29.7;28.6;36.4;27.7;26.6;30.0
2017-11-25 21:00:00;20.7;23.4;24.4;33.1;21.9;22.9;27.3
2017-11-25 21:15:00;18.4;19.2;32.1;39.8;17.9;29.6;32.5
2017-11-25 21:30:00;16.2;24.3;33.9;36.5;22.7;31.4;30.2
2017-11-25 21:45:00;13.4;30.6;29.8;38.5;28.4;27.5;31.7
2017-11-25 22:00:00;11.4;29.8;31.5;32.0;27.6;29.0;26.3
2017-11-25 22:15:00;10.9;30.5;28.3;31.4;28.2;26.1;26.2
2017-11-25 22:30:00;10.7;24.1;23.1;32.4;22.4;21.5;27.2
2017-11-25 22:45:00;10.6;20.8;24.9;29.7;19.5;23.3;24.8
2017-11-25 23:00:00;11.7;28.1;34.5;35.9;26.2;32.1;29.9
2017-11-25 23:15:00;12.6;27.5;27.2;38.7;25.5;25.2;31.7
2017-11-25 23:30:00;13.2;23.6;22.1;30.2;22.1;20.5;25.0
2017-11-25 23:45:00;11.8;24.5;28.9;27.9;22.8;26.8;23.2
2017-11-26 00:00:00;10.7;27.6;30.8;33.5;25.9;28.4;27.7
2017-11-26 00:15:00;9.6;22.8;30.0;34.5;21.4;27.9;28.8
2017-11-26 00:30:00;8.5;22.2;20.2;30.4;21.0;18.9;25.4
2017-11-26 00:45:00;9.2;24.4;30.4;29.2;22.8;28.1;24.1
2017-11-26 01:00:00;9.0;28.0;29.8;33.2;26.2;27.8;27.4
2017-11-26 01:15:00;8.7;30.2;27.0;39.3;28.1;24.9;32.1
2017-11-26 01:30:00;8.6;25.2;19.6;37.2;23.5;18.4;30.8
2017-11-26 01:45:00;8.1;31.0;23.6;38.2;28.9;22.1;31.4
2017-11-26 02:00:00;9.0;30.4;30.5;35.5;28.1;28.2;29.1
2017-11-26 02:15:00;10.2;24.3;25.5;31.1;22.6;23.9;25.9
2017-11-26 02:30:00;10.4;28.0;23.9;28.7;26.1;22.5;24.0
2017-11-26 02:45:00;10.6;31.4;25.4;32.5;29.5;23.9;27.4
2017-11-26 03:00:00;10.5;30.3;25.9;29.2;28.3;24.1;24.6
2017-11-26 03:15:00;10.6;30.3;22.9;25.2;28.2;21.4;21.0
2017-11-26 03:30:00;11.5;29.4;20.4;24.9;27.4;18.9;20.6
2017-11-26 03:45:00;12.0;26.1;24.2;23.9;24.5;22.4;20.0
2017-11-26 04:00:00;11.3;17.7;21.3;22.2;16.6;19.7;18.7
2017-11-26 04:15:00;9.3;17.6;18.1;22.4;16.5;16.9;18.4
2017-11-26 04:30:00;6.6;19.9;15.8;22.6;18.6;14.8;18.7
2017-11-26 04:45:00;5.4;19.3;18.0;27.7;18.2;16.9;22.5
2017-11-26 05:00:00;5.4;19.3;17.1;24.7;18.1;16.1;20.6
2017-11-26 05:15:00;6.2;22.2;19.1;23.1;20.7;17.7;19.5
2017-11-26 05:30:00;7.0;20.2;24.1;24.3;19.0;22.2;20.2
2017-11-26 05:45:00;6.9;19.6;25.6;29.4;18.4;23.7;24.5
2017-11-26 06:00:00;6.3;25.9;32.5;30.6;24.1;29.8;25.4
2017-11-26 06:15:00;7.1;26.9;30.1;27.9;25.0;27.8;23.6
2017-11-26 06:30:00;8.5;22.7;24.4;18.1;21.3;22.9;15.4
2017-11-26 06:45:00;9.2;20.5;20.2;23.6;19.1;18.6;20.3
2017-11-26 07:00:00;9.5;26.9;28.1;30.8;25.2;26.0;26.2
2017-11-26 07:15:00;8.9;24.7;26.1;25.6;23.1;24.3;21.6
2017-11-26 07:30:00;8.0;21.1;25.6;20.4;19.8;24.0;17.4
2017-11-26 07:45:00;7.4;22.6;24.2;25.7;21.1;22.6;21.1
2017-11-26 08:00:00;6.7;21.1;21.4;23.7;19.7;20.1;19.7
2017-11-26 08:15:00;5.9;21.9;21.3;26.1;20.4;19.9;21.9
2017-11-26 08:30:00;5.0;23.1;19.9;31.5;21.7;18.8;26.4
2017-11-26 08:45:00;6.5;33.5;24.6;42.7;31.3;22.9;35.2
2017-11-26 09:00:00;10.7;33.2;32.2;40.0;31.0;29.9;33.2
2017-11-26 09:15:00;14.1;28.6;29.7;35.5;26.8;27.6;29.6
2017-11-26 09:30:00;18.9;24.9;27.6;32.7;23.4;25.8;27.4
2017-11-26 09:45:00;20.2;22.6;25.9;34.9;21.1;24.0;29.2
2017-11-26 10:00:00;19.1;20.2;23.6;34.0;19.1;22.0;28.5
2017-11-26 10:15:00;24.6;17.6;26.1;32.2;16.8;24.2;27.2
2017-11-26 10:30:00;24.1;19.8;26.0;29.9;18.7;24.3;25.4
2017-11-26 10:45:00;23.7;25.3;31.2;33.7;23.7;29.1;28.6
2017-11-26 11:00:00;23.9;28.9;30.2;43.5;27.0;28.1;35.9
2017-11-26 11:15:00;17.4;22.9;34.8;41.9;21.5;32.3;35.1
2017-11-26 11:30:00;17.0;26.6;35.2;32.2;24.9;33.0;27.2
2017-11-26 11:45:00;17.4;24.2;24.5;34.4;22.7;22.8;28.5
2017-11-26 12:00:00;16.0;22.5;25.6;34.5;21.0;24.0;29.2
2017-11-26 12:15:00;15.7;26.8;27.4;32.0;24.9;25.5;27.6
2017-11-26 12:30:00;13.6;27.0;26.7;32.0;25.1;24.9;26.9
2017-11-26 12:45:00;13.0;21.3;24.9;30.8;20.2;23.4;25.8
2017-11-26 13:00:00;14.9;22.2;28.4;36.3;21.0;26.9;30.1
2017-11-26 13:15:00;16.1;25.2;33.4;35.6;23.6;31.3;29.8
2017-11-26 13:30:00;17.1;24.4;29.8;32.2;22.8;27.7;27.0
2017-11-26 13:45:00;16.5;24.5;27.9;35.1;22.8;26.0;29.5
2017-11-26 14:00:00;14.1;22.4;33.6;33.6;20.9;31.1;28.4
2017-11-26 14:15:00;12.1;24.6;28.7;39.1;23.0;26.8;32.8
2017-11-26 14:30:00;12.4;28.2;33.5;36.5;26.5;31.0;30.9
2017-11-26 14:45:00;13.0;29.2;38.1;37.4;27.4;35.1;31.4
2017-11-26 15:00:00;14.5;24.2;29.8;31.4;22.6;27.9;26.3
2017-11-26 15:15:00;15.0;25.4;24.8;23.5;23.9;23.1;19.7
2017-11-26 15:30:00;15.1;24.1;24.0;26.2;22.6;22.6;22.4
2017-11-26 15:45:00;17.2;24.2;29.7;37.2;22.6;27.8;31.6
2017-11-26 16:00:00;17.6;24.8;27.0;38.9;23.3;25.1;33.1
2017-11-26 16:15:00;17.9;29.2;24.7;38.0;27.3;23.2;32.0
2017-11-26 16:30:00;18.9;29.6;23.9;42.9;27.7;22.4;35.8
2017-11-26 16:45:00;18.1;25.5;23.1;34.7;24.0;21.6;28.8
2017-11-26 17:00:00;20.0;25.1;28.6;37.8;23.6;26.6;32.0
2017-11-26 17:15:00;23.0;26.2;31.6;42.2;24.6;29.5;34.9
2017-11-26 17:30:00;25.2;34.1;38.5;43.3;31.7;35.5;35.5
2017-11-26 17:45:00;28.6;35.3;43.3;42.3;32.7;40.1;35.2
2017-11-26 18:00:00;28.7;38.7;36.7;45.2;35.9;34.0;37.8
2017-11-26 18:15:00;27.1;40.3;43.2;42.8;37.2;40.0;35.9
2017-11-26 18:30:00;26.3;37.0;44.7;41.3;34.1;41.3;35.0
2017-11-26 18:45:00;25.7;33.8;39.2;40.9;31.6;36.5;34.0
2017-11-26 19:00:00;28.4;33.4;30.1;39.0;31.2;28.1;32.3
2017-11-26 19:15:00;31.6;37.0;30.9;34.0;34.5;28.6;28.3
2017-11-26 19:30:00;33.0;38.1;40.2;37.0;35.5;37.4;30.9
2017-11-26 19:45:00;33.7;36.5;33.5;39.0;34.1;31.5;32.4
2017-11-26 20:00:00;31.6;37.0;35.0;43.1;34.4;32.7;36.0
2017-11-26 20:15:00;29.9;37.2;39.5;49.0;34.6;36.5;40.5
2017-11-26 20:30:00;28.9;38.2;31.8;40.2;35.5;29.5;33.5
2017-11-26 20:45:00;26.1;29.1;26.2;33.0;27.1;24.6;27.6
2017-11-26 21:00:00;21.9;24.2;26.4;30.1;22.6;24.4;25.2
2017-11-26 21:15:00;18.0;25.9;29.0;27.2;24.0;26.8;23.1
2017-11-26 21:30:00;13.7;25.0;20.5;25.9;23.6;18.9;21.9
2017-11-26 21:45:00;11.4;21.2;17.4;20.9;20.0;16.2;17.5
2017-11-26 22:00:00;10.9;19.5;22.0;24.8;18.3;20.3;20.9
2017-11-26 22:15:00;11.0;26.0;26.4;34.0;24.4;24.4;27.9
2017-11-26 22:30:00;11.2;26.7;29.8;36.8;25.0;27.6;30.2
2017-11-26 22:45:00;11.1;29.8;33.5;39.6;27.6;31.2;33.3
2017-11-26 23:00:00;12.3;28.4;26.6;41.5;26.5;24.7;35.0
2017-11-26 23:15:00;12.0;26.9;28.1;38.0;25.2;26.1;31.8
2017-11-26 23:30:00;11.5;23.5;31.6;28.4;22.0;29.4;23.4
2017-11-26 23:45:00;10.6;22.7;26.4;32.2;21.1;24.6;26.4
2017-11-27 00:00:00;9.0;24.3;24.8;33.4;22.6;23.1;27.8
