date;ref;NO2_61FD;NO2_61F0;NO2_61EF
2017-09-28 10:15:00;38.5;1.0;4.1;16.2
2017-09-28 10:30:00;32.3;0.7;9.1;0.0
2017-09-28 10:45:00;38.5;6.1;14.2;4.1
2017-09-28 11:00:00;29.7;0.0;2.0;1.4
2017-09-28 11:15:00;19.4;0.0;6.1;0.0
2017-09-28 11:30:00;10.8;0.0;0.0;0.0
2017-09-28 11:45:00;12.4;0.0;1.0;0.0
2017-09-28 12:00:00;12.3;0.0;0.0;0.0
2017-09-28 12:15:00;9.7;0.0;0.0;0.0
2017-09-28 12:30:00;13.8;0.0;0.0;0.0
2017-09-28 12:45:00;20.3;0.0;3.0;0.0
2017-09-28 13:00:00;15.3;0.0;3.0;0.0
2017-09-28 13:15:00;8.6;0.0;0.0;0.0
2017-09-28 13:30:00;8.9;0.0;0.0;0.0
2017-09-28 13:45:00;12.1;0.0;0.0;0.0
2017-09-28 14:00:00;10.1;0.0;0.0;0.0
2017-09-28 14:15:00;9.9;0.0;0.0;0.0
2017-09-28 14:30:00;16.1;0.0;0.0;0.0
2017-09-28 14:45:00;10.9;0.0;0.0;0.0
2017-09-28 15:00:00;16.0;0.0;0.0;0.0
2017-09-28 15:15:00;9.7;0.0;0.0;0.0
2017-09-28 15:30:00;10.0;0.0;0.0;0.0
2017-09-28 15:45:00;19.1;0.0;0.0;0.0
2017-09-28 16:00:00;15.0;0.0;0.0;0.0
2017-09-28 16:15:00;19.4;0.0;0.0;0.0
2017-09-28 16:30:00;20.6;0.0;0.0;0.0
2017-09-28 16:45:00;17.3;0.0;1.4;0.0
2017-09-28 17:00:00;16.3;0.0;0.0;0.0
2017-09-28 17:15:00;16.4;0.0;0.0;0.0
2017-09-28 17:30:00;22.0;0.0;0.0;0.0
2017-09-28 17:45:00;28.2;0.0;3.0;0.0
2017-09-28 18:00:00;27.1;0.0;1.0;0.0
2017-09-28 18:15:00;21.9;0.0;1.0;0.0
2017-09-28 18:30:00;21.0;0.0;0.0;0.0
2017-09-28 18:45:00;19.8;0.0;0.0;0.0
2017-09-28 19:00:00;23.3;0.0;0.0;0.0
2017-09-28 19:15:00;25.6;0.0;1.0;0.0
2017-09-28 19:30:00;33.9;0.0;2.0;0.0
2017-09-28 19:45:00;32.4;0.0;8.1;0.0
2017-09-28 20:00:00;37.0;0.0;6.1;0.0
2017-09-28 20:15:00;27.5;0.0;1.4;0.0
2017-09-28 20:30:00;25.6;0.0;1.0;0.0
2017-09-28 20:45:00;27.3;0.0;0.0;0.0
2017-09-28 21:00:00;26.3;0.0;1.0;0.0
2017-09-28 21:15:00;27.0;0.0;0.0;0.0
2017-09-28 21:30:00;25.7;0.0;0.0;0.0
2017-09-28 21:45:00;23.2;0.0;0.0;0.0
2017-09-28 22:00:00;21.2;0.0;0.0;0.0
2017-09-28 22:15:00;20.8;0.0;0.0;0.0
2017-09-28 22:30:00;22.3;0.0;0.0;0.0
2017-09-28 22:45:00;18.6;0.0;0.0;0.0
2017-09-28 23:00:00;18.9;0.0;0.0;0.0
2017-09-28 23:15:00;17.1;0.0;0.0;0.0
2017-09-28 23:30:00;17.6;0.0;0.0;0.0
2017-09-28 23:45:00;14.7;0.0;0.0;0.0
2017-09-29 00:00:00;13.6;0.0;0.0;0.0
2017-09-29 00:15:00;13.8;0.0;0.0;0.0
2017-09-29 00:30:00;15.1;0.0;0.0;0.0
2017-09-29 00:45:00;17.1;0.0;0.0;0.0
2017-09-29 01:00:00;17.6;0.0;0.0;0.0
2017-09-29 01:15:00;16.2;0.0;0.0;0.0
2017-09-29 01:30:00;15.1;0.0;0.0;0.0
2017-09-29 01:45:00;12.3;0.0;0.0;0.0
2017-09-29 02:00:00;14.0;0.0;0.0;0.0
2017-09-29 02:15:00;24.8;0.0;0.0;0.0
2017-09-29 02:30:00;43.4;0.0;4.1;0.0
2017-09-29 02:45:00;50.4;0.0;5.1;0.0
2017-09-29 03:00:00;34.3;0.0;9.1;0.0
2017-09-29 03:15:00;27.1;0.0;0.7;0.0
2017-09-29 03:30:00;50.7;0.0;18.3;0.0
2017-09-29 03:45:00;76.0;2.0;34.5;13.2
2017-09-29 04:00:00;82.5;12.9;54.8;34.5
2017-09-29 04:15:00;78.0;16.2;43.6;15.2
2017-09-29 04:30:00;70.9;6.1;40.6;18.3
2017-09-29 04:45:00;76.4;6.1;56.8;26.4
2017-09-29 05:00:00;75.3;15.2;60.9;31.5
2017-09-29 05:15:00;92.3;11.2;81.2;41.6
2017-09-29 05:30:00;70.3;9.1;45.7;15.2
2017-09-29 05:45:00;107.3;18.3;66.0;15.2
2017-09-29 06:00:00;138.8;50.7;114.7;56.8
2017-09-29 06:15:00;127.9;49.7;118.8;81.2
2017-09-29 06:30:00;52.9;0.0;56.8;4.1
2017-09-29 06:45:00;42.1;0.0;14.2;0.0
2017-09-29 07:00:00;39.4;0.0;4.1;0.0
2017-09-29 07:15:00;37.6;0.0;5.1;0.0
2017-09-29 07:30:00;37.0;0.0;7.1;0.0
2017-09-29 07:45:00;28.2;0.0;3.0;0.0
2017-09-29 08:00:00;24.9;0.0;1.0;0.0
2017-09-29 08:15:00;23.7;0.0;0.0;0.0
2017-09-29 08:30:00;26.5;0.0;2.0;0.0
2017-09-29 08:45:00;23.5;0.0;0.0;0.0
2017-09-29 09:00:00;;26.4;0.0;0.0
2017-09-29 09:15:00;;0.0;86.3;0.0
2017-09-29 09:30:00;28.8;0.0;4.1;0.0
2017-09-29 09:45:00;40.8;0.0;16.2;0.0
2017-09-29 10:00:00;29.2;0.0;5.1;0.0
2017-09-29 10:15:00;32.3;0.0;9.1;3.0
2017-09-29 10:30:00;27.2;0.0;8.1;0.0
2017-09-29 10:45:00;20.5;0.0;6.1;0.0
2017-09-29 11:00:00;12.3;0.0;0.0;0.0
2017-09-29 11:15:00;16.2;0.0;0.0;0.0
2017-09-29 11:30:00;32.0;0.0;13.5;0.0
2017-09-29 11:45:00;17.8;0.0;0.0;0.0
2017-09-29 12:00:00;30.7;0.0;5.1;0.0
2017-09-29 12:15:00;;0.0;0.0;0.0
2017-09-29 12:30:00;;0.0;0.0;0.0
2017-09-29 12:45:00;21.3;0.0;1.0;0.0
2017-09-29 13:00:00;14.3;0.0;1.0;0.0
2017-09-29 13:15:00;16.1;0.0;0.0;0.0
2017-09-29 13:30:00;8.9;0.0;0.0;0.0
2017-09-29 13:45:00;11.6;0.0;0.0;0.0
2017-09-29 14:00:00;13.5;0.0;0.0;0.0
2017-09-29 14:15:00;17.2;0.0;2.0;0.0
2017-09-29 14:30:00;12.2;0.0;0.0;0.0
2017-09-29 14:45:00;21.3;0.0;0.0;0.0
2017-09-29 15:00:00;18.6;0.0;0.0;0.0
2017-09-29 15:15:00;25.7;0.0;1.0;0.0
2017-09-29 15:30:00;45.4;1.0;30.4;4.1
2017-09-29 15:45:00;49.9;0.7;17.3;0.0
2017-09-29 16:00:00;58.8;2.0;40.6;2.0
2017-09-29 16:15:00;50.4;8.1;19.3;12.2
2017-09-29 16:30:00;77.2;14.2;40.6;19.3
2017-09-29 16:45:00;86.4;23.3;59.5;39.6
2017-09-29 17:00:00;88.7;24.4;35.5;47.7
2017-09-29 17:15:00;87.3;28.4;75.1;43.6
2017-09-29 17:30:00;124.1;56.8;109.6;73.8
2017-09-29 17:45:00;124.3;54.8;118.8;70.0
2017-09-29 18:00:00;105.5;35.5;83.2;56.8
2017-09-29 18:15:00;81.9;10.1;79.2;26.4
2017-09-29 18:30:00;89.9;26.4;62.3;43.6
2017-09-29 18:45:00;77.0;8.1;58.9;24.4
2017-09-29 19:00:00;64.2;0.0;29.4;11.2
2017-09-29 19:15:00;68.4;10.8;34.5;24.4
2017-09-29 19:30:00;60.7;5.1;26.4;10.1
2017-09-29 19:45:00;40.2;0.0;4.1;0.0
2017-09-29 20:00:00;45.0;0.0;2.0;0.0
2017-09-29 20:15:00;33.7;0.0;2.0;0.0
2017-09-29 20:30:00;44.6;1.0;13.2;2.0
2017-09-29 20:45:00;60.5;3.0;27.4;8.1
2017-09-29 21:00:00;69.6;3.4;40.6;8.1
2017-09-29 21:15:00;57.6;2.0;29.4;4.1
2017-09-29 21:30:00;67.2;7.1;31.5;15.2
2017-09-29 21:45:00;21.7;0.0;7.1;0.0
2017-09-29 22:00:00;11.2;0.0;0.0;0.0
2017-09-29 22:15:00;15.5;0.0;0.0;0.0
2017-09-29 22:30:00;14.0;0.0;0.0;0.0
2017-09-29 22:45:00;19.5;0.0;0.0;0.0
2017-09-29 23:00:00;13.8;0.0;0.0;0.0
2017-09-29 23:15:00;9.6;0.0;0.0;0.0
2017-09-29 23:30:00;18.1;0.0;0.0;0.0
2017-09-29 23:45:00;22.1;0.0;0.0;0.0
2017-09-30 00:00:00;31.4;0.0;1.0;0.0
2017-09-30 00:15:00;13.5;0.0;0.0;0.0
2017-09-30 00:30:00;15.6;0.0;0.0;0.0
2017-09-30 00:45:00;23.3;0.0;1.0;0.0
2017-09-30 01:00:00;24.0;0.0;0.0;0.0
2017-09-30 01:15:00;23.0;0.0;0.0;0.0
2017-09-30 01:30:00;15.3;0.0;0.0;0.0
2017-09-30 01:45:00;21.3;0.0;0.0;0.0
2017-09-30 02:00:00;25.4;0.0;0.0;0.0
2017-09-30 02:15:00;11.4;0.0;0.0;0.0
2017-09-30 02:30:00;11.2;0.0;0.0;0.0
2017-09-30 02:45:00;15.0;0.0;0.0;0.0
2017-09-30 03:00:00;32.1;0.0;0.0;0.0
2017-09-30 03:15:00;25.0;0.0;0.0;0.0
2017-09-30 03:30:00;15.7;0.0;0.0;0.0
2017-09-30 03:45:00;21.3;0.0;0.0;0.0
2017-09-30 04:00:00;24.6;0.0;0.0;0.0
2017-09-30 04:15:00;14.2;0.0;0.0;0.0
2017-09-30 04:30:00;15.0;0.0;0.0;0.0
2017-09-30 04:45:00;13.5;0.0;0.0;0.0
2017-09-30 05:00:00;19.0;0.0;0.0;0.0
2017-09-30 05:15:00;29.3;0.0;2.0;0.0
2017-09-30 05:30:00;16.2;0.0;0.0;0.0
2017-09-30 05:45:00;25.7;0.0;2.0;0.0
2017-09-30 06:00:00;36.3;0.0;5.1;0.0
2017-09-30 06:15:00;42.6;0.0;5.1;0.0
2017-09-30 06:30:00;46.0;0.0;12.2;0.0
2017-09-30 06:45:00;50.0;0.0;14.2;1.0
2017-09-30 07:00:00;31.1;0.0;1.0;0.0
2017-09-30 07:15:00;24.7;0.0;1.0;0.0
2017-09-30 07:30:00;31.6;0.0;2.0;0.0
2017-09-30 07:45:00;24.1;0.0;1.0;0.0
2017-09-30 08:00:00;48.7;0.0;17.3;2.0
2017-09-30 08:15:00;62.4;1.0;12.2;0.0
2017-09-30 08:30:00;66.5;5.1;37.9;4.1
2017-09-30 08:45:00;44.6;0.0;7.1;2.0
2017-09-30 09:00:00;48.0;0.0;24.4;0.0
2017-09-30 09:15:00;41.6;0.0;16.2;1.4
2017-09-30 09:30:00;37.8;0.0;12.2;0.0
2017-09-30 09:45:00;54.0;6.1;21.3;15.2
2017-09-30 10:00:00;56.6;7.1;16.2;12.2
2017-09-30 10:15:00;73.8;11.2;59.5;22.3
2017-09-30 10:30:00;74.5;23.3;40.6;31.5
2017-09-30 10:45:00;54.0;0.0;63.9;3.0
2017-09-30 11:00:00;38.7;8.1;15.2;17.6
2017-09-30 11:15:00;70.3;15.2;48.7;28.4
2017-09-30 11:30:00;25.8;2.0;7.1;4.1
2017-09-30 11:45:00;43.0;5.1;2.0;9.1
2017-09-30 12:00:00;54.5;36.5;21.7;34.5
2017-09-30 12:15:00;60.3;2.0;56.8;3.0
2017-09-30 12:30:00;87.5;38.6;68.0;65.0
2017-09-30 12:45:00;50.5;4.7;56.8;11.5
2017-09-30 13:00:00;29.8;3.0;1.0;11.2
2017-09-30 13:15:00;33.8;0.0;3.0;0.0
2017-09-30 13:30:00;53.8;2.0;25.4;10.1
2017-09-30 13:45:00;39.3;1.0;19.6;4.1
2017-09-30 14:00:00;47.0;13.2;7.1;28.4
2017-09-30 14:15:00;45.3;2.0;55.8;4.1
2017-09-30 14:30:00;31.0;0.0;38.6;0.0
2017-09-30 14:45:00;16.9;3.0;2.0;11.2
2017-09-30 15:00:00;23.6;0.0;19.3;0.0
2017-09-30 15:15:00;17.1;0.0;0.0;0.0
2017-09-30 15:30:00;12.7;0.0;0.0;0.0
2017-09-30 15:45:00;68.0;10.1;68.0;21.3
2017-09-30 16:00:00;21.6;0.0;2.0;0.0
2017-09-30 16:15:00;54.3;1.4;43.6;6.1
2017-09-30 16:30:00;61.4;17.3;33.5;28.4
2017-09-30 16:45:00;68.7;5.1;39.6;6.1
2017-09-30 17:00:00;58.9;1.0;32.5;21.3
2017-09-30 17:15:00;20.7;0.0;2.0;0.0
2017-09-30 17:30:00;26.8;0.0;1.0;0.0
2017-09-30 17:45:00;22.6;0.0;1.0;0.0
2017-09-30 18:00:00;20.6;0.0;0.0;0.0
2017-09-30 18:15:00;22.6;0.0;0.0;0.0
2017-09-30 18:30:00;21.5;0.0;0.0;0.0
2017-09-30 18:45:00;21.9;0.0;0.0;0.0
2017-09-30 19:00:00;18.8;0.0;0.0;0.0
2017-09-30 19:15:00;21.2;0.0;0.0;0.0
2017-09-30 19:30:00;22.4;0.0;0.0;0.0
2017-09-30 19:45:00;17.9;0.0;0.0;0.0
2017-09-30 20:00:00;12.6;0.0;0.0;0.0
2017-09-30 20:15:00;10.4;0.0;0.0;0.0
2017-09-30 20:30:00;9.1;0.0;0.0;0.0
2017-09-30 20:45:00;11.6;0.0;0.0;0.0
2017-09-30 21:00:00;12.7;0.0;0.0;0.0
2017-09-30 21:15:00;11.3;0.0;0.0;0.0
2017-09-30 21:30:00;8.2;0.0;0.0;0.0
2017-09-30 21:45:00;7.3;0.0;0.0;0.0
2017-09-30 22:00:00;8.8;0.0;0.0;0.0
2017-09-30 22:15:00;9.9;0.0;0.0;0.0
2017-09-30 22:30:00;9.8;0.0;0.0;0.0
2017-09-30 22:45:00;11.2;0.0;0.0;0.0
2017-09-30 23:00:00;15.4;0.0;0.0;0.0
2017-09-30 23:15:00;10.8;0.0;0.0;0.0
2017-09-30 23:30:00;9.1;0.0;0.0;0.0
2017-09-30 23:45:00;7.9;0.0;0.0;0.0
2017-10-01 00:00:00;10.1;0.0;0.0;0.0
2017-10-01 00:15:00;8.8;0.0;0.0;0.0
2017-10-01 00:30:00;9.2;0.0;0.0;0.0
2017-10-01 00:45:00;8.0;0.0;0.0;0.0
2017-10-01 01:00:00;6.3;0.0;0.0;0.0
2017-10-01 01:15:00;10.2;0.0;0.0;0.0
2017-10-01 01:30:00;13.3;0.0;0.0;0.0
2017-10-01 01:45:00;7.9;0.0;0.0;0.0
2017-10-01 02:00:00;8.1;0.0;0.0;0.0
2017-10-01 02:15:00;5.2;0.0;0.0;0.0
2017-10-01 02:30:00;6.6;0.0;0.0;0.0
2017-10-01 02:45:00;2.8;0.0;0.0;0.0
2017-10-01 03:00:00;2.4;0.0;0.0;0.0
2017-10-01 03:15:00;6.0;0.0;0.0;0.0
2017-10-01 03:30:00;6.5;0.0;0.0;0.0
2017-10-01 03:45:00;4.4;0.0;0.0;0.0
2017-10-01 04:00:00;2.1;0.0;0.0;0.0
2017-10-01 04:15:00;3.2;0.0;0.0;0.0
2017-10-01 04:30:00;2.3;0.0;0.0;0.0
2017-10-01 04:45:00;2.7;0.0;0.0;0.0
2017-10-01 05:00:00;1.8;0.0;0.0;0.0
2017-10-01 05:15:00;2.2;0.0;0.0;0.0
2017-10-01 05:30:00;2.2;0.0;0.0;0.0
2017-10-01 05:45:00;3.5;0.0;0.0;0.0
2017-10-01 06:00:00;2.2;0.0;0.0;0.0
2017-10-01 06:15:00;3.6;0.0;0.0;0.0
2017-10-01 06:30:00;4.6;0.0;0.0;0.0
2017-10-01 06:45:00;4.0;0.0;0.0;0.0
2017-10-01 07:00:00;3.8;0.0;0.0;0.0
2017-10-01 07:15:00;3.2;0.0;0.0;0.0
2017-10-01 07:30:00;2.0;0.0;0.0;0.0
2017-10-01 07:45:00;2.1;0.0;0.0;0.0
2017-10-01 08:00:00;3.4;0.0;0.0;0.0
2017-10-01 08:15:00;4.9;0.0;0.0;0.0
2017-10-01 08:30:00;5.1;0.0;0.0;0.0
2017-10-01 08:45:00;6.7;0.0;0.0;0.0
2017-10-01 09:00:00;7.0;0.0;0.0;0.0
2017-10-01 09:15:00;7.6;0.0;0.0;0.0
2017-10-01 09:30:00;8.0;0.0;0.0;0.0
2017-10-01 09:45:00;13.3;0.0;0.0;0.0
2017-10-01 10:00:00;11.8;0.0;0.0;0.0
2017-10-01 10:15:00;17.3;0.0;0.0;0.0
2017-10-01 10:30:00;11.2;0.0;0.0;0.0
2017-10-01 10:45:00;9.7;0.0;0.0;0.0
2017-10-01 11:00:00;7.5;0.0;0.0;0.0
2017-10-01 11:15:00;6.5;0.0;0.0;0.0
2017-10-01 11:30:00;6.4;0.0;0.0;0.0
2017-10-01 11:45:00;3.6;0.0;0.0;0.0
2017-10-01 12:00:00;4.5;0.0;0.0;0.0
2017-10-01 12:15:00;6.4;0.0;0.0;0.0
2017-10-01 12:30:00;5.6;0.0;0.0;0.0
2017-10-01 12:45:00;6.0;0.0;0.0;0.0
2017-10-01 13:00:00;4.0;0.0;0.0;0.0
2017-10-01 13:15:00;5.5;0.0;0.0;0.0
2017-10-01 13:30:00;6.1;0.0;0.0;0.0
2017-10-01 13:45:00;7.8;0.0;0.0;0.0
2017-10-01 14:00:00;7.0;0.0;0.0;0.0
2017-10-01 14:15:00;5.5;0.0;0.0;0.0
2017-10-01 14:30:00;5.4;0.0;0.0;0.0
2017-10-01 14:45:00;3.8;0.0;0.0;0.0
2017-10-01 15:00:00;6.0;0.0;0.0;0.0
2017-10-01 15:15:00;7.5;0.0;0.0;0.0
2017-10-01 15:30:00;7.7;0.0;0.0;0.0
2017-10-01 15:45:00;9.5;0.0;0.0;0.0
2017-10-01 16:00:00;10.0;0.0;0.0;0.0
2017-10-01 16:15:00;10.5;0.0;0.0;0.0
2017-10-01 16:30:00;12.8;0.0;0.0;0.0
2017-10-01 16:45:00;15.5;0.0;0.0;0.0
2017-10-01 17:00:00;14.5;0.0;0.0;0.0
2017-10-01 17:15:00;17.8;0.0;0.0;0.0
2017-10-01 17:30:00;14.8;0.0;0.0;0.0
2017-10-01 17:45:00;14.3;0.0;0.0;0.0
2017-10-01 18:00:00;14.1;0.0;0.0;0.0
2017-10-01 18:15:00;11.1;0.0;0.0;0.0
2017-10-01 18:30:00;11.1;0.0;0.0;0.0
2017-10-01 18:45:00;7.5;0.0;0.0;0.0
2017-10-01 19:00:00;9.4;0.0;0.0;0.0
2017-10-01 19:15:00;8.8;0.0;0.0;0.0
2017-10-01 19:30:00;7.3;0.0;0.0;0.0
2017-10-01 19:45:00;5.4;0.0;0.0;0.0
2017-10-01 20:00:00;6.9;0.0;0.0;0.0
2017-10-01 20:15:00;6.6;0.0;0.0;0.0
2017-10-01 20:30:00;4.7;0.0;0.0;0.0
2017-10-01 20:45:00;4.2;0.0;0.0;0.0
2017-10-01 21:00:00;4.7;0.0;0.0;0.0
2017-10-01 21:15:00;4.5;0.0;0.0;0.0
2017-10-01 21:30:00;5.8;0.0;0.0;0.0
2017-10-01 21:45:00;9.8;0.0;0.0;0.0
2017-10-01 22:00:00;9.9;0.0;0.0;0.0
2017-10-01 22:15:00;6.9;0.0;0.0;0.0
2017-10-01 22:30:00;6.1;0.0;0.0;0.0
2017-10-01 22:45:00;4.8;0.0;0.0;0.0
2017-10-01 23:00:00;4.0;0.0;0.0;0.0
2017-10-01 23:15:00;4.1;0.0;0.0;0.0
2017-10-01 23:30:00;3.1;0.0;0.0;0.0
2017-10-01 23:45:00;2.9;0.0;0.0;0.0
2017-10-02 00:00:00;2.7;0.0;0.0;0.0
2017-10-02 00:15:00;3.8;0.0;0.0;0.0
2017-10-02 00:30:00;6.2;0.0;0.0;0.0
2017-10-02 00:45:00;25.1;0.0;0.0;0.0
2017-10-02 01:00:00;25.6;0.0;2.0;0.0
2017-10-02 01:15:00;18.8;0.0;0.0;0.0
2017-10-02 01:30:00;6.3;0.0;0.0;0.0
2017-10-02 01:45:00;7.5;0.0;0.0;0.0
2017-10-02 02:00:00;11.3;0.0;0.0;0.0
2017-10-02 02:15:00;8.4;0.0;0.0;0.0
2017-10-02 02:30:00;13.2;0.0;0.0;0.0
2017-10-02 02:45:00;17.7;0.0;0.0;0.0
2017-10-02 03:00:00;13.3;0.0;0.0;0.0
2017-10-02 03:15:00;11.9;0.0;0.0;0.0
2017-10-02 03:30:00;21.3;0.0;2.0;0.0
2017-10-02 03:45:00;17.4;0.0;1.0;0.0
2017-10-02 04:00:00;27.3;0.0;0.0;0.0
2017-10-02 04:15:00;35.9;0.0;5.4;0.0
2017-10-02 04:30:00;34.7;0.0;7.1;0.0
2017-10-02 04:45:00;33.8;1.0;2.0;0.0
2017-10-02 05:00:00;36.7;0.0;27.4;0.0
2017-10-02 05:15:00;29.9;0.0;29.4;0.0
2017-10-02 05:30:00;43.3;0.0;16.2;0.0
2017-10-02 05:45:00;39.5;2.0;2.0;6.1
2017-10-02 06:00:00;25.7;0.0;12.2;0.0
2017-10-02 06:15:00;38.6;0.0;8.1;0.0
2017-10-02 06:30:00;34.0;0.0;13.2;0.0
2017-10-02 06:45:00;18.6;0.0;0.0;0.0
2017-10-02 07:00:00;36.4;0.0;15.2;0.0
2017-10-02 07:15:00;62.4;0.0;48.7;5.1
2017-10-02 07:30:00;39.0;4.1;1.0;4.1
2017-10-02 07:45:00;42.1;3.0;13.5;1.0
2017-10-02 08:00:00;39.0;0.0;3.0;0.0
2017-10-02 08:15:00;37.3;0.0;6.1;1.0
2017-10-02 08:30:00;37.3;0.0;2.0;2.7
2017-10-02 08:45:00;26.5;0.0;0.0;0.0
2017-10-02 09:00:00;39.5;0.0;14.2;0.0
2017-10-02 09:15:00;29.2;0.0;2.0;0.0
2017-10-02 09:30:00;46.6;0.0;17.6;3.0
2017-10-02 09:45:00;52.5;0.0;29.4;4.1
2017-10-02 10:00:00;52.1;1.0;25.4;5.1
2017-10-02 10:15:00;42.0;0.7;1.0;2.7
2017-10-02 10:30:00;35.0;0.0;13.2;3.0
2017-10-02 10:45:00;36.2;0.0;8.1;0.0
2017-10-02 11:00:00;32.4;0.0;4.1;0.0
2017-10-02 11:15:00;19.2;0.0;3.4;0.0
2017-10-02 11:30:00;39.0;0.0;11.2;1.0
2017-10-02 11:45:00;36.9;0.0;12.2;5.1
2017-10-02 12:00:00;30.6;0.0;1.0;0.0
2017-10-02 12:15:00;35.4;0.0;3.0;2.0
2017-10-02 12:30:00;42.8;0.0;8.1;1.0
2017-10-02 12:45:00;52.4;0.0;15.2;3.0
2017-10-02 13:00:00;52.7;0.0;37.9;9.1
2017-10-02 13:15:00;49.2;1.0;15.2;8.1
2017-10-02 13:30:00;46.9;0.0;16.2;0.0
2017-10-02 13:45:00;51.5;3.4;15.2;2.7
2017-10-02 14:00:00;55.8;17.3;3.0;25.4
2017-10-02 14:15:00;56.9;5.1;17.3;21.3
2017-10-02 14:30:00;94.0;35.5;50.8;53.8
2017-10-02 14:45:00;47.9;0.0;43.3;3.0
2017-10-02 15:00:00;59.5;6.1;28.4;5.1
2017-10-02 15:15:00;58.9;1.0;28.4;2.0
2017-10-02 15:30:00;73.5;21.0;39.6;13.5
2017-10-02 15:45:00;77.0;14.2;60.9;29.4
2017-10-02 16:00:00;75.7;5.1;46.7;19.3
2017-10-02 16:15:00;78.3;6.1;65.0;8.1
2017-10-02 16:30:00;79.9;5.1;58.2;32.5
2017-10-02 16:45:00;74.7;2.0;36.5;16.2
2017-10-02 17:00:00;56.4;1.0;26.4;9.1
2017-10-02 17:15:00;56.3;0.0;13.2;4.7
2017-10-02 17:30:00;53.5;6.1;12.2;17.3
2017-10-02 17:45:00;49.7;0.0;3.0;5.1
2017-10-02 18:00:00;45.2;0.0;6.1;0.0
2017-10-02 18:15:00;43.8;0.0;8.1;3.0
2017-10-02 18:30:00;38.8;0.0;0.0;1.0
2017-10-02 18:45:00;37.6;0.0;10.1;0.0
2017-10-02 19:00:00;31.0;0.0;0.0;0.0
2017-10-02 19:15:00;34.6;0.0;5.1;0.0
2017-10-02 19:30:00;26.7;0.0;1.0;0.0
2017-10-02 19:45:00;35.6;0.0;11.2;0.0
2017-10-02 20:00:00;22.8;0.0;5.4;0.0
2017-10-02 20:15:00;21.0;0.0;0.0;0.0
2017-10-02 20:30:00;23.8;0.0;0.0;0.0
2017-10-02 20:45:00;26.9;0.0;0.0;0.0
2017-10-02 21:00:00;26.9;0.0;2.0;0.0
2017-10-02 21:15:00;14.7;0.0;0.0;0.0
2017-10-02 21:30:00;17.6;0.0;0.0;0.0
2017-10-02 21:45:00;18.4;0.0;0.0;0.0
2017-10-02 22:00:00;17.8;0.0;0.0;0.0
2017-10-02 22:15:00;22.6;0.0;0.0;0.0
2017-10-02 22:30:00;18.2;0.0;0.0;0.0
2017-10-02 22:45:00;24.7;0.0;0.0;0.0
2017-10-02 23:00:00;19.1;0.0;4.1;0.0
2017-10-02 23:15:00;12.1;0.0;0.0;0.0
2017-10-02 23:30:00;12.3;0.0;0.0;0.0
2017-10-02 23:45:00;12.3;0.0;0.0;0.0
2017-10-03 00:00:00;10.9;0.0;0.0;0.0
2017-10-03 00:15:00;10.9;0.0;0.0;0.0
2017-10-03 00:30:00;8.5;0.0;0.0;0.0
2017-10-03 00:45:00;19.1;0.0;0.0;0.0
2017-10-03 01:00:00;12.1;0.0;0.0;0.0
2017-10-03 01:15:00;10.8;0.0;0.0;0.0
2017-10-03 01:30:00;8.6;0.0;0.0;0.0
2017-10-03 01:45:00;16.3;0.0;0.0;0.0
2017-10-03 02:00:00;21.8;0.0;0.0;0.0
2017-10-03 02:15:00;25.3;0.0;0.0;0.0
2017-10-03 02:30:00;40.4;0.0;11.2;0.0
2017-10-03 02:45:00;35.5;0.0;1.0;0.0
2017-10-03 03:00:00;40.1;0.0;2.0;0.0
2017-10-03 03:15:00;57.5;0.0;16.2;1.0
2017-10-03 03:30:00;82.7;7.1;40.6;15.2
2017-10-03 03:45:00;94.5;13.5;56.8;21.7
2017-10-03 04:00:00;84.6;12.2;53.8;24.4
2017-10-03 04:15:00;85.7;15.2;42.6;20.3
2017-10-03 04:30:00;88.5;15.2;68.0;23.3
2017-10-03 04:45:00;70.4;2.0;38.6;6.1
2017-10-03 05:00:00;68.5;4.1;33.5;10.1
2017-10-03 05:15:00;108.6;29.4;100.5;27.4
2017-10-03 05:30:00;150.1;69.7;139.1;100.8
2017-10-03 05:45:00;68.7;1.0;50.8;6.1
2017-10-03 06:00:00;55.9;0.0;21.3;0.0
2017-10-03 06:15:00;82.8;3.0;33.5;12.2
2017-10-03 06:30:00;119.3;47.7;88.6;61.9
2017-10-03 06:45:00;76.3;12.2;70.0;19.3
2017-10-03 07:00:00;100.0;7.1;85.3;12.2
2017-10-03 07:15:00;105.8;31.8;80.2;48.7
2017-10-03 07:30:00;99.9;24.4;89.3;42.6
2017-10-03 07:45:00;71.9;8.1;50.8;25.4
2017-10-03 08:00:00;92.5;33.5;52.8;68.0
2017-10-03 08:15:00;84.3;25.4;77.8;39.6
2017-10-03 08:30:00;72.7;12.2;51.8;25.4
2017-10-03 08:45:00;78.7;23.3;59.9;48.7
2017-10-03 09:00:00;77.5;6.1;81.2;16.9
2017-10-03 09:15:00;79.5;27.4;62.9;30.4
2017-10-03 09:30:00;76.2;22.3;53.8;39.6
2017-10-03 09:45:00;74.0;23.3;58.9;32.5
2017-10-03 10:00:00;84.3;33.5;61.6;54.8
2017-10-03 10:15:00;85.3;15.2;68.0;32.5
2017-10-03 10:30:00;82.7;26.4;52.8;30.4
2017-10-03 10:45:00;72.7;20.3;65.0;30.4
2017-10-03 11:00:00;82.1;23.3;72.1;47.7
2017-10-03 11:15:00;70.4;21.3;32.5;32.5
2017-10-03 11:30:00;72.9;8.1;34.5;12.2
2017-10-03 11:45:00;82.1;34.5;60.2;52.8
2017-10-03 12:00:00;85.2;36.5;80.2;49.7
2017-10-03 12:15:00;80.3;29.4;74.1;41.6
2017-10-03 12:30:00;81.8;37.9;69.0;49.4
2017-10-03 12:45:00;82.8;31.5;63.9;42.6
2017-10-03 13:00:00;77.6;7.1;57.9;12.2
2017-10-03 13:15:00;76.9;43.6;45.7;54.8
2017-10-03 13:30:00;86.8;30.4;76.5;39.6
2017-10-03 13:45:00;82.8;25.4;59.9;28.4
2017-10-03 14:00:00;89.0;30.4;66.0;36.5
2017-10-03 14:15:00;94.4;54.1;92.4;67.0
2017-10-03 14:30:00;105.2;61.9;94.4;78.2
2017-10-03 14:45:00;98.0;55.8;95.4;75.1
2017-10-03 15:00:00;103.0;35.5;94.4;77.1
2017-10-03 15:15:00;102.8;41.6;95.4;49.7
2017-10-03 15:30:00;111.8;53.8;102.5;79.2
2017-10-03 15:45:00;134.2;61.9;116.7;84.2
2017-10-03 16:00:00;136.1;83.2;128.9;110.3
2017-10-03 16:15:00;131.8;79.2;121.8;102.5
2017-10-03 16:30:00;127.4;68.0;116.7;88.3
2017-10-03 16:45:00;140.5;84.2;122.8;108.6
2017-10-03 17:00:00;133.1;81.2;131.3;99.5
2017-10-03 17:15:00;120.7;52.8;111.6;85.3
2017-10-03 17:30:00;115.4;59.9;104.5;91.3
2017-10-03 17:45:00;95.0;38.6;82.2;52.1
2017-10-03 18:00:00;92.8;33.5;74.1;40.6
2017-10-03 18:15:00;73.2;8.1;49.7;25.4
2017-10-03 18:30:00;79.5;10.1;39.6;16.2
2017-10-03 18:45:00;86.5;15.2;70.4;22.3
2017-10-03 19:00:00;99.6;23.3;77.1;31.5
2017-10-03 19:15:00;112.4;35.5;88.3;42.6
2017-10-03 19:30:00;112.0;40.6;93.4;50.7
2017-10-03 19:45:00;96.0;25.4;80.2;38.6
2017-10-03 20:00:00;76.4;7.1;50.8;10.1
2017-10-03 20:15:00;66.2;3.0;25.4;7.1
2017-10-03 20:30:00;72.6;4.1;30.4;9.1
2017-10-03 20:45:00;67.1;3.0;28.4;6.1
2017-10-03 21:00:00;77.5;4.1;35.5;6.1
2017-10-03 21:15:00;75.3;2.0;42.6;4.7
2017-10-03 21:30:00;65.3;0.0;26.4;1.0
2017-10-03 21:45:00;60.6;0.0;15.2;1.0
2017-10-03 22:00:00;55.6;0.0;15.2;0.0
2017-10-03 22:15:00;53.2;0.0;10.8;1.0
2017-10-03 22:30:00;55.3;0.0;12.2;0.0
2017-10-03 22:45:00;48.6;0.0;6.1;0.0
2017-10-03 23:00:00;52.8;0.0;3.0;0.0
2017-10-03 23:15:00;51.8;0.0;10.1;0.0
2017-10-03 23:30:00;45.9;0.0;4.1;0.0
2017-10-03 23:45:00;47.0;0.0;10.1;0.0
2017-10-04 00:00:00;43.2;0.0;2.0;0.0
2017-10-04 00:15:00;46.9;0.0;5.1;0.0
2017-10-04 00:30:00;41.6;0.0;3.0;0.0
2017-10-04 00:45:00;38.0;0.0;1.0;0.0
2017-10-04 01:00:00;43.1;0.0;2.0;0.0
2017-10-04 01:15:00;40.0;0.0;1.0;0.0
2017-10-04 01:30:00;31.5;0.0;0.0;0.0
2017-10-04 01:45:00;24.5;0.0;0.0;0.0
2017-10-04 02:00:00;28.6;0.0;0.0;0.0
2017-10-04 02:15:00;22.6;0.0;0.0;0.0
2017-10-04 02:30:00;22.5;0.0;0.0;0.0
2017-10-04 02:45:00;23.0;0.0;0.0;0.0
2017-10-04 03:00:00;22.6;0.0;0.0;0.0
2017-10-04 03:15:00;25.6;0.0;0.0;0.0
2017-10-04 03:30:00;22.2;0.0;0.0;0.0
2017-10-04 03:45:00;23.0;0.0;0.0;0.0
2017-10-04 04:00:00;32.8;0.0;4.1;0.0
2017-10-04 04:15:00;31.9;0.0;0.0;0.0
2017-10-04 04:30:00;42.4;0.0;2.0;0.0
2017-10-04 04:45:00;42.4;0.0;9.1;0.0
2017-10-04 05:00:00;47.1;0.0;11.2;0.0
2017-10-04 05:15:00;41.0;0.0;4.1;0.0
2017-10-04 05:30:00;43.8;0.0;3.0;0.0
2017-10-04 05:45:00;50.9;0.0;5.1;0.0
2017-10-04 06:00:00;49.8;0.0;5.1;0.0
2017-10-04 06:15:00;51.9;0.0;4.1;0.0
2017-10-04 06:30:00;53.0;0.0;5.1;0.0
2017-10-04 06:45:00;51.8;0.0;4.1;0.0
2017-10-04 07:00:00;55.5;0.0;6.8;0.0
2017-10-04 07:15:00;48.7;0.0;5.1;0.0
2017-10-04 07:30:00;50.8;0.0;12.2;0.0
2017-10-04 07:45:00;53.6;0.0;11.2;0.0
2017-10-04 08:00:00;53.6;0.0;13.2;0.0
2017-10-04 08:15:00;53.4;0.0;22.3;1.0
2017-10-04 08:30:00;58.8;2.0;26.4;5.1
2017-10-04 08:45:00;74.1;8.1;57.5;14.2
2017-10-04 09:00:00;73.3;14.2;60.9;20.3
2017-10-04 09:15:00;70.7;9.1;44.7;24.4
2017-10-04 09:30:00;64.7;4.1;60.9;10.8
2017-10-04 09:45:00;76.6;16.2;42.6;19.3
2017-10-04 10:00:00;77.9;17.3;53.8;25.4
2017-10-04 10:15:00;79.1;12.2;46.7;32.5
2017-10-04 10:30:00;82.0;17.3;49.4;39.6
2017-10-04 10:45:00;34.4;3.0;5.1;2.0
2017-10-04 11:00:00;49.4;2.0;19.3;4.1
2017-10-04 11:15:00;31.2;0.0;2.0;2.7
2017-10-04 11:30:00;51.6;0.0;30.4;0.0
2017-10-04 11:45:00;41.2;1.0;9.1;9.1
2017-10-04 12:00:00;59.1;18.3;28.4;27.4
2017-10-04 12:15:00;80.5;38.6;44.7;52.8
2017-10-04 12:30:00;93.9;30.4;86.3;28.4
2017-10-04 12:45:00;58.2;14.2;24.4;29.4
2017-10-04 13:00:00;18.9;0.0;0.0;2.0
2017-10-04 13:15:00;39.0;0.0;32.5;0.0
2017-10-04 13:30:00;37.1;0.0;9.1;0.0
2017-10-04 13:45:00;28.6;0.0;10.2;0.0
2017-10-04 14:00:00;68.8;18.3;27.7;30.4
2017-10-04 14:15:00;62.6;9.1;39.6;10.1
2017-10-04 14:30:00;27.9;3.0;0.0;0.0
2017-10-04 14:45:00;38.1;0.0;22.3;0.0
2017-10-04 15:00:00;42.4;7.1;3.0;5.1
2017-10-04 15:15:00;106.5;39.6;90.3;46.7
2017-10-04 15:30:00;84.8;10.1;79.2;15.2
2017-10-04 15:45:00;109.8;40.6;84.6;52.8
2017-10-04 16:00:00;122.3;47.7;111.6;83.2
2017-10-04 16:15:00;113.9;61.9;102.5;85.3
2017-10-04 16:30:00;119.9;46.0;123.8;67.0
2017-10-04 16:45:00;111.8;61.9;94.4;78.2
2017-10-04 17:00:00;115.0;57.9;86.3;67.0
2017-10-04 17:15:00;103.1;29.4;95.4;63.9
2017-10-04 17:30:00;112.8;60.9;100.1;76.1
2017-10-04 17:45:00;115.4;52.8;103.5;79.2
2017-10-04 18:00:00;99.1;45.7;81.2;60.9
2017-10-04 18:15:00;103.0;34.5;80.2;44.7
2017-10-04 18:30:00;103.4;36.5;79.2;48.7
2017-10-04 18:45:00;96.0;31.5;75.1;45.7
2017-10-04 19:00:00;74.0;8.1;65.0;13.2
2017-10-04 19:15:00;50.3;0.0;28.4;0.0
2017-10-04 19:30:00;93.7;22.3;58.9;25.4
2017-10-04 19:45:00;99.5;20.3;72.1;29.4
2017-10-04 20:00:00;91.5;27.1;66.0;31.1
2017-10-04 20:15:00;80.6;12.2;43.6;16.2
2017-10-04 20:30:00;56.8;2.0;26.4;4.1
2017-10-04 20:45:00;65.6;4.1;39.6;14.2
2017-10-04 21:00:00;33.5;0.0;7.4;0.0
2017-10-04 21:15:00;19.1;0.0;0.0;0.0
2017-10-04 21:30:00;18.0;0.0;0.0;0.0
2017-10-04 21:45:00;14.7;0.0;0.0;0.0
2017-10-04 22:00:00;14.4;0.0;0.0;0.0
2017-10-04 22:15:00;11.5;0.0;0.0;0.0
2017-10-04 22:30:00;16.9;0.0;0.0;0.0
2017-10-04 22:45:00;12.0;0.0;0.0;0.0
2017-10-04 23:00:00;12.3;0.0;0.0;0.0
2017-10-04 23:15:00;10.0;0.0;0.0;0.0
2017-10-04 23:30:00;13.8;0.0;0.0;0.0
2017-10-04 23:45:00;10.6;0.0;0.0;0.0
2017-10-05 00:00:00;5.7;0.0;0.0;0.0
2017-10-05 00:15:00;10.9;0.0;0.0;0.0
2017-10-05 00:30:00;10.6;0.0;0.0;0.0
2017-10-05 00:45:00;10.9;0.0;0.0;0.0
2017-10-05 01:00:00;12.6;0.0;0.0;0.0
2017-10-05 01:15:00;12.0;0.0;0.0;0.0
2017-10-05 01:30:00;13.1;0.0;0.0;0.0
2017-10-05 01:45:00;8.5;0.0;0.0;0.0
2017-10-05 02:00:00;4.2;0.0;0.0;0.0
2017-10-05 02:15:00;6.4;0.0;0.0;0.0
2017-10-05 02:30:00;5.5;0.0;0.0;0.0
2017-10-05 02:45:00;7.4;0.0;0.0;0.0
2017-10-05 03:00:00;9.2;0.0;0.0;0.0
2017-10-05 03:15:00;9.3;0.0;0.0;0.0
2017-10-05 03:30:00;18.8;0.0;0.0;0.0
2017-10-05 03:45:00;15.8;0.0;0.0;0.0
2017-10-05 04:00:00;18.5;0.0;0.0;0.0
2017-10-05 04:15:00;23.4;0.0;2.0;0.0
2017-10-05 04:30:00;24.4;0.0;2.0;0.0
2017-10-05 04:45:00;47.1;0.0;13.2;0.0
2017-10-05 05:00:00;60.6;1.0;14.2;2.0
2017-10-05 05:15:00;82.1;3.0;49.7;7.1
2017-10-05 05:30:00;77.2;18.3;24.4;17.3
2017-10-05 05:45:00;95.2;7.1;69.7;16.2
2017-10-05 06:00:00;79.3;14.2;43.6;17.3
2017-10-05 06:15:00;44.0;0.0;13.2;2.0
2017-10-05 06:30:00;37.1;0.0;6.1;2.0
2017-10-05 06:45:00;26.3;0.0;0.0;0.0
2017-10-05 07:00:00;43.6;0.0;8.1;0.0
2017-10-05 07:15:00;61.1;9.1;10.2;14.2
2017-10-05 07:30:00;45.2;0.0;2.7;0.0
2017-10-05 07:45:00;53.7;2.0;18.3;3.0
2017-10-05 08:00:00;59.3;0.0;15.2;2.0
2017-10-05 08:15:00;66.8;3.4;27.4;7.4
2017-10-05 08:30:00;54.8;0.0;13.2;0.0
2017-10-05 08:45:00;56.6;1.0;19.3;2.0
2017-10-05 09:00:00;50.7;0.0;15.2;2.0
2017-10-05 09:15:00;55.1;0.0;18.3;0.0
2017-10-05 09:30:00;61.5;5.1;25.4;3.0
2017-10-05 09:45:00;63.5;7.1;27.4;12.2
2017-10-05 10:00:00;52.2;1.4;21.3;6.1
2017-10-05 10:15:00;56.0;1.0;28.4;4.1
2017-10-05 10:30:00;60.9;3.0;23.3;6.1
2017-10-05 10:45:00;57.0;1.0;18.3;9.1
2017-10-05 11:00:00;50.3;0.0;12.2;0.0
2017-10-05 11:15:00;55.0;0.0;15.2;5.1
2017-10-05 11:30:00;63.3;3.0;31.5;12.2
2017-10-05 11:45:00;78.7;4.1;69.0;8.8
2017-10-05 12:00:00;73.9;4.1;33.5;19.3
2017-10-05 12:15:00;70.8;9.1;41.6;25.4
2017-10-05 12:30:00;73.1;4.1;56.8;7.1
2017-10-05 12:45:00;60.2;0.0;36.5;8.1
2017-10-05 13:00:00;65.1;3.0;27.4;12.2
2017-10-05 13:15:00;63.5;0.0;34.5;10.1
2017-10-05 13:30:00;66.8;2.0;51.8;10.1
2017-10-05 13:45:00;71.0;5.1;44.7;12.2
2017-10-05 14:00:00;90.2;28.4;77.1;42.6
2017-10-05 14:15:00;109.6;45.7;88.3;37.6
2017-10-05 14:30:00;108.8;40.6;87.3;59.9
2017-10-05 14:45:00;103.6;32.5;82.2;39.6
2017-10-05 15:00:00;127.3;68.0;106.6;74.1
2017-10-05 15:15:00;128.8;70.4;114.7;86.6
2017-10-05 15:30:00;131.0;60.9;116.7;83.2
2017-10-05 15:45:00;119.0;48.7;106.6;73.1
2017-10-05 16:00:00;117.9;54.8;110.6;78.2
2017-10-05 16:15:00;132.3;68.0;123.8;88.3
2017-10-05 16:30:00;137.0;80.2;134.0;98.5
2017-10-05 16:45:00;113.6;56.8;109.6;72.1
2017-10-05 17:00:00;121.2;58.9;108.6;76.5
2017-10-05 17:15:00;130.8;77.1;101.5;98.5
2017-10-05 17:30:00;142.3;81.2;126.9;91.3
2017-10-05 17:45:00;109.9;47.7;107.6;61.9
2017-10-05 18:00:00;104.7;38.6;90.0;49.7
2017-10-05 18:15:00;102.3;30.4;85.3;45.7
2017-10-05 18:30:00;99.6;26.4;82.2;40.6
2017-10-05 18:45:00;91.3;21.0;70.0;29.8
2017-10-05 19:00:00;76.8;7.1;48.7;15.2
2017-10-05 19:15:00;80.1;9.1;57.9;17.3
2017-10-05 19:30:00;81.8;9.1;58.9;16.2
2017-10-05 19:45:00;83.2;11.2;52.8;23.3
2017-10-05 20:00:00;86.5;7.1;71.0;13.2
2017-10-05 20:15:00;75.1;8.1;46.7;16.2
2017-10-05 20:30:00;74.2;6.1;38.6;10.2
2017-10-05 20:45:00;64.9;0.0;28.4;6.1
2017-10-05 21:00:00;77.4;5.1;33.5;5.1
2017-10-05 21:15:00;75.2;6.1;41.6;6.1
2017-10-05 21:30:00;66.3;1.0;29.8;5.1
2017-10-05 21:45:00;79.1;3.0;44.7;5.1
2017-10-05 22:00:00;56.2;3.0;15.2;3.0
2017-10-05 22:15:00;71.4;2.0;43.6;3.4
2017-10-05 22:30:00;58.9;0.0;14.2;0.0
2017-10-05 22:45:00;50.9;0.0;7.1;0.0
2017-10-05 23:00:00;57.4;0.0;10.1;0.0
2017-10-05 23:15:00;49.8;0.0;10.2;0.0
2017-10-05 23:30:00;42.7;0.0;4.1;0.0
2017-10-05 23:45:00;41.0;0.0;0.0;0.0
2017-10-06 00:00:00;43.4;0.0;4.1;0.0
2017-10-06 00:15:00;39.1;0.0;0.0;0.0
2017-10-06 00:30:00;39.8;0.0;0.0;0.0
2017-10-06 00:45:00;42.7;0.0;2.0;0.0
2017-10-06 01:00:00;41.3;0.0;2.7;0.0
2017-10-06 01:15:00;33.9;0.0;0.0;0.0
2017-10-06 01:30:00;33.5;0.0;0.0;0.0
2017-10-06 01:45:00;31.7;0.0;1.0;0.0
2017-10-06 02:00:00;34.1;0.0;0.0;0.0
2017-10-06 02:15:00;38.1;0.0;0.0;0.0
2017-10-06 02:30:00;41.9;0.0;7.1;0.0
2017-10-06 02:45:00;47.6;0.0;4.1;0.0
2017-10-06 03:00:00;53.1;0.0;12.2;0.0
2017-10-06 03:15:00;55.9;0.0;16.2;0.0
2017-10-06 03:30:00;59.4;0.0;16.2;0.0
2017-10-06 03:45:00;61.1;2.0;19.3;1.0
2017-10-06 04:00:00;71.6;3.0;44.7;5.1
2017-10-06 04:15:00;70.7;5.1;23.3;11.2
2017-10-06 04:30:00;50.0;0.0;9.5;0.0
2017-10-06 04:45:00;59.2;0.0;25.4;0.0
2017-10-06 05:00:00;69.7;3.0;40.6;5.1
2017-10-06 05:15:00;112.9;47.4;71.0;50.8
2017-10-06 05:30:00;109.8;24.4;102.5;27.4
2017-10-06 05:45:00;83.6;2.0;82.2;2.0
2017-10-06 06:00:00;65.7;2.0;31.5;1.0
2017-10-06 06:15:00;85.7;7.1;46.0;20.3
2017-10-06 06:30:00;84.2;9.1;58.9;13.2
2017-10-06 06:45:00;92.1;7.1;58.9;15.2
2017-10-06 07:00:00;116.0;37.9;87.3;37.2
2017-10-06 07:15:00;120.6;51.8;99.5;57.9
2017-10-06 07:30:00;93.8;15.2;81.2;29.4
2017-10-06 07:45:00;92.3;20.3;70.0;30.4
2017-10-06 08:00:00;90.8;18.3;81.2;21.3
2017-10-06 08:15:00;86.8;12.2;59.9;26.4
2017-10-06 08:30:00;83.2;15.2;62.9;21.3
2017-10-06 08:45:00;78.9;6.1;54.8;12.2
2017-10-06 09:00:00;80.8;15.2;56.8;27.4
2017-10-06 09:15:00;81.0;10.1;75.1;22.3
2017-10-06 09:30:00;76.1;15.2;36.5;18.3
2017-10-06 09:45:00;77.0;8.1;39.9;28.4
2017-10-06 10:00:00;84.7;34.5;80.2;41.6
2017-10-06 10:15:00;85.2;18.3;59.9;27.4
2017-10-06 10:30:00;81.6;13.5;83.2;19.6
2017-10-06 10:45:00;81.7;24.4;55.8;29.4
2017-10-06 11:00:00;80.1;21.3;69.0;38.6
2017-10-06 11:15:00;81.3;17.3;61.9;22.3
2017-10-06 11:30:00;86.4;19.3;83.9;32.5
2017-10-06 11:45:00;87.6;34.5;88.3;45.7
2017-10-06 12:00:00;113.3;52.8;95.4;71.0
2017-10-06 12:15:00;95.7;46.0;76.1;52.8
2017-10-06 12:30:00;87.8;52.8;78.2;65.0
2017-10-06 12:45:00;88.0;43.6;76.1;60.9
2017-10-06 13:00:00;97.2;35.5;70.0;39.6
2017-10-06 13:15:00;112.1;48.7;105.6;75.1
2017-10-06 13:30:00;137.7;94.4;125.9;133.0
2017-10-06 13:45:00;113.2;52.8;115.7;61.9
2017-10-06 14:00:00;121.1;71.7;119.8;90.0
2017-10-06 14:15:00;131.0;90.3;117.7;108.6
2017-10-06 14:30:00;120.7;63.9;116.7;77.1
2017-10-06 14:45:00;125.8;76.1;117.7;92.4
2017-10-06 15:00:00;126.9;71.0;126.5;84.2
2017-10-06 15:15:00;122.4;78.2;113.7;86.3
2017-10-06 15:30:00;119.5;67.0;114.7;79.2
2017-10-06 15:45:00;123.6;60.9;116.7;75.8
2017-10-06 16:00:00;119.4;67.0;102.5;90.3
2017-10-06 16:15:00;120.3;60.9;112.7;73.1
2017-10-06 16:30:00;93.9;33.5;94.4;49.7
2017-10-06 16:45:00;115.9;29.4;115.7;46.7
2017-10-06 17:00:00;121.0;49.7;105.6;55.8
2017-10-06 17:15:00;146.2;83.2;126.9;108.6
2017-10-06 17:30:00;130.7;57.5;113.7;67.7
2017-10-06 17:45:00;149.2;74.1;128.9;92.4
2017-10-06 18:00:00;141.0;74.1;133.0;79.2
2017-10-06 18:15:00;141.1;66.0;128.9;83.2
2017-10-06 18:30:00;120.9;52.8;105.6;58.9
2017-10-06 18:45:00;121.9;40.6;100.5;49.7
2017-10-06 19:00:00;114.7;42.6;95.4;54.8
2017-10-06 19:15:00;104.4;27.7;81.2;32.5
2017-10-06 19:30:00;104.5;23.3;75.1;32.5
2017-10-06 19:45:00;95.5;16.2;75.1;25.4
2017-10-06 20:00:00;93.5;24.4;73.1;25.4
2017-10-06 20:15:00;93.6;10.1;65.0;18.3
2017-10-06 20:30:00;83.4;6.1;51.8;13.2
2017-10-06 20:45:00;89.8;10.1;68.0;14.2
2017-10-06 21:00:00;79.2;3.4;43.6;5.4
2017-10-06 21:15:00;73.0;0.0;28.4;2.0
2017-10-06 21:30:00;72.4;1.0;31.5;4.1
2017-10-06 21:45:00;77.1;5.1;39.6;7.1
2017-10-06 22:00:00;74.2;1.0;25.7;2.0
2017-10-06 22:15:00;70.1;2.0;22.3;5.1
2017-10-06 22:30:00;70.8;0.0;24.4;1.0
2017-10-06 22:45:00;75.2;2.0;38.6;4.1
2017-10-06 23:00:00;66.8;0.0;20.3;2.0
2017-10-06 23:15:00;76.6;2.0;28.4;3.0
2017-10-06 23:30:00;66.3;0.0;19.3;0.0
2017-10-06 23:45:00;69.7;0.0;13.5;1.0
2017-10-07 00:00:00;50.6;0.0;4.1;0.0
2017-10-07 00:15:00;43.4;0.0;;0.0
2017-10-07 00:30:00;40.6;0.0;;0.0
2017-10-07 00:45:00;35.7;0.0;;0.0
2017-10-07 01:00:00;40.5;0.0;;0.0
2017-10-07 01:15:00;41.5;0.0;;0.0
2017-10-07 01:30:00;39.5;0.0;0.0;0.0
2017-10-07 01:45:00;35.5;0.0;0.0;0.0
2017-10-07 02:00:00;43.6;0.0;1.0;0.0
2017-10-07 02:15:00;30.8;0.0;0.0;0.0
2017-10-07 02:30:00;29.6;0.0;0.0;0.0
2017-10-07 02:45:00;27.8;0.0;0.0;0.0
2017-10-07 03:00:00;26.1;0.0;0.0;0.0
2017-10-07 03:15:00;21.8;0.0;0.0;0.0
2017-10-07 03:30:00;21.1;0.0;0.0;0.0
2017-10-07 03:45:00;23.7;0.0;0.0;0.0
2017-10-07 04:00:00;21.0;0.0;0.0;0.0
2017-10-07 04:15:00;22.3;0.0;0.0;0.0
2017-10-07 04:30:00;21.6;0.0;0.0;0.0
2017-10-07 04:45:00;20.7;0.0;0.0;0.0
2017-10-07 05:00:00;21.0;0.0;0.0;0.0
2017-10-07 05:15:00;20.9;0.0;0.0;0.0
2017-10-07 05:30:00;26.4;0.0;0.0;0.0
2017-10-07 05:45:00;32.5;0.0;1.0;0.0
2017-10-07 06:00:00;31.6;0.0;0.0;0.0
2017-10-07 06:15:00;27.4;0.0;0.0;0.0
2017-10-07 06:30:00;32.5;0.0;1.0;0.0
2017-10-07 06:45:00;41.5;0.0;2.0;0.0
2017-10-07 07:00:00;34.8;0.0;1.0;0.0
2017-10-07 07:15:00;35.1;0.0;1.0;0.0
2017-10-07 07:30:00;41.5;0.0;4.1;0.0
2017-10-07 07:45:00;29.7;0.0;5.1;0.0
2017-10-07 08:00:00;16.4;0.0;0.0;0.0
2017-10-07 08:15:00;14.7;0.0;0.0;0.0
2017-10-07 08:30:00;14.7;0.0;0.0;0.0
2017-10-07 08:45:00;17.6;0.0;2.0;0.0
2017-10-07 09:00:00;16.9;0.0;0.0;0.0
2017-10-07 09:15:00;15.9;0.0;0.0;0.0
2017-10-07 09:30:00;22.4;0.0;1.0;0.0
2017-10-07 09:45:00;24.0;0.0;6.1;0.0
2017-10-07 10:00:00;15.7;0.0;0.0;0.0
2017-10-07 10:15:00;17.6;0.0;0.0;0.0
2017-10-07 10:30:00;33.8;0.0;6.1;0.0
2017-10-07 10:45:00;51.3;0.0;12.2;0.0
2017-10-07 11:00:00;37.9;1.4;1.0;2.7
2017-10-07 11:15:00;28.1;0.0;1.0;0.0
2017-10-07 11:30:00;49.8;0.0;13.2;0.0
2017-10-07 11:45:00;37.1;0.0;5.1;0.0
2017-10-07 12:00:00;38.7;0.0;2.7;0.0
2017-10-07 12:15:00;36.0;0.0;10.1;0.0
2017-10-07 12:30:00;40.8;0.0;1.0;3.0
2017-10-07 12:45:00;44.1;2.0;1.0;4.1
2017-10-07 13:00:00;29.9;0.0;16.2;0.0
2017-10-07 13:15:00;39.2;0.0;0.0;0.0
2017-10-07 13:30:00;37.8;0.0;18.3;0.0
2017-10-07 13:45:00;22.9;0.0;9.5;0.0
2017-10-07 14:00:00;48.4;0.0;11.2;0.0
2017-10-07 14:15:00;49.0;0.0;38.6;0.0
2017-10-07 14:30:00;50.7;1.4;19.3;1.4
2017-10-07 14:45:00;32.3;0.0;4.1;0.0
2017-10-07 15:00:00;34.8;0.0;3.0;0.0
2017-10-07 15:15:00;32.3;0.0;0.0;2.0
2017-10-07 15:30:00;30.8;0.0;0.0;0.0
2017-10-07 15:45:00;40.6;0.0;13.2;0.0
2017-10-07 16:00:00;32.3;0.0;2.0;0.0
2017-10-07 16:15:00;29.7;0.0;0.0;0.0
2017-10-07 16:30:00;33.5;0.0;3.0;0.0
2017-10-07 16:45:00;29.4;0.0;0.0;0.0
2017-10-07 17:00:00;36.5;0.0;10.1;0.0
2017-10-07 17:15:00;28.7;0.0;0.7;0.0
2017-10-07 17:30:00;35.4;0.0;1.0;0.0
2017-10-07 17:45:00;34.3;0.0;6.1;0.0
2017-10-07 18:00:00;29.3;0.0;1.0;0.0
2017-10-07 18:15:00;40.6;0.0;8.1;0.0
2017-10-07 18:30:00;33.5;0.0;0.0;0.0
2017-10-07 18:45:00;35.9;0.0;11.2;0.0
2017-10-07 19:00:00;28.8;0.0;1.4;0.0
2017-10-07 19:15:00;28.4;0.0;2.0;0.0
2017-10-07 19:30:00;36.2;0.0;3.0;0.0
2017-10-07 19:45:00;25.6;0.0;0.0;0.0
2017-10-07 20:00:00;19.6;0.0;0.0;0.0
2017-10-07 20:15:00;18.7;0.0;0.0;0.0
2017-10-07 20:30:00;29.2;0.0;1.0;0.0
2017-10-07 20:45:00;23.1;0.0;0.0;0.0
2017-10-07 21:00:00;29.1;0.0;1.0;0.0
2017-10-07 21:15:00;35.9;0.0;4.1;0.0
2017-10-07 21:30:00;42.3;0.0;5.1;0.0
2017-10-07 21:45:00;27.9;0.0;5.1;0.0
2017-10-07 22:00:00;34.8;0.0;1.0;0.0
2017-10-07 22:15:00;27.6;0.0;1.0;0.0
2017-10-07 22:30:00;36.2;0.0;4.1;0.0
2017-10-07 22:45:00;29.6;0.0;0.0;0.0
2017-10-07 23:00:00;23.1;0.0;0.0;0.0
2017-10-07 23:15:00;40.7;0.0;8.1;0.7
2017-10-07 23:30:00;69.3;0.0;22.3;3.0
2017-10-07 23:45:00;40.9;0.0;15.2;0.0
2017-10-08 00:00:00;47.8;0.0;6.1;1.0
2017-10-08 00:15:00;23.3;0.0;4.1;0.0
2017-10-08 00:30:00;24.7;0.0;0.0;0.0
2017-10-08 00:45:00;42.3;0.0;7.1;0.0
2017-10-08 01:00:00;35.8;0.0;0.0;0.0
2017-10-08 01:15:00;41.7;0.0;6.1;0.0
2017-10-08 01:30:00;36.3;0.0;2.0;0.0
2017-10-08 01:45:00;31.0;0.0;2.0;0.0
2017-10-08 02:00:00;24.3;0.0;0.0;0.0
2017-10-08 02:15:00;24.9;0.0;0.0;0.0
2017-10-08 02:30:00;38.8;0.0;1.0;0.0
2017-10-08 02:45:00;45.4;0.0;5.1;0.0
2017-10-08 03:00:00;24.5;0.0;0.0;0.0
2017-10-08 03:15:00;34.9;0.0;0.0;0.0
2017-10-08 03:30:00;32.8;0.0;0.0;0.0
2017-10-08 03:45:00;34.9;0.0;1.4;0.0
2017-10-08 04:00:00;35.0;0.0;2.0;0.0
2017-10-08 04:15:00;30.0;0.0;2.0;0.0
2017-10-08 04:30:00;32.5;0.0;0.0;0.0
2017-10-08 04:45:00;33.8;0.0;0.0;0.0
2017-10-08 05:00:00;44.3;0.0;2.0;0.0
2017-10-08 05:15:00;43.4;0.0;3.0;0.0
2017-10-08 05:30:00;30.7;0.0;2.0;0.0
2017-10-08 05:45:00;40.7;0.0;2.0;0.0
2017-10-08 06:00:00;48.2;0.0;5.1;0.0
2017-10-08 06:15:00;58.2;0.0;7.1;0.0
2017-10-08 06:30:00;76.5;0.0;28.4;1.0
2017-10-08 06:45:00;51.5;0.0;21.3;2.0
2017-10-08 07:00:00;64.6;0.0;11.2;4.1
2017-10-08 07:15:00;55.4;0.0;18.3;1.0
2017-10-08 07:30:00;38.1;0.0;8.1;0.0
2017-10-08 07:45:00;21.0;0.0;1.0;0.0
2017-10-08 08:00:00;22.5;0.0;1.0;0.0
2017-10-08 08:15:00;32.7;0.0;4.1;0.0
2017-10-08 08:30:00;30.0;0.0;3.0;0.0
2017-10-08 08:45:00;24.0;0.0;0.0;0.0
2017-10-08 09:00:00;27.3;0.0;2.7;0.0
2017-10-08 09:15:00;30.8;0.0;4.1;0.0
2017-10-08 09:30:00;49.6;0.0;22.3;1.0
2017-10-08 09:45:00;37.0;0.0;10.1;0.0
2017-10-08 10:00:00;44.4;0.0;10.1;1.0
2017-10-08 10:15:00;53.0;0.0;28.4;5.1
2017-10-08 10:30:00;54.4;3.0;21.3;12.2
2017-10-08 10:45:00;51.7;1.0;18.3;3.0
2017-10-08 11:00:00;48.1;0.0;18.3;3.0
2017-10-08 11:15:00;54.3;0.0;32.5;5.1
2017-10-08 11:30:00;54.0;0.0;38.6;0.0
2017-10-08 11:45:00;39.0;0.0;18.3;0.0
2017-10-08 12:00:00;35.5;0.0;11.2;0.0
2017-10-08 12:15:00;55.8;1.0;12.2;5.1
2017-10-08 12:30:00;50.8;1.0;27.7;5.1
2017-10-08 12:45:00;57.1;0.0;15.2;5.1
2017-10-08 13:00:00;62.3;3.0;32.5;4.1
2017-10-08 13:15:00;67.6;2.0;34.5;8.1
2017-10-08 13:30:00;56.6;3.0;24.4;7.1
2017-10-08 13:45:00;70.2;4.1;42.6;16.2
2017-10-08 14:00:00;74.9;10.1;61.9;12.2
2017-10-08 14:15:00;74.6;11.2;48.7;13.2
2017-10-08 14:30:00;82.5;9.1;76.1;20.3
2017-10-08 14:45:00;86.1;25.4;59.9;34.5
2017-10-08 15:00:00;87.7;27.7;63.9;31.1
2017-10-08 15:15:00;92.0;29.4;81.2;42.6
2017-10-08 15:30:00;98.5;27.4;91.3;39.6
2017-10-08 15:45:00;97.3;34.5;75.1;48.7
2017-10-08 16:00:00;131.8;68.0;91.3;86.3
2017-10-08 16:15:00;131.7;54.8;120.8;71.0
2017-10-08 16:30:00;148.5;78.2;130.9;96.4
2017-10-08 16:45:00;139.3;80.5;121.8;100.1
2017-10-08 17:00:00;127.7;67.0;117.7;84.2
2017-10-08 17:15:00;116.3;53.8;105.6;66.0
2017-10-08 17:30:00;120.8;65.0;121.8;78.2
2017-10-08 17:45:00;111.9;49.7;99.5;60.9
2017-10-08 18:00:00;116.0;54.8;103.5;63.9
2017-10-08 18:15:00;107.8;40.6;103.5;54.8
2017-10-08 18:30:00;108.9;39.9;98.5;46.7
2017-10-08 18:45:00;106.0;39.6;94.4;46.7
2017-10-08 19:00:00;106.0;29.4;92.4;43.6
2017-10-08 19:15:00;95.6;29.4;72.1;40.6
2017-10-08 19:30:00;92.8;22.3;75.8;34.5
2017-10-08 19:45:00;90.6;13.2;72.1;23.3
2017-10-08 20:00:00;96.3;23.3;70.0;29.4
2017-10-08 20:15:00;90.5;25.0;71.0;30.4
2017-10-08 20:30:00;80.5;10.1;54.8;14.2
2017-10-08 20:45:00;74.9;1.0;49.7;7.1
2017-10-08 21:00:00;60.3;0.0;22.3;0.0
2017-10-08 21:15:00;56.2;0.0;15.6;0.0
2017-10-08 21:30:00;56.8;1.0;16.2;3.0
2017-10-08 21:45:00;53.8;0.0;8.1;0.0
2017-10-08 22:00:00;52.6;0.0;14.2;0.0
2017-10-08 22:15:00;53.1;0.0;16.2;0.0
2017-10-08 22:30:00;43.5;0.0;7.1;0.0
2017-10-08 22:45:00;39.1;0.0;2.0;0.0
2017-10-08 23:00:00;32.7;0.0;0.0;0.0
2017-10-08 23:15:00;30.1;0.0;0.0;0.0
2017-10-08 23:30:00;32.0;0.0;0.0;0.0
2017-10-08 23:45:00;34.3;0.0;0.0;0.0
2017-10-09 00:00:00;32.6;0.0;1.0;0.0
2017-10-09 00:15:00;30.7;0.0;0.0;0.0
2017-10-09 00:30:00;30.5;0.0;0.0;0.0
2017-10-09 00:45:00;35.2;0.0;0.0;0.0
2017-10-09 01:00:00;22.3;0.0;0.0;0.0
2017-10-09 01:15:00;23.4;0.0;0.0;0.0
2017-10-09 01:30:00;20.9;0.0;0.0;0.0
2017-10-09 01:45:00;26.4;0.0;0.0;0.0
2017-10-09 02:00:00;30.3;0.0;0.0;0.0
2017-10-09 02:15:00;28.0;0.0;0.0;0.0
2017-10-09 02:30:00;26.0;0.0;0.0;0.0
2017-10-09 02:45:00;35.8;0.0;1.0;0.0
2017-10-09 03:00:00;43.4;0.0;1.0;0.0
2017-10-09 03:15:00;49.5;0.0;8.1;0.0
2017-10-09 03:30:00;39.3;0.0;5.1;0.0
2017-10-09 03:45:00;36.0;0.0;1.0;0.0
2017-10-09 04:00:00;54.0;3.0;10.2;3.0
2017-10-09 04:15:00;39.4;0.0;4.7;0.0
2017-10-09 04:30:00;50.9;0.0;9.1;0.0
2017-10-09 04:45:00;49.4;0.0;9.1;0.0
2017-10-09 05:00:00;47.4;0.0;10.1;1.4
2017-10-09 05:15:00;56.8;0.0;19.3;0.0
2017-10-09 05:30:00;59.9;0.0;26.4;0.0
2017-10-09 05:45:00;48.1;0.0;7.1;0.0
2017-10-09 06:00:00;37.5;0.0;0.0;0.0
2017-10-09 06:15:00;44.9;0.0;5.1;0.0
2017-10-09 06:30:00;74.4;0.0;19.3;0.0
2017-10-09 06:45:00;65.9;12.9;42.6;14.2
2017-10-09 07:00:00;41.3;0.0;2.0;0.0
2017-10-09 07:15:00;34.7;0.0;0.0;0.0
2017-10-09 07:30:00;39.9;0.0;0.0;0.0
2017-10-09 07:45:00;43.5;0.0;2.7;0.0
2017-10-09 08:00:00;47.4;0.0;7.1;0.0
2017-10-09 08:15:00;48.5;0.0;7.1;0.0
2017-10-09 08:30:00;45.7;0.0;11.2;0.0
2017-10-09 08:45:00;43.1;0.0;2.0;0.0
2017-10-09 09:00:00;55.1;0.0;21.3;0.0
2017-10-09 09:15:00;53.5;0.0;14.2;0.0
2017-10-09 09:30:00;64.1;2.0;29.8;2.0
2017-10-09 09:45:00;78.9;7.1;66.0;11.2
2017-10-09 10:00:00;66.5;0.0;32.5;6.1
2017-10-09 10:15:00;52.6;0.7;21.3;1.4
2017-10-09 10:30:00;52.0;0.0;28.4;0.0
2017-10-09 10:45:00;49.7;2.0;18.3;2.0
2017-10-09 11:00:00;47.6;0.0;19.3;0.0
2017-10-09 11:15:00;53.0;6.1;28.4;9.1
2017-10-09 11:30:00;42.5;0.0;12.2;3.0
2017-10-09 11:45:00;42.5;0.0;14.2;1.0
2017-10-09 12:00:00;20.4;0.0;0.0;0.0
2017-10-09 12:15:00;20.3;0.0;2.0;0.0
2017-10-09 12:30:00;11.1;0.0;0.0;0.0
2017-10-09 12:45:00;15.5;0.0;1.0;0.0
2017-10-09 13:00:00;18.4;0.0;5.4;0.0
2017-10-09 13:15:00;23.7;0.0;4.1;0.0
2017-10-09 13:30:00;17.2;0.0;2.0;0.0
2017-10-09 13:45:00;21.6;0.0;0.0;0.0
2017-10-09 14:00:00;14.6;0.0;2.0;0.0
2017-10-09 14:15:00;79.0;36.5;37.6;50.8
2017-10-09 14:30:00;69.7;15.2;55.8;38.6
2017-10-09 14:45:00;29.2;0.0;0.7;0.0
2017-10-09 15:00:00;31.5;0.0;0.0;0.0
2017-10-09 15:15:00;41.7;0.0;13.2;0.0
2017-10-09 15:30:00;34.5;0.0;3.0;0.0
2017-10-09 15:45:00;29.6;0.0;1.0;0.0
2017-10-09 16:00:00;36.3;0.0;12.2;0.0
2017-10-09 16:15:00;32.1;0.0;1.0;0.0
2017-10-09 16:30:00;40.5;0.0;8.8;0.0
2017-10-09 16:45:00;34.1;0.0;3.0;0.0
2017-10-09 17:00:00;35.9;0.0;4.1;0.0
2017-10-09 17:15:00;38.6;0.0;4.1;0.0
2017-10-09 17:30:00;38.7;0.0;8.1;0.0
2017-10-09 17:45:00;36.9;0.0;2.0;0.0
2017-10-09 18:00:00;40.7;0.0;6.1;0.0
2017-10-09 18:15:00;46.7;0.0;14.9;0.0
2017-10-09 18:30:00;49.7;0.0;18.3;2.0
2017-10-09 18:45:00;53.8;1.0;21.3;3.0
2017-10-09 19:00:00;36.3;0.0;4.1;0.0
2017-10-09 19:15:00;28.2;0.0;1.0;0.0
2017-10-09 19:30:00;30.5;0.0;3.0;0.0
2017-10-09 19:45:00;32.9;0.0;3.0;0.0
2017-10-09 20:00:00;18.6;0.0;0.7;0.0
2017-10-09 20:15:00;22.1;0.0;0.0;0.0
2017-10-09 20:30:00;34.7;0.0;3.0;0.0
2017-10-09 20:45:00;25.3;0.0;1.0;0.0
2017-10-09 21:00:00;17.3;0.0;0.0;0.0
2017-10-09 21:15:00;16.1;0.0;0.0;0.0
2017-10-09 21:30:00;21.6;0.0;1.0;0.0
2017-10-09 21:45:00;10.6;0.0;0.0;0.0
2017-10-09 22:00:00;17.6;0.0;0.0;0.0
2017-10-09 22:15:00;27.7;0.0;0.0;0.0
2017-10-09 22:30:00;23.7;0.0;0.0;0.0
2017-10-09 22:45:00;22.9;0.0;0.0;0.0
2017-10-09 23:00:00;27.3;0.0;0.0;0.0
2017-10-09 23:15:00;19.6;0.0;0.0;0.0
2017-10-09 23:30:00;14.0;0.0;0.0;0.0
2017-10-09 23:45:00;21.5;0.0;0.0;0.0
2017-10-10 00:00:00;10.5;0.0;0.0;0.0
2017-10-10 00:15:00;4.8;0.0;0.0;0.0
2017-10-10 00:30:00;8.5;0.0;0.0;0.0
2017-10-10 00:45:00;10.1;0.0;0.0;0.0
2017-10-10 01:00:00;5.9;0.0;0.0;0.0
2017-10-10 01:15:00;11.7;0.0;0.0;0.0
2017-10-10 01:30:00;26.1;0.0;0.0;0.0
2017-10-10 01:45:00;22.9;0.0;0.0;0.0
2017-10-10 02:00:00;18.5;0.0;0.0;0.0
2017-10-10 02:15:00;30.5;0.0;3.0;0.0
2017-10-10 02:30:00;32.2;0.0;1.0;0.0
2017-10-10 02:45:00;30.8;0.0;2.0;0.0
2017-10-10 03:00:00;30.0;0.0;2.7;0.0
2017-10-10 03:15:00;34.3;0.0;2.0;0.0
2017-10-10 03:30:00;29.8;0.0;1.0;0.0
2017-10-10 03:45:00;45.0;0.0;10.2;0.0
2017-10-10 04:00:00;47.6;0.0;9.1;0.0
2017-10-10 04:15:00;47.7;0.0;10.1;2.0
2017-10-10 04:30:00;44.2;0.0;11.2;0.0
2017-10-10 04:45:00;44.9;0.0;16.9;0.0
2017-10-10 05:00:00;73.9;4.1;56.8;6.1
2017-10-10 05:15:00;59.6;3.0;23.3;6.1
2017-10-10 05:30:00;61.8;0.7;22.3;3.4
2017-10-10 05:45:00;47.6;0.0;9.1;0.0
2017-10-10 06:00:00;53.1;0.0;6.1;0.0
2017-10-10 06:15:00;57.5;0.0;4.1;0.0
2017-10-10 06:30:00;55.2;0.0;10.1;0.0
2017-10-10 06:45:00;54.5;0.0;9.1;1.0
2017-10-10 07:00:00;59.9;0.0;12.2;0.0
2017-10-10 07:15:00;53.2;0.0;8.1;0.7
2017-10-10 07:30:00;50.4;0.0;6.1;0.0
2017-10-10 07:45:00;54.5;0.0;17.3;2.0
2017-10-10 08:00:00;56.7;1.0;23.3;3.0
2017-10-10 08:15:00;45.4;0.0;21.0;0.0
2017-10-10 08:30:00;;0.0;18.3;1.0
2017-10-10 08:45:00;;0.0;13.2;4.1
2017-10-10 09:00:00;;0.0;17.3;0.7
2017-10-10 09:15:00;;0.0;18.3;0.0
2017-10-10 09:30:00;;1.0;15.2;4.1
2017-10-10 09:45:00;39.6;0.0;7.1;1.0
2017-10-10 10:00:00;33.5;0.0;6.8;1.0
2017-10-10 10:15:00;40.4;2.0;12.2;0.0
2017-10-10 10:30:00;36.2;0.0;7.1;3.0
2017-10-10 10:45:00;47.5;0.0;21.3;2.7
2017-10-10 11:00:00;44.6;2.0;16.2;3.0
2017-10-10 11:15:00;40.9;0.0;17.3;0.0
2017-10-10 11:30:00;50.3;6.1;7.1;11.2
2017-10-10 11:45:00;56.3;4.1;12.9;7.1
2017-10-10 12:00:00;30.4;0.0;12.2;1.0
2017-10-10 12:15:00;51.9;1.0;35.5;3.0
2017-10-10 12:30:00;59.9;2.0;33.5;8.1
2017-10-10 12:45:00;57.3;0.0;38.6;7.1
2017-10-10 13:00:00;47.5;2.0;9.1;8.1
2017-10-10 13:15:00;66.9;0.0;31.5;4.1
2017-10-10 13:30:00;72.6;3.0;46.0;5.1
2017-10-10 13:45:00;82.4;14.2;78.2;32.5
2017-10-10 14:00:00;75.6;17.3;52.8;28.4
2017-10-10 14:15:00;94.6;13.5;87.3;24.4
2017-10-10 14:30:00;94.3;34.5;80.2;47.7
2017-10-10 14:45:00;97.9;25.4;93.4;29.4
2017-10-10 15:00:00;115.0;35.5;111.6;53.8
2017-10-10 15:15:00;111.4;62.9;108.3;83.2
2017-10-10 15:30:00;105.9;35.5;95.4;58.9
2017-10-10 15:45:00;109.3;34.5;95.4;45.7
2017-10-10 16:00:00;121.0;64.3;110.6;87.3
2017-10-10 16:15:00;114.9;43.6;101.5;63.9
2017-10-10 16:30:00;112.3;35.5;112.7;54.8
2017-10-10 16:45:00;109.1;42.6;96.4;57.9
2017-10-10 17:00:00;107.6;45.7;110.3;58.9
2017-10-10 17:15:00;68.4;23.3;51.8;29.4
2017-10-10 17:30:00;21.6;0.0;1.0;0.0
2017-10-10 17:45:00;42.0;0.0;14.2;0.7
2017-10-10 18:00:00;45.6;0.0;33.5;0.0
2017-10-10 18:15:00;40.0;0.0;16.2;0.0
2017-10-10 18:30:00;48.1;0.0;17.3;0.0
2017-10-10 18:45:00;36.3;0.0;14.2;0.0
2017-10-10 19:00:00;30.1;0.0;5.1;0.0
2017-10-10 19:15:00;21.9;0.0;2.0;0.0
2017-10-10 19:30:00;31.1;0.0;4.1;0.0
2017-10-10 19:45:00;31.6;0.0;6.1;0.0
2017-10-10 20:00:00;29.3;0.0;1.0;0.0
2017-10-10 20:15:00;19.9;0.0;0.0;0.0
2017-10-10 20:30:00;15.8;0.0;0.0;0.0
2017-10-10 20:45:00;20.0;0.0;0.0;0.0
2017-10-10 21:00:00;24.2;0.0;0.0;0.0
2017-10-10 21:15:00;12.3;0.0;0.0;0.0
2017-10-10 21:30:00;10.5;0.0;0.0;0.0
2017-10-10 21:45:00;13.0;0.0;0.0;0.0
2017-10-10 22:00:00;15.2;0.0;0.0;0.0
2017-10-10 22:15:00;14.7;0.0;0.0;0.0
2017-10-10 22:30:00;14.5;0.0;0.0;0.0
2017-10-10 22:45:00;9.7;0.0;0.0;0.0
2017-10-10 23:00:00;9.1;0.0;0.0;0.0
2017-10-10 23:15:00;19.8;0.0;0.0;0.0
2017-10-10 23:30:00;9.0;0.0;0.0;0.0
2017-10-10 23:45:00;8.0;0.0;0.0;0.0
2017-10-11 00:00:00;13.9;0.0;0.0;0.0
2017-10-11 00:15:00;13.8;0.0;0.0;0.0
2017-10-11 00:30:00;17.0;0.0;0.0;0.0
2017-10-11 00:45:00;10.6;0.0;0.0;0.0
2017-10-11 01:00:00;13.8;0.0;0.0;0.0
2017-10-11 01:15:00;16.9;0.0;0.0;0.0
2017-10-11 01:30:00;11.7;0.0;0.0;0.0
2017-10-11 01:45:00;11.2;0.0;0.0;0.0
2017-10-11 02:00:00;8.7;0.0;0.0;0.0
2017-10-11 02:15:00;9.0;0.0;0.0;0.0
2017-10-11 02:30:00;10.6;0.0;0.0;0.0
2017-10-11 02:45:00;13.5;0.0;0.0;0.0
2017-10-11 03:00:00;13.8;0.0;0.0;0.0
2017-10-11 03:15:00;13.1;0.0;0.0;0.0
2017-10-11 03:30:00;16.1;0.0;0.0;0.0
2017-10-11 03:45:00;19.1;0.0;0.0;0.0
2017-10-11 04:00:00;16.4;0.0;0.0;0.0
2017-10-11 04:15:00;18.4;0.0;1.0;0.0
2017-10-11 04:30:00;24.8;0.0;5.1;0.0
2017-10-11 04:45:00;19.5;0.0;0.0;0.0
2017-10-11 05:00:00;23.0;0.0;1.0;0.0
2017-10-11 05:15:00;28.3;0.0;0.7;0.0
2017-10-11 05:30:00;34.1;0.0;2.0;0.0
2017-10-11 05:45:00;29.4;0.0;0.0;0.0
2017-10-11 06:00:00;40.7;0.0;6.1;0.7
2017-10-11 06:15:00;37.2;0.0;3.0;0.0
2017-10-11 06:30:00;44.2;0.0;9.1;2.0
2017-10-11 06:45:00;32.7;0.0;1.0;0.0
2017-10-11 07:00:00;31.8;0.0;0.7;0.0
2017-10-11 07:15:00;31.5;0.0;3.0;0.0
2017-10-11 07:30:00;28.6;0.0;0.0;0.0
2017-10-11 07:45:00;23.7;0.0;0.0;0.0
2017-10-11 08:00:00;28.0;0.0;1.0;0.0
2017-10-11 08:15:00;30.8;0.0;0.0;0.0
2017-10-11 08:30:00;31.0;0.0;1.0;0.0
2017-10-11 08:45:00;23.3;0.0;0.0;0.0
2017-10-11 09:00:00;23.3;0.0;1.0;0.0
2017-10-11 09:15:00;25.8;0.0;3.0;0.0
2017-10-11 09:30:00;19.9;0.0;0.0;0.0
2017-10-11 09:45:00;19.9;0.0;0.0;0.0
2017-10-11 10:00:00;28.0;0.0;1.0;0.0
2017-10-11 10:15:00;29.7;0.0;2.0;0.0
2017-10-11 10:30:00;20.3;0.0;1.4;0.0
2017-10-11 10:45:00;12.3;0.0;0.0;0.0
2017-10-11 11:00:00;14.5;0.0;0.0;0.0
2017-10-11 11:15:00;12.7;0.0;0.0;0.0
2017-10-11 11:30:00;12.4;0.0;0.0;0.0
2017-10-11 11:45:00;19.4;0.0;2.0;0.0
2017-10-11 12:00:00;17.4;0.0;0.0;0.0
2017-10-11 12:15:00;31.5;0.0;0.7;0.0
2017-10-11 12:30:00;12.8;0.0;0.0;0.0
2017-10-11 12:45:00;19.5;0.0;3.0;0.0
2017-10-11 13:00:00;20.9;0.0;0.0;0.0
2017-10-11 13:15:00;14.2;0.0;2.0;0.0
2017-10-11 13:30:00;9.4;0.0;0.0;0.0
2017-10-11 13:45:00;6.0;0.0;0.0;0.0
2017-10-11 14:00:00;8.2;0.0;0.0;0.0
2017-10-11 14:15:00;9.9;0.0;0.0;0.0
2017-10-11 14:30:00;10.4;0.0;0.0;0.0
2017-10-11 14:45:00;16.4;0.0;5.1;0.0
2017-10-11 15:00:00;16.5;0.0;0.0;0.0
2017-10-11 15:15:00;10.2;0.0;0.0;0.0
2017-10-11 15:30:00;12.8;0.0;0.0;0.0
2017-10-11 15:45:00;12.5;0.0;0.0;0.0
2017-10-11 16:00:00;13.1;0.0;0.0;0.0
2017-10-11 16:15:00;13.0;0.0;0.0;0.0
2017-10-11 16:30:00;19.1;0.0;0.0;0.0
2017-10-11 16:45:00;27.5;0.0;3.0;0.0
2017-10-11 17:00:00;20.2;0.0;1.0;0.0
2017-10-11 17:15:00;20.8;0.0;0.0;0.0
2017-10-11 17:30:00;19.3;0.0;0.0;0.0
2017-10-11 17:45:00;22.9;0.0;1.0;0.0
2017-10-11 18:00:00;25.3;0.0;0.0;0.0
2017-10-11 18:15:00;27.7;0.0;3.0;0.0
2017-10-11 18:30:00;20.2;0.0;0.0;0.0
2017-10-11 18:45:00;28.0;0.0;1.0;0.0
2017-10-11 19:00:00;46.2;0.0;8.1;0.0
2017-10-11 19:15:00;55.4;2.0;25.0;2.0
2017-10-11 19:30:00;48.1;0.0;17.3;1.0
2017-10-11 19:45:00;35.8;0.0;4.1;0.0
2017-10-11 20:00:00;20.6;0.0;0.0;0.0
2017-10-11 20:15:00;24.5;0.0;0.0;0.0
2017-10-11 20:30:00;21.5;0.0;0.0;0.0
2017-10-11 20:45:00;16.0;0.0;0.0;0.0
2017-10-11 21:00:00;13.5;0.0;0.0;0.0
2017-10-11 21:15:00;9.6;0.0;0.0;0.0
2017-10-11 21:30:00;6.5;0.0;0.0;0.0
2017-10-11 21:45:00;4.8;0.0;0.0;0.0
2017-10-11 22:00:00;11.5;0.0;0.0;0.0
2017-10-11 22:15:00;21.4;0.0;0.0;0.0
2017-10-11 22:30:00;21.2;0.0;0.0;0.0
2017-10-11 22:45:00;26.0;0.0;0.0;0.0
2017-10-11 23:00:00;26.7;0.0;2.0;0.0
2017-10-11 23:15:00;27.1;0.0;0.0;0.0
2017-10-11 23:30:00;26.5;0.0;2.0;0.0
2017-10-11 23:45:00;25.4;0.0;0.0;0.0
2017-10-12 00:00:00;15.3;0.0;0.0;0.0
2017-10-12 00:15:00;6.0;0.0;0.0;0.0
2017-10-12 00:30:00;6.4;0.0;0.0;0.0
2017-10-12 00:45:00;9.8;0.0;0.0;0.0
2017-10-12 01:00:00;9.5;0.0;0.0;0.0
2017-10-12 01:15:00;15.1;0.0;0.0;0.0
2017-10-12 01:30:00;10.0;0.0;0.0;0.0
2017-10-12 01:45:00;14.5;0.0;0.0;0.0
2017-10-12 02:00:00;16.9;0.0;0.0;0.0
2017-10-12 02:15:00;22.0;0.0;0.0;0.0
2017-10-12 02:30:00;28.4;0.0;0.0;0.0
2017-10-12 02:45:00;32.5;0.0;3.0;0.0
2017-10-12 03:00:00;23.4;0.0;1.0;0.0
2017-10-12 03:15:00;15.8;0.0;0.0;0.0
2017-10-12 03:30:00;38.5;0.0;10.1;0.0
2017-10-12 03:45:00;47.0;0.0;6.1;0.0
2017-10-12 04:00:00;65.7;0.0;25.7;7.1
2017-10-12 04:15:00;70.4;2.0;51.8;2.0
2017-10-12 04:30:00;82.9;16.2;49.7;20.3
2017-10-12 04:45:00;82.1;25.7;57.9;39.9
2017-10-12 05:00:00;95.0;26.4;73.1;34.5
2017-10-12 05:15:00;123.7;59.9;107.6;76.1
2017-10-12 05:30:00;148.3;90.3;148.2;93.4
2017-10-12 05:45:00;110.5;57.9;100.1;52.8
2017-10-12 06:00:00;74.6;11.2;48.7;10.1
2017-10-12 06:15:00;61.7;3.0;22.3;4.1
2017-10-12 06:30:00;63.7;2.0;38.6;3.4
2017-10-12 06:45:00;96.4;26.4;53.8;11.2
2017-10-12 07:00:00;64.3;0.0;31.5;2.0
2017-10-12 07:15:00;70.4;7.1;29.4;9.1
2017-10-12 07:30:00;86.9;25.4;62.9;33.5
2017-10-12 07:45:00;71.0;5.1;44.7;10.1
2017-10-12 08:00:00;60.5;4.1;28.4;7.1
2017-10-12 08:15:00;50.7;1.4;23.3;8.8
2017-10-12 08:30:00;53.6;6.1;34.5;8.1
2017-10-12 08:45:00;62.0;10.1;41.6;25.4
2017-10-12 09:00:00;72.6;29.4;67.0;38.6
2017-10-12 09:15:00;76.8;8.1;68.3;16.2
2017-10-12 09:30:00;78.2;27.4;51.8;32.5
2017-10-12 09:45:00;64.9;19.3;26.4;28.4
2017-10-12 10:00:00;59.7;25.0;30.4;18.9
2017-10-12 10:15:00;94.9;55.8;67.0;56.8
2017-10-12 10:30:00;82.0;15.2;88.3;14.2
2017-10-12 10:45:00;29.5;0.0;15.2;0.0
2017-10-12 11:00:00;49.9;15.2;12.9;18.3
2017-10-12 11:15:00;29.2;1.0;0.0;3.0
2017-10-12 11:30:00;43.4;0.0;31.5;0.0
2017-10-12 11:45:00;28.9;2.0;0.0;4.1
2017-10-12 12:00:00;30.3;0.0;1.0;0.0
2017-10-12 12:15:00;42.8;13.2;25.4;18.3
2017-10-12 12:30:00;51.7;1.0;21.3;1.0
2017-10-12 12:45:00;41.4;6.1;37.9;3.0
2017-10-12 13:00:00;58.0;27.4;28.4;13.2
2017-10-12 13:15:00;79.5;28.4;95.4;34.5
2017-10-12 13:30:00;25.0;5.4;24.4;5.4
2017-10-12 13:45:00;12.0;0.0;0.0;0.0
2017-10-12 14:00:00;17.1;0.0;8.1;0.0
2017-10-12 14:15:00;16.0;0.0;1.0;0.0
2017-10-12 14:30:00;17.8;0.0;0.0;0.0
2017-10-12 14:45:00;19.1;0.0;2.0;0.0
2017-10-12 15:00:00;23.3;0.0;2.0;0.0
2017-10-12 15:15:00;28.5;0.0;12.2;0.0
2017-10-12 15:30:00;15.2;0.0;1.0;0.0
2017-10-12 15:45:00;11.6;0.0;0.0;0.0
2017-10-12 16:00:00;24.1;0.0;1.0;0.0
2017-10-12 16:15:00;24.6;0.0;2.7;0.0
2017-10-12 16:30:00;28.1;0.0;5.1;0.0
2017-10-12 16:45:00;36.8;0.0;14.2;0.0
2017-10-12 17:00:00;41.6;0.0;16.2;0.0
2017-10-12 17:15:00;48.6;0.0;23.3;0.0
2017-10-12 17:30:00;43.6;0.0;14.2;0.0
2017-10-12 17:45:00;45.6;0.0;12.2;0.0
2017-10-12 18:00:00;56.5;2.0;32.5;2.0
2017-10-12 18:15:00;62.4;4.1;39.6;7.1
2017-10-12 18:30:00;59.3;5.1;31.5;7.1
2017-10-12 18:45:00;51.7;1.4;18.3;2.0
2017-10-12 19:00:00;59.3;1.0;38.6;2.0
2017-10-12 19:15:00;47.4;0.0;13.2;2.0
2017-10-12 19:30:00;51.6;2.0;19.3;3.0
2017-10-12 19:45:00;71.4;13.2;37.2;17.3
2017-10-12 20:00:00;51.8;0.0;19.3;0.0
2017-10-12 20:15:00;51.9;0.0;25.4;0.0
2017-10-12 20:30:00;79.6;12.2;58.9;16.9
2017-10-12 20:45:00;73.0;4.1;45.7;11.2
2017-10-12 21:00:00;49.3;0.0;7.1;0.0
2017-10-12 21:15:00;47.3;0.0;6.1;0.0
2017-10-12 21:30:00;42.2;0.0;10.8;0.0
2017-10-12 21:45:00;28.0;0.0;1.0;0.0
2017-10-12 22:00:00;20.5;0.0;1.0;0.0
2017-10-12 22:15:00;10.4;0.0;0.0;0.0
2017-10-12 22:30:00;8.3;0.0;0.0;0.0
2017-10-12 22:45:00;7.2;0.0;0.0;0.0
2017-10-12 23:00:00;8.2;0.0;0.0;0.0
2017-10-12 23:15:00;7.5;0.0;0.0;0.0
2017-10-12 23:30:00;7.5;0.0;0.0;0.0
2017-10-12 23:45:00;8.9;0.0;0.0;0.0
2017-10-13 00:00:00;8.9;0.0;0.0;0.0
2017-10-13 00:15:00;7.4;0.0;0.0;0.0
2017-10-13 00:30:00;14.2;0.0;0.0;0.0
2017-10-13 00:45:00;12.1;0.0;0.0;0.0
2017-10-13 01:00:00;9.0;0.0;0.0;0.0
2017-10-13 01:15:00;5.7;0.0;0.0;0.0
2017-10-13 01:30:00;10.3;0.0;0.0;0.0
2017-10-13 01:45:00;18.4;0.0;1.0;0.0
2017-10-13 02:00:00;23.3;0.0;0.0;0.0
2017-10-13 02:15:00;33.2;0.0;1.0;0.0
2017-10-13 02:30:00;27.9;0.0;0.0;0.0
2017-10-13 02:45:00;20.8;0.0;0.0;0.0
2017-10-13 03:00:00;26.8;0.0;0.0;0.0
2017-10-13 03:15:00;44.8;0.0;8.1;0.0
2017-10-13 03:30:00;59.1;0.7;36.5;4.7
2017-10-13 03:45:00;29.5;0.0;1.0;0.0
2017-10-13 04:00:00;49.7;0.0;13.2;1.0
2017-10-13 04:15:00;27.2;0.0;2.0;0.0
2017-10-13 04:30:00;17.6;0.0;0.0;0.0
2017-10-13 04:45:00;24.8;0.0;1.0;0.0
2017-10-13 05:00:00;23.1;0.0;0.0;0.0
2017-10-13 05:15:00;25.9;0.0;1.0;0.0
2017-10-13 05:30:00;28.5;0.0;5.1;0.0
2017-10-13 05:45:00;26.7;0.0;0.0;0.0
2017-10-13 06:00:00;45.4;0.0;5.1;0.0
2017-10-13 06:15:00;43.3;0.0;2.0;0.0
2017-10-13 06:30:00;43.9;0.0;0.0;0.0
2017-10-13 06:45:00;45.9;0.0;0.0;0.0
2017-10-13 07:00:00;41.2;0.0;1.0;0.0
2017-10-13 07:15:00;41.4;0.0;2.0;0.0
2017-10-13 07:30:00;39.5;0.0;5.1;0.0
2017-10-13 07:45:00;41.2;0.0;7.1;0.0
2017-10-13 08:00:00;37.5;0.0;13.5;1.0
2017-10-13 08:15:00;32.5;0.0;8.1;0.0
2017-10-13 08:30:00;28.2;0.0;3.0;0.0
2017-10-13 08:45:00;21.1;0.0;3.0;0.0
2017-10-13 09:00:00;18.7;0.0;2.0;0.0
2017-10-13 09:15:00;19.5;0.0;2.0;0.0
2017-10-13 09:30:00;19.4;0.0;0.0;0.0
2017-10-13 09:45:00;32.3;0.0;12.2;0.0
2017-10-13 10:00:00;22.4;0.0;5.1;0.0
2017-10-13 10:15:00;16.2;0.0;0.0;0.0
2017-10-13 10:30:00;23.2;0.0;3.0;1.4
2017-10-13 10:45:00;14.4;0.0;0.0;0.0
2017-10-13 11:00:00;10.1;0.0;0.0;0.0
2017-10-13 11:15:00;7.2;0.0;0.0;0.0
2017-10-13 11:30:00;12.4;0.0;1.4;0.0
2017-10-13 11:45:00;22.0;0.0;8.1;2.0
2017-10-13 12:00:00;56.7;26.4;46.7;18.3
2017-10-13 12:15:00;30.7;0.0;43.6;0.0
2017-10-13 12:30:00;68.8;11.2;84.2;24.4
2017-10-13 12:45:00;12.8;0.0;0.0;0.0
2017-10-13 13:00:00;14.3;0.0;1.0;0.0
2017-10-13 13:15:00;36.2;16.2;19.6;13.2
2017-10-13 13:30:00;27.5;20.3;5.1;14.2
2017-10-13 13:45:00;88.6;48.7;80.2;42.6
2017-10-13 14:00:00;90.3;60.9;93.4;51.4
2017-10-13 14:15:00;121.5;83.2;120.8;91.3
2017-10-13 14:30:00;66.0;27.4;54.8;30.4
2017-10-13 14:45:00;56.3;23.3;12.2;25.4
2017-10-13 15:00:00;93.5;74.1;55.5;59.9
2017-10-13 15:15:00;29.9;0.0;33.5;0.0
2017-10-13 15:30:00;33.0;17.3;25.4;20.3
2017-10-13 15:45:00;17.6;0.0;9.1;0.0
2017-10-13 16:00:00;13.6;0.0;0.0;0.0
2017-10-13 16:15:00;13.8;0.0;0.0;0.0
2017-10-13 16:30:00;13.1;0.0;0.0;0.0
2017-10-13 16:45:00;21.0;0.0;1.4;0.0
2017-10-13 17:00:00;33.1;0.0;2.0;0.0
2017-10-13 17:15:00;56.9;0.0;18.3;2.0
2017-10-13 17:30:00;128.3;66.3;125.9;57.5
2017-10-13 17:45:00;120.6;70.0;127.9;41.6
2017-10-13 18:00:00;143.3;92.4;138.0;103.5
2017-10-13 18:15:00;131.8;90.3;120.8;105.6
2017-10-13 18:30:00;141.2;95.4;127.9;108.6
2017-10-13 18:45:00;125.6;80.2;118.8;91.3
2017-10-13 19:00:00;112.6;63.9;101.5;73.1
2017-10-13 19:15:00;96.4;33.8;95.4;37.2
2017-10-13 19:30:00;91.6;36.5;82.2;35.5
2017-10-13 19:45:00;89.6;21.3;71.0;27.4
2017-10-13 20:00:00;81.6;17.3;61.9;17.3
2017-10-13 20:15:00;83.7;18.3;65.6;31.5
2017-10-13 20:30:00;85.4;16.2;65.0;23.3
2017-10-13 20:45:00;80.2;12.2;54.8;9.1
2017-10-13 21:00:00;77.0;9.5;47.7;12.9
2017-10-13 21:15:00;75.0;8.1;50.8;4.1
2017-10-13 21:30:00;82.7;15.2;55.8;10.1
2017-10-13 21:45:00;75.1;9.1;41.6;7.1
2017-10-13 22:00:00;69.6;3.0;39.9;4.1
2017-10-13 22:15:00;71.9;8.1;36.5;8.1
2017-10-13 22:30:00;76.2;11.2;45.7;11.2
2017-10-13 22:45:00;65.7;3.4;27.4;3.4
2017-10-13 23:00:00;62.4;2.0;22.3;1.0
2017-10-13 23:15:00;54.9;0.0;14.2;0.0
2017-10-13 23:30:00;58.8;0.0;15.2;0.0
2017-10-13 23:45:00;56.1;0.0;13.5;0.0
2017-10-14 00:00:00;57.6;0.0;13.2;0.0
2017-10-14 00:15:00;61.1;0.0;17.3;0.0
2017-10-14 00:30:00;54.5;0.0;10.1;0.0
2017-10-14 00:45:00;46.7;0.0;3.0;0.0
2017-10-14 01:00:00;45.3;0.0;4.1;0.0
2017-10-14 01:15:00;37.5;0.0;1.0;0.0
2017-10-14 01:30:00;43.2;0.0;2.7;0.0
2017-10-14 01:45:00;41.7;0.0;2.0;0.0
2017-10-14 02:00:00;33.6;0.0;0.0;0.0
2017-10-14 02:15:00;39.7;0.0;1.0;0.0
2017-10-14 02:30:00;32.5;0.0;1.0;0.0
2017-10-14 02:45:00;39.3;0.0;1.0;0.0
2017-10-14 03:00:00;44.7;0.0;4.1;0.0
2017-10-14 03:15:00;47.3;0.0;4.7;0.0
2017-10-14 03:30:00;41.1;0.0;3.0;0.0
2017-10-14 03:45:00;42.1;0.0;5.1;0.0
2017-10-14 04:00:00;40.8;0.0;5.1;0.0
2017-10-14 04:15:00;40.2;0.0;2.0;0.0
2017-10-14 04:30:00;40.1;0.0;6.1;0.0
2017-10-14 04:45:00;35.5;0.0;2.0;0.0
2017-10-14 05:00:00;43.7;0.0;4.1;0.0
2017-10-14 05:15:00;46.5;0.0;9.1;0.0
2017-10-14 05:30:00;51.3;0.0;4.1;0.0
2017-10-14 05:45:00;54.8;0.0;27.4;0.0
2017-10-14 06:00:00;53.5;0.0;12.2;0.0
2017-10-14 06:15:00;58.3;1.0;25.4;1.0
2017-10-14 06:30:00;52.4;7.1;11.2;1.0
2017-10-14 06:45:00;67.6;8.1;27.7;2.0
2017-10-14 07:00:00;62.0;1.0;31.5;2.0
2017-10-14 07:15:00;50.2;1.0;16.2;1.0
2017-10-14 07:30:00;62.1;2.0;33.5;1.4
2017-10-14 07:45:00;35.9;0.0;3.0;0.0
2017-10-14 08:00:00;36.9;0.0;7.1;0.0
2017-10-14 08:15:00;38.6;0.0;9.1;0.0
2017-10-14 08:30:00;29.5;0.0;1.4;0.0
2017-10-14 08:45:00;37.2;0.0;12.2;0.0
2017-10-14 09:00:00;33.2;0.0;1.0;0.0
2017-10-14 09:15:00;37.1;0.0;8.1;0.0
2017-10-14 09:30:00;36.0;0.0;6.1;0.0
2017-10-14 09:45:00;37.8;0.0;5.1;0.0
2017-10-14 10:00:00;24.2;0.0;0.0;0.0
2017-10-14 10:15:00;34.4;0.0;12.2;0.0
2017-10-14 10:30:00;42.9;0.0;39.6;2.0
2017-10-14 10:45:00;26.1;0.0;4.1;0.0
2017-10-14 11:00:00;30.8;0.0;39.6;0.0
2017-10-14 11:15:00;28.4;0.0;15.2;2.0
2017-10-14 11:30:00;14.2;0.0;1.0;0.0
2017-10-14 11:45:00;14.1;0.0;0.0;0.0
2017-10-14 12:00:00;15.0;0.0;0.7;0.0
2017-10-14 12:15:00;16.7;0.0;1.0;0.0
2017-10-14 12:30:00;13.1;0.0;0.0;0.0
2017-10-14 12:45:00;15.9;0.0;0.0;0.0
2017-10-14 13:00:00;19.5;0.0;3.0;0.0
2017-10-14 13:15:00;22.6;0.0;4.1;0.0
2017-10-14 13:30:00;46.4;1.0;91.3;0.0
2017-10-14 13:45:00;34.1;2.0;14.2;0.0
2017-10-14 14:00:00;48.4;16.2;37.6;11.2
2017-10-14 14:15:00;16.9;0.0;1.0;0.0
2017-10-14 14:30:00;56.4;16.9;48.7;18.3
2017-10-14 14:45:00;15.3;0.0;3.0;0.0
2017-10-14 15:00:00;24.5;0.0;23.3;0.0
2017-10-14 15:15:00;27.5;1.0;0.0;0.0
2017-10-14 15:30:00;29.7;5.1;19.6;0.0
2017-10-14 15:45:00;18.1;0.0;1.0;0.0
2017-10-14 16:00:00;31.1;0.0;8.1;0.0
2017-10-14 16:15:00;33.2;0.7;18.3;0.0
2017-10-14 16:30:00;35.9;0.0;36.5;0.0
2017-10-14 16:45:00;59.9;7.1;67.0;6.1
2017-10-14 17:00:00;77.9;26.4;65.0;12.2
2017-10-14 17:15:00;147.6;116.7;137.4;95.4
2017-10-14 17:30:00;155.7;98.5;162.4;100.5
2017-10-14 17:45:00;174.9;108.6;163.4;112.7
2017-10-14 18:00:00;157.0;121.8;138.0;120.4
2017-10-14 18:15:00;123.8;68.0;114.7;71.0
2017-10-14 18:30:00;103.6;49.7;92.4;45.7
2017-10-14 18:45:00;106.6;50.8;99.5;42.6
2017-10-14 19:00:00;100.6;43.6;85.3;38.6
2017-10-14 19:15:00;100.2;40.6;79.2;44.7
2017-10-14 19:30:00;88.3;20.3;61.9;27.4
2017-10-14 19:45:00;98.7;31.8;83.2;20.3
2017-10-14 20:00:00;87.3;25.4;58.9;16.2
2017-10-14 20:15:00;85.9;17.3;71.0;17.3
2017-10-14 20:30:00;88.8;20.3;63.9;14.2
2017-10-14 20:45:00;84.4;8.1;60.2;12.2
2017-10-14 21:00:00;82.0;14.2;47.7;10.1
2017-10-14 21:15:00;88.1;8.1;71.0;4.1
2017-10-14 21:30:00;72.4;5.4;29.4;4.7
2017-10-14 21:45:00;87.7;13.2;60.9;11.2
2017-10-14 22:00:00;97.6;34.5;75.1;32.5
2017-10-14 22:15:00;93.9;18.3;66.0;16.2
2017-10-14 22:30:00;87.9;18.3;56.2;17.3
2017-10-14 22:45:00;83.9;5.1;52.8;3.0
2017-10-14 23:00:00;85.8;15.2;46.7;10.1
2017-10-14 23:15:00;79.9;4.1;51.8;5.4
2017-10-14 23:30:00;72.6;3.0;40.6;2.0
2017-10-14 23:45:00;65.4;0.0;42.6;0.0
2017-10-15 00:00:00;80.3;4.1;60.9;4.1
2017-10-15 00:15:00;65.3;1.0;27.1;2.0
2017-10-15 00:30:00;51.8;0.0;13.2;0.0
2017-10-15 00:45:00;64.3;0.0;26.4;1.0
2017-10-15 01:00:00;64.8;0.0;22.3;0.7
2017-10-15 01:15:00;57.8;0.0;11.2;1.0
2017-10-15 01:30:00;56.0;0.0;13.2;0.0
2017-10-15 01:45:00;59.2;0.0;11.2;0.0
2017-10-15 02:00:00;49.8;0.0;6.8;0.0
2017-10-15 02:15:00;53.8;0.0;7.1;0.0
2017-10-15 02:30:00;46.6;0.0;5.1;0.0
2017-10-15 02:45:00;52.5;0.0;8.1;0.0
2017-10-15 03:00:00;48.5;0.0;9.1;0.0
2017-10-15 03:15:00;48.5;0.0;1.0;0.0
2017-10-15 03:30:00;59.3;0.0;8.1;0.0
2017-10-15 03:45:00;53.1;0.0;10.8;0.0
2017-10-15 04:00:00;50.8;0.0;1.0;0.0
2017-10-15 04:15:00;52.8;0.0;15.2;0.0
2017-10-15 04:30:00;45.5;0.0;4.1;0.0
2017-10-15 04:45:00;62.0;1.0;14.2;0.0
2017-10-15 05:00:00;57.1;0.0;21.3;0.0
2017-10-15 05:15:00;56.5;0.0;16.2;0.0
2017-10-15 05:30:00;55.2;0.0;13.5;0.0
2017-10-15 05:45:00;63.7;0.0;29.4;0.0
2017-10-15 06:00:00;43.7;0.0;7.1;0.0
2017-10-15 06:15:00;41.8;0.0;3.0;0.0
2017-10-15 06:30:00;49.8;0.0;22.3;0.0
2017-10-15 06:45:00;38.7;0.0;8.1;0.0
2017-10-15 07:00:00;52.4;0.0;12.2;0.0
2017-10-15 07:15:00;73.0;4.1;39.9;4.1
2017-10-15 07:30:00;66.7;0.0;17.3;0.0
2017-10-15 07:45:00;43.0;0.0;8.1;0.0
2017-10-15 08:00:00;55.2;2.7;23.3;2.7
2017-10-15 08:15:00;55.5;0.0;20.3;3.0
2017-10-15 08:30:00;57.9;2.0;32.5;2.0
2017-10-15 08:45:00;62.2;1.0;34.5;7.1
2017-10-15 09:00:00;37.8;1.0;18.3;3.0
2017-10-15 09:15:00;19.0;0.0;0.0;0.0
2017-10-15 09:30:00;16.3;0.0;0.0;0.0
2017-10-15 09:45:00;19.7;0.0;7.1;0.0
2017-10-15 10:00:00;17.2;0.0;1.0;0.0
2017-10-15 10:15:00;16.1;0.0;0.0;0.0
2017-10-15 10:30:00;18.1;0.0;0.0;0.0
2017-10-15 10:45:00;17.0;0.0;0.0;0.0
2017-10-15 11:00:00;15.3;0.0;0.0;0.0
2017-10-15 11:15:00;15.3;0.0;0.0;0.0
2017-10-15 11:30:00;13.4;0.0;0.0;0.0
2017-10-15 11:45:00;15.4;0.0;0.0;0.0
2017-10-15 12:00:00;13.6;0.0;0.0;0.0
2017-10-15 12:15:00;12.5;0.0;0.0;0.0
2017-10-15 12:30:00;11.6;0.0;0.0;0.0
2017-10-15 12:45:00;10.5;0.0;0.0;0.0
2017-10-15 13:00:00;8.6;0.0;0.0;0.0
2017-10-15 13:15:00;9.1;0.0;0.0;0.0
2017-10-15 13:30:00;9.8;0.0;0.0;0.0
2017-10-15 13:45:00;6.8;0.0;0.0;0.0
2017-10-15 14:00:00;7.1;0.0;0.0;0.0
2017-10-15 14:15:00;7.1;0.0;0.0;0.0
2017-10-15 14:30:00;7.0;0.0;0.0;0.0
2017-10-15 14:45:00;9.7;0.0;0.0;0.0
2017-10-15 15:00:00;9.5;0.0;0.0;0.0
2017-10-15 15:15:00;12.2;0.0;0.0;0.0
2017-10-15 15:30:00;13.2;0.0;0.0;0.0
2017-10-15 15:45:00;13.8;0.0;0.0;0.0
2017-10-15 16:00:00;17.8;0.0;0.0;0.0
2017-10-15 16:15:00;27.2;0.0;2.0;0.0
2017-10-15 16:30:00;26.9;0.0;1.0;0.0
2017-10-15 16:45:00;30.5;0.0;4.1;0.0
2017-10-15 17:00:00;44.9;1.0;14.2;0.0
2017-10-15 17:15:00;63.5;11.2;34.5;14.2
2017-10-15 17:30:00;46.8;3.0;29.4;8.1
2017-10-15 17:45:00;38.8;0.0;21.7;0.0
2017-10-15 18:00:00;27.5;0.0;2.0;0.0
2017-10-15 18:15:00;22.3;0.0;1.0;0.0
2017-10-15 18:30:00;21.8;0.0;2.0;0.0
2017-10-15 18:45:00;23.0;0.0;0.0;0.0
2017-10-15 19:00:00;24.2;0.0;0.0;0.0
2017-10-15 19:15:00;29.5;0.0;5.1;0.0
2017-10-15 19:30:00;92.9;31.5;65.0;24.4
2017-10-15 19:45:00;89.2;21.3;75.1;21.3
2017-10-15 20:00:00;50.5;6.1;28.4;5.1
2017-10-15 20:15:00;54.9;2.7;22.3;5.4
2017-10-15 20:30:00;36.9;0.0;10.1;0.0
2017-10-15 20:45:00;28.1;0.0;2.0;0.0
2017-10-15 21:00:00;41.5;0.0;13.2;0.0
2017-10-15 21:15:00;59.6;7.1;25.7;7.1
2017-10-15 21:30:00;82.2;11.2;53.8;9.1
2017-10-15 21:45:00;66.8;11.2;27.4;6.1
2017-10-15 22:00:00;36.9;0.0;3.0;0.0
2017-10-15 22:15:00;25.5;0.0;0.0;0.0
2017-10-15 22:30:00;43.5;0.0;7.1;0.0
2017-10-15 22:45:00;49.5;0.0;7.1;2.0
2017-10-15 23:00:00;35.8;0.0;2.7;0.0
2017-10-15 23:15:00;39.1;0.0;3.0;0.0
2017-10-15 23:30:00;56.0;0.0;15.2;0.0
2017-10-15 23:45:00;52.1;0.0;11.2;0.0
2017-10-16 00:00:00;50.2;0.0;9.1;0.0
2017-10-16 00:15:00;43.2;0.0;6.1;0.0
2017-10-16 00:30:00;22.8;0.0;0.0;0.0
2017-10-16 00:45:00;33.9;0.0;4.7;0.0
2017-10-16 01:00:00;49.1;0.0;5.1;0.0
2017-10-16 01:15:00;46.0;0.0;6.1;0.0
2017-10-16 01:30:00;32.6;0.0;1.0;0.0
2017-10-16 01:45:00;50.2;0.0;6.1;0.0
2017-10-16 02:00:00;35.8;0.0;2.0;0.0
2017-10-16 02:15:00;37.2;0.0;5.1;0.0
2017-10-16 02:30:00;26.6;0.0;0.0;0.0
2017-10-16 02:45:00;58.8;0.0;25.4;0.0
2017-10-16 03:00:00;37.8;0.0;3.0;0.0
2017-10-16 03:15:00;44.9;0.0;17.3;1.4
2017-10-16 03:30:00;66.1;6.1;24.4;7.1
2017-10-16 03:45:00;102.5;44.7;78.2;26.4
2017-10-16 04:00:00;95.6;38.6;86.3;36.5
2017-10-16 04:15:00;66.5;10.1;60.2;14.2
2017-10-16 04:30:00;76.7;16.2;48.7;23.3
2017-10-16 04:45:00;61.4;4.1;37.6;5.1
2017-10-16 05:00:00;31.0;0.0;7.1;0.0
2017-10-16 05:15:00;35.6;0.0;16.2;0.0
2017-10-16 05:30:00;61.5;6.1;31.5;1.0
2017-10-16 05:45:00;126.1;67.0;94.4;48.7
2017-10-16 06:00:00;102.0;49.7;97.4;33.5
2017-10-16 06:15:00;43.0;0.0;15.2;0.0
2017-10-16 06:30:00;43.2;0.0;10.1;0.0
2017-10-16 06:45:00;44.8;0.0;6.1;0.0
2017-10-16 07:00:00;37.8;0.0;3.0;0.0
2017-10-16 07:15:00;38.3;0.0;1.0;0.0
2017-10-16 07:30:00;34.1;0.0;2.0;0.0
2017-10-16 07:45:00;27.6;0.0;1.4;0.0
2017-10-16 08:00:00;18.7;0.0;0.0;0.0
2017-10-16 08:15:00;19.1;0.0;0.0;0.0
2017-10-16 08:30:00;18.3;0.0;0.0;0.0
2017-10-16 08:45:00;19.5;0.0;0.0;0.0
2017-10-16 09:00:00;17.1;0.0;0.0;0.0
2017-10-16 09:15:00;17.6;0.0;0.0;0.0
2017-10-16 09:30:00;16.3;0.0;0.0;0.0
2017-10-16 09:45:00;18.0;0.0;0.0;0.0
2017-10-16 10:00:00;14.1;0.0;0.0;0.0
2017-10-16 10:15:00;12.4;0.0;0.0;0.0
2017-10-16 10:30:00;12.9;0.0;0.0;0.0
2017-10-16 10:45:00;13.0;0.0;0.0;0.0
2017-10-16 11:00:00;12.4;0.0;0.0;0.0
2017-10-16 11:15:00;11.2;0.0;0.0;0.0
2017-10-16 11:30:00;8.4;0.0;0.0;0.0
2017-10-16 11:45:00;9.4;0.0;0.0;0.0
2017-10-16 12:00:00;12.0;0.0;1.0;0.0
2017-10-16 12:15:00;8.2;0.0;0.0;0.0
2017-10-16 12:30:00;8.1;0.0;0.0;0.0
2017-10-16 12:45:00;10.6;0.0;0.0;0.0
2017-10-16 13:00:00;10.1;0.0;0.0;0.0
2017-10-16 13:15:00;10.0;0.0;0.0;0.0
2017-10-16 13:30:00;7.9;0.0;0.0;0.0
2017-10-16 13:45:00;8.2;0.0;0.0;0.0
2017-10-16 14:00:00;11.8;0.0;0.0;0.0
2017-10-16 14:15:00;26.9;0.0;1.0;0.0
2017-10-16 14:30:00;27.9;0.0;3.0;0.0
2017-10-16 14:45:00;26.3;0.0;10.1;0.0
2017-10-16 15:00:00;30.2;0.0;16.2;0.0
2017-10-16 15:15:00;39.2;0.0;17.3;0.0
2017-10-16 15:30:00;49.3;3.4;24.4;2.7
2017-10-16 15:45:00;42.6;3.0;17.3;0.0
2017-10-16 16:00:00;43.5;3.0;25.4;3.0
2017-10-16 16:15:00;45.4;3.0;14.2;5.1
2017-10-16 16:30:00;41.7;0.0;34.5;0.0
2017-10-16 16:45:00;41.3;5.1;8.1;0.0
2017-10-16 17:00:00;60.7;1.0;48.7;2.0
2017-10-16 17:15:00;49.2;3.4;19.3;2.7
2017-10-16 17:30:00;60.7;9.1;40.6;10.1
2017-10-16 17:45:00;63.2;4.1;37.6;5.1
2017-10-16 18:00:00;65.7;9.1;43.6;9.1
2017-10-16 18:15:00;45.9;0.0;13.5;0.0
2017-10-16 18:30:00;40.7;0.0;7.1;0.0
2017-10-16 18:45:00;50.0;1.0;23.3;2.0
2017-10-16 19:00:00;50.4;0.7;23.3;1.4
2017-10-16 19:15:00;54.4;1.0;27.4;2.0
2017-10-16 19:30:00;41.2;0.0;11.2;0.0
2017-10-16 19:45:00;25.9;0.0;1.0;0.0
2017-10-16 20:00:00;32.8;0.0;4.1;0.0
2017-10-16 20:15:00;38.5;0.0;5.1;0.0
2017-10-16 20:30:00;45.3;0.0;11.2;3.0
2017-10-16 20:45:00;44.9;0.0;10.1;0.7
2017-10-16 21:00:00;30.6;0.0;0.0;0.0
2017-10-16 21:15:00;41.0;0.0;5.1;0.0
2017-10-16 21:30:00;23.9;0.0;0.0;0.0
2017-10-16 21:45:00;24.0;0.0;1.4;0.0
2017-10-16 22:00:00;18.2;0.0;1.0;0.0
2017-10-16 22:15:00;12.7;0.0;0.0;0.0
2017-10-16 22:30:00;12.9;0.0;0.0;0.0
2017-10-16 22:45:00;22.8;0.0;0.0;0.0
2017-10-16 23:00:00;22.1;0.0;0.0;0.0
2017-10-16 23:15:00;9.8;0.0;0.0;0.0
2017-10-16 23:30:00;18.1;0.0;0.0;0.0
2017-10-16 23:45:00;22.4;0.0;0.0;0.0
2017-10-17 00:00:00;21.0;0.0;1.0;0.0
2017-10-17 00:15:00;25.8;0.0;1.0;0.0
2017-10-17 00:30:00;22.6;0.0;0.0;0.0
2017-10-17 00:45:00;26.5;0.0;0.0;0.0
2017-10-17 01:00:00;29.5;0.0;0.0;0.0
2017-10-17 01:15:00;35.4;0.0;0.7;0.0
2017-10-17 01:30:00;25.1;0.0;0.0;0.0
2017-10-17 01:45:00;42.2;0.0;3.0;0.0
2017-10-17 02:00:00;44.4;0.0;7.1;0.0
2017-10-17 02:15:00;41.0;0.0;7.1;0.0
2017-10-17 02:30:00;16.3;0.0;0.0;0.0
2017-10-17 02:45:00;25.3;0.0;0.0;0.0
2017-10-17 03:00:00;34.6;0.0;10.1;0.0
2017-10-17 03:15:00;69.1;1.0;33.5;3.0
2017-10-17 03:30:00;66.6;2.0;26.4;3.0
2017-10-17 03:45:00;78.3;6.1;41.6;12.9
2017-10-17 04:00:00;76.1;7.1;39.6;6.1
2017-10-17 04:15:00;88.4;20.3;51.8;17.3
2017-10-17 04:30:00;81.8;11.2;52.8;9.1
2017-10-17 04:45:00;53.7;1.0;31.8;0.0
2017-10-17 05:00:00;44.1;0.0;8.1;0.0
2017-10-17 05:15:00;48.2;0.0;9.1;0.0
2017-10-17 05:30:00;47.9;0.0;20.3;0.0
2017-10-17 05:45:00;42.0;0.0;4.1;0.0
2017-10-17 06:00:00;40.5;0.0;0.0;0.0
2017-10-17 06:15:00;49.9;0.0;2.0;0.0
2017-10-17 06:30:00;56.8;0.0;23.0;0.0
2017-10-17 06:45:00;110.9;26.4;105.6;24.4
2017-10-17 07:00:00;132.9;62.9;105.6;61.9
2017-10-17 07:15:00;130.0;67.7;113.7;63.6
2017-10-17 07:30:00;119.9;68.0;102.5;65.0
2017-10-17 07:45:00;92.2;20.3;82.2;25.4
2017-10-17 08:00:00;74.7;10.1;41.6;11.2
2017-10-17 08:15:00;88.4;21.3;71.0;14.2
2017-10-17 08:30:00;70.3;12.2;33.5;15.2
2017-10-17 08:45:00;52.5;0.0;21.3;1.0
2017-10-17 09:00:00;51.2;0.0;22.3;0.0
2017-10-17 09:15:00;47.0;0.0;16.2;0.0
2017-10-17 09:30:00;61.9;4.1;33.5;4.1
2017-10-17 09:45:00;80.7;19.3;51.8;9.1
2017-10-17 10:00:00;81.8;15.2;71.0;9.1
2017-10-17 10:15:00;96.1;36.5;81.2;35.5
2017-10-17 10:30:00;93.0;32.5;80.2;22.3
2017-10-17 10:45:00;75.4;8.8;69.0;9.5
2017-10-17 11:00:00;67.1;2.0;51.8;0.0
2017-10-17 11:15:00;58.4;0.0;61.9;2.0
2017-10-17 11:30:00;61.1;15.2;36.5;5.1
2017-10-17 11:45:00;50.2;3.0;16.2;17.3
2017-10-17 12:00:00;58.9;26.4;26.4;9.1
2017-10-17 12:15:00;41.3;1.0;39.6;4.1
2017-10-17 12:30:00;30.7;0.0;25.4;0.0
2017-10-17 12:45:00;50.1;16.2;21.3;5.1
2017-10-17 13:00:00;92.5;49.7;91.3;54.8
2017-10-17 13:15:00;89.4;39.6;85.3;45.7
2017-10-17 13:30:00;68.9;19.3;56.2;20.3
2017-10-17 13:45:00;69.9;47.7;47.7;37.6
2017-10-17 14:00:00;61.4;10.1;76.1;9.1
2017-10-17 14:15:00;54.8;18.3;34.5;12.9
2017-10-17 14:30:00;99.7;52.8;98.5;62.9
2017-10-17 14:45:00;43.7;3.0;50.7;2.0
2017-10-17 15:00:00;40.2;0.0;44.7;0.0
2017-10-17 15:15:00;91.8;33.5;72.4;18.3
2017-10-17 15:30:00;122.1;69.0;125.9;56.8
2017-10-17 15:45:00;141.3;86.3;139.1;82.2
2017-10-17 16:00:00;130.0;90.0;117.7;77.1
2017-10-17 16:15:00;158.0;114.7;158.3;101.5
2017-10-17 16:30:00;152.0;96.4;155.3;94.4
2017-10-17 16:45:00;140.6;90.3;124.8;91.3
2017-10-17 17:00:00;134.6;92.4;130.6;94.4
2017-10-17 17:15:00;120.6;55.8;124.8;69.0
2017-10-17 17:30:00;112.2;57.9;105.6;60.9
2017-10-17 17:45:00;122.9;65.0;111.6;64.3
2017-10-17 18:00:00;93.4;28.4;95.4;36.5
2017-10-17 18:15:00;85.7;27.4;66.0;16.2
2017-10-17 18:30:00;86.4;24.4;60.9;23.3
2017-10-17 18:45:00;81.2;21.3;61.6;11.2
2017-10-17 19:00:00;82.8;18.3;57.9;15.2
2017-10-17 19:15:00;70.7;4.1;47.7;3.0
2017-10-17 19:30:00;75.1;11.5;51.8;6.8
2017-10-17 19:45:00;58.6;1.0;20.3;1.0
2017-10-17 20:00:00;58.1;3.0;17.3;4.1
2017-10-17 20:15:00;34.8;0.0;6.1;0.0
2017-10-17 20:30:00;28.0;0.0;5.4;0.0
2017-10-17 20:45:00;48.6;0.0;7.1;0.0
2017-10-17 21:00:00;32.3;0.0;2.0;0.0
2017-10-17 21:15:00;38.2;0.0;3.0;0.0
2017-10-17 21:30:00;40.1;0.0;5.1;0.0
2017-10-17 21:45:00;46.4;0.0;6.1;0.0
2017-10-17 22:00:00;42.5;0.0;4.1;0.0
2017-10-17 22:15:00;43.7;0.0;5.4;0.0
2017-10-17 22:30:00;39.6;0.0;3.0;0.0
2017-10-17 22:45:00;41.3;0.0;6.1;0.0
2017-10-17 23:00:00;32.0;0.0;0.0;0.0
2017-10-17 23:15:00;34.7;0.0;1.0;0.0
2017-10-17 23:30:00;39.0;0.0;3.0;0.0
2017-10-17 23:45:00;36.0;0.0;1.0;0.0
2017-10-18 00:00:00;34.3;0.0;1.4;0.0
2017-10-18 00:15:00;37.1;0.0;0.0;0.0
2017-10-18 00:30:00;36.9;0.0;0.0;0.0
2017-10-18 00:45:00;35.6;0.0;2.0;0.0
2017-10-18 01:00:00;34.5;0.0;1.0;0.0
2017-10-18 01:15:00;31.7;0.0;0.0;0.0
2017-10-18 01:30:00;30.9;0.0;0.0;0.0
2017-10-18 01:45:00;34.0;0.0;0.7;0.0
2017-10-18 02:00:00;32.0;0.0;1.0;0.0
2017-10-18 02:15:00;38.9;0.0;2.0;0.0
2017-10-18 02:30:00;35.7;0.0;4.1;0.0
2017-10-18 02:45:00;37.3;0.0;4.1;0.0
2017-10-18 03:00:00;35.3;0.0;1.0;0.0
2017-10-18 03:15:00;29.4;0.0;0.0;0.0
2017-10-18 03:30:00;28.2;0.0;0.0;0.0
2017-10-18 03:45:00;30.1;0.0;2.0;0.0
2017-10-18 04:00:00;27.9;0.0;0.0;0.0
2017-10-18 04:15:00;24.8;0.0;0.0;0.0
2017-10-18 04:30:00;28.3;0.0;0.0;0.0
2017-10-18 04:45:00;33.2;0.0;3.0;0.0
2017-10-18 05:00:00;38.8;0.0;2.0;0.0
2017-10-18 05:15:00;34.5;0.0;8.8;0.0
2017-10-18 05:30:00;49.2;0.0;11.2;0.0
2017-10-18 05:45:00;48.4;0.0;9.1;0.0
2017-10-18 06:00:00;42.7;0.0;11.2;0.0
2017-10-18 06:15:00;40.0;0.0;10.1;0.0
2017-10-18 06:30:00;39.1;0.0;1.0;0.0
2017-10-18 06:45:00;35.4;0.0;1.0;0.0
2017-10-18 07:00:00;36.8;0.0;0.7;0.0
2017-10-18 07:15:00;35.0;0.0;0.0;0.0
2017-10-18 07:30:00;32.9;0.0;0.0;0.0
2017-10-18 07:45:00;30.4;0.0;0.0;0.0
2017-10-18 08:00:00;30.2;0.0;0.0;0.0
2017-10-18 08:15:00;30.9;0.0;0.0;0.0
2017-10-18 08:30:00;31.3;0.0;0.0;0.0
2017-10-18 08:45:00;36.9;0.0;3.4;0.0
2017-10-18 09:00:00;65.3;7.1;48.7;1.0
2017-10-18 09:15:00;68.2;6.1;24.4;17.3
2017-10-18 09:30:00;52.7;1.4;22.3;2.0
2017-10-18 09:45:00;39.8;0.0;12.2;0.0
2017-10-18 10:00:00;47.6;0.0;18.3;0.0
2017-10-18 10:15:00;41.1;0.0;16.2;0.0
2017-10-18 10:30:00;38.4;0.0;5.4;0.0
2017-10-18 10:45:00;34.9;0.0;6.1;0.0
2017-10-18 11:00:00;31.1;0.0;2.0;0.0
2017-10-18 11:15:00;34.9;0.0;5.1;0.0
2017-10-18 11:30:00;33.3;0.0;6.1;0.0
2017-10-18 11:45:00;31.1;0.0;7.1;0.0
2017-10-18 12:00:00;32.0;0.0;1.0;0.0
2017-10-18 12:15:00;29.3;0.0;0.7;0.0
2017-10-18 12:30:00;22.7;0.0;2.0;0.0
2017-10-18 12:45:00;19.2;0.0;1.0;0.0
2017-10-18 13:00:00;21.9;0.0;3.0;0.0
2017-10-18 13:15:00;25.9;0.0;5.1;1.0
2017-10-18 13:30:00;20.0;0.0;3.0;0.0
2017-10-18 13:45:00;23.0;0.0;4.1;0.0
2017-10-18 14:00:00;27.8;0.0;8.8;0.0
2017-10-18 14:15:00;23.1;0.0;1.0;0.0
2017-10-18 14:30:00;21.3;0.0;1.0;0.0
2017-10-18 14:45:00;20.0;0.0;0.0;0.0
2017-10-18 15:00:00;22.0;0.0;2.0;0.0
2017-10-18 15:15:00;26.7;0.0;0.0;0.0
2017-10-18 15:30:00;35.0;0.0;19.3;0.0
2017-10-18 15:45:00;22.4;0.0;0.0;0.0
2017-10-18 16:00:00;24.0;0.0;2.0;0.0
2017-10-18 16:15:00;21.9;0.0;0.0;0.0
2017-10-18 16:30:00;28.6;0.0;2.0;0.0
2017-10-18 16:45:00;33.7;0.0;7.1;0.0
2017-10-18 17:00:00;45.6;3.0;22.3;6.1
2017-10-18 17:15:00;55.7;4.1;48.7;5.1
2017-10-18 17:30:00;70.7;12.2;51.4;14.2
2017-10-18 17:45:00;55.5;3.0;26.4;5.1
2017-10-18 18:00:00;67.9;6.1;45.7;9.1
2017-10-18 18:15:00;73.2;12.9;53.8;12.9
2017-10-18 18:30:00;77.3;11.2;51.8;17.3
2017-10-18 18:45:00;69.6;7.1;40.6;9.1
2017-10-18 19:00:00;79.0;15.2;51.8;18.3
2017-10-18 19:15:00;70.6;9.1;48.0;7.1
2017-10-18 19:30:00;88.1;23.3;69.0;17.3
2017-10-18 19:45:00;80.2;13.2;50.8;13.2
2017-10-18 20:00:00;59.1;4.1;24.4;3.4
2017-10-18 20:15:00;73.9;11.2;40.6;6.1
2017-10-18 20:30:00;70.3;4.1;42.6;4.1
2017-10-18 20:45:00;58.2;0.0;28.4;1.0
2017-10-18 21:00:00;42.6;0.0;9.5;0.0
2017-10-18 21:15:00;47.7;0.0;13.2;0.0
2017-10-18 21:30:00;58.1;0.0;17.3;0.0
2017-10-18 21:45:00;63.2;0.7;26.4;1.4
2017-10-18 22:00:00;64.5;0.0;29.4;0.0
2017-10-18 22:15:00;56.7;0.0;15.2;1.0
2017-10-18 22:30:00;51.5;0.0;12.2;0.0
2017-10-18 22:45:00;48.8;0.0;7.4;0.0
2017-10-18 23:00:00;39.1;0.0;0.0;0.0
2017-10-18 23:15:00;37.0;0.0;3.0;0.0
2017-10-18 23:30:00;31.9;0.0;0.0;0.0
2017-10-18 23:45:00;29.8;0.0;0.0;0.0
2017-10-19 00:00:00;31.6;0.0;1.0;0.0
2017-10-19 00:15:00;31.3;0.0;0.0;0.0
2017-10-19 00:30:00;27.6;0.0;0.0;0.0
2017-10-19 00:45:00;26.9;0.0;0.0;0.0
2017-10-19 01:00:00;27.9;0.0;0.0;0.0
2017-10-19 01:15:00;29.0;0.0;0.0;0.0
2017-10-19 01:30:00;32.8;0.0;2.0;0.0
2017-10-19 01:45:00;32.7;0.0;1.0;0.0
2017-10-19 02:00:00;34.3;0.0;0.0;0.0
2017-10-19 02:15:00;38.8;0.0;2.7;0.0
2017-10-19 02:30:00;43.8;0.0;8.1;0.0
2017-10-19 02:45:00;52.4;0.0;8.1;0.0
2017-10-19 03:00:00;57.5;0.0;12.2;0.0
2017-10-19 03:15:00;57.2;0.0;14.2;0.0
2017-10-19 03:30:00;61.8;0.0;23.3;3.0
2017-10-19 03:45:00;58.8;0.0;22.3;0.0
2017-10-19 04:00:00;66.9;2.0;35.9;4.1
2017-10-19 04:15:00;67.8;3.0;37.6;5.1
2017-10-19 04:30:00;81.5;15.2;43.6;9.1
2017-10-19 04:45:00;94.2;37.2;69.0;33.8
2017-10-19 05:00:00;106.6;69.0;73.1;54.8
2017-10-19 05:15:00;106.8;36.5;92.4;43.6
2017-10-19 05:30:00;89.7;37.6;58.9;29.4
2017-10-19 05:45:00;126.0;89.3;113.0;50.8
2017-10-19 06:00:00;62.0;1.0;39.6;2.0
2017-10-19 06:15:00;97.2;10.1;96.4;8.1
2017-10-19 06:30:00;83.7;32.5;61.9;25.0
2017-10-19 06:45:00;50.9;0.0;18.3;0.0
2017-10-19 07:00:00;46.5;0.0;6.1;0.0
2017-10-19 07:15:00;45.8;0.0;7.1;0.0
2017-10-19 07:30:00;53.1;0.0;7.4;0.0
2017-10-19 07:45:00;38.1;0.0;3.0;0.0
2017-10-19 08:00:00;44.3;0.0;12.2;0.0
2017-10-19 08:15:00;32.9;0.0;4.1;0.0
2017-10-19 08:30:00;33.8;0.0;9.1;0.0
2017-10-19 08:45:00;30.7;0.0;10.1;0.0
2017-10-19 09:00:00;22.9;0.0;0.0;0.0
2017-10-19 09:15:00;23.7;0.0;0.7;0.0
2017-10-19 09:30:00;24.8;0.0;2.0;0.0
2017-10-19 09:45:00;27.2;0.0;3.0;0.0
2017-10-19 10:00:00;19.4;0.0;1.0;0.0
2017-10-19 10:15:00;15.9;0.0;0.0;0.0
2017-10-19 10:30:00;14.9;0.0;0.0;0.0
2017-10-19 10:45:00;13.3;0.0;0.0;0.0
2017-10-19 11:00:00;12.9;0.0;0.0;0.0
2017-10-19 11:15:00;9.6;0.0;0.0;0.0
2017-10-19 11:30:00;5.8;0.0;0.0;0.0
2017-10-19 11:45:00;8.9;0.0;0.0;0.0
2017-10-19 12:00:00;6.3;0.0;0.0;0.0
2017-10-19 12:15:00;7.9;0.0;0.0;0.0
2017-10-19 12:30:00;8.7;0.0;0.0;0.0
2017-10-19 12:45:00;8.7;0.0;0.0;0.0
2017-10-19 13:00:00;10.4;0.0;0.0;0.0
2017-10-19 13:15:00;10.0;0.0;0.0;0.0
2017-10-19 13:30:00;8.8;0.0;0.0;0.0
2017-10-19 13:45:00;13.9;0.0;0.0;0.0
2017-10-19 14:00:00;9.5;0.0;0.0;0.0
2017-10-19 14:15:00;9.5;0.0;0.0;0.0
2017-10-19 14:30:00;9.4;0.0;0.0;0.0
2017-10-19 14:45:00;9.9;0.0;0.0;0.0
2017-10-19 15:00:00;12.3;0.0;0.0;0.0
2017-10-19 15:15:00;13.0;0.0;0.0;0.0
2017-10-19 15:30:00;13.3;0.0;0.0;0.0
2017-10-19 15:45:00;14.9;0.0;0.0;0.0
2017-10-19 16:00:00;17.3;0.0;0.0;0.0
2017-10-19 16:15:00;19.3;0.0;0.0;0.0
2017-10-19 16:30:00;17.3;0.0;0.0;0.0
2017-10-19 16:45:00;19.8;0.0;0.0;0.0
2017-10-19 17:00:00;19.8;0.0;0.0;0.0
2017-10-19 17:15:00;21.2;0.0;0.0;0.0
2017-10-19 17:30:00;18.5;0.0;0.0;0.0
2017-10-19 17:45:00;13.7;0.0;0.0;0.0
2017-10-19 18:00:00;12.9;0.0;0.0;0.0
2017-10-19 18:15:00;15.8;0.0;0.0;0.0
2017-10-19 18:30:00;12.7;0.0;0.0;0.0
2017-10-19 18:45:00;11.8;0.0;0.0;0.0
2017-10-19 19:00:00;10.5;0.0;0.0;0.0
2017-10-19 19:15:00;8.0;0.0;0.0;0.0
2017-10-19 19:30:00;5.8;0.0;0.0;0.0
2017-10-19 19:45:00;5.8;0.0;0.0;0.0
2017-10-19 20:00:00;4.7;0.0;0.0;0.0
2017-10-19 20:15:00;5.3;0.0;0.0;0.0
2017-10-19 20:30:00;4.9;0.0;0.0;0.0
2017-10-19 20:45:00;4.7;0.0;0.0;0.0
2017-10-19 21:00:00;5.5;0.0;0.0;0.0
2017-10-19 21:15:00;6.3;0.0;0.0;0.0
2017-10-19 21:30:00;5.8;0.0;0.0;0.0
2017-10-19 21:45:00;2.8;0.0;0.0;0.0
2017-10-19 22:00:00;3.6;0.0;0.0;0.0
2017-10-19 22:15:00;3.5;0.0;0.0;0.0
2017-10-19 22:30:00;2.7;0.0;0.0;0.0
2017-10-19 22:45:00;1.5;0.0;0.0;0.0
2017-10-19 23:00:00;1.4;0.0;0.0;0.0
2017-10-19 23:15:00;0.8;0.0;0.0;0.0
2017-10-19 23:30:00;0.8;0.0;0.0;0.0
2017-10-19 23:45:00;0.7;0.0;0.0;0.0
2017-10-20 00:00:00;0.0;0.0;0.0;0.0
2017-10-20 00:15:00;1.1;0.0;0.0;0.0
2017-10-20 00:30:00;1.2;0.0;0.0;0.0
2017-10-20 00:45:00;1.2;0.0;0.0;0.0
2017-10-20 01:00:00;4.9;0.0;0.0;0.0
2017-10-20 01:15:00;7.8;0.0;0.0;0.0
2017-10-20 01:30:00;6.8;0.0;0.0;0.0
2017-10-20 01:45:00;12.0;0.0;0.0;0.0
2017-10-20 02:00:00;17.3;0.0;0.0;0.0
2017-10-20 02:15:00;14.1;0.0;0.0;0.0
2017-10-20 02:30:00;4.7;0.0;0.0;0.0
2017-10-20 02:45:00;3.6;0.0;0.0;0.0
2017-10-20 03:00:00;4.1;0.0;0.0;0.0
2017-10-20 03:15:00;5.7;0.0;0.0;0.0
2017-10-20 03:30:00;11.3;0.0;0.0;0.0
2017-10-20 03:45:00;14.0;0.0;0.0;0.0
2017-10-20 04:00:00;15.3;0.0;0.0;0.0
2017-10-20 04:15:00;16.3;0.0;0.0;0.0
2017-10-20 04:30:00;18.0;0.0;0.0;0.0
2017-10-20 04:45:00;17.6;0.0;0.0;0.0
2017-10-20 05:00:00;19.3;0.0;0.0;0.0
2017-10-20 05:15:00;17.1;0.0;0.0;0.0
2017-10-20 05:30:00;26.8;0.0;0.0;0.0
2017-10-20 05:45:00;34.7;0.0;0.0;0.0
2017-10-20 06:00:00;33.9;0.0;0.0;0.0
2017-10-20 06:15:00;30.6;0.0;0.7;0.0
2017-10-20 06:30:00;26.3;0.0;0.0;0.0
2017-10-20 06:45:00;31.4;0.0;0.0;0.0
2017-10-20 07:00:00;28.1;0.0;0.0;0.0
2017-10-20 07:15:00;25.8;0.0;0.0;0.0
2017-10-20 07:30:00;25.1;0.0;0.0;0.0
2017-10-20 07:45:00;17.8;0.0;0.0;0.0
2017-10-20 08:00:00;17.2;0.0;0.0;0.0
2017-10-20 08:15:00;19.8;0.0;0.0;0.0
2017-10-20 08:30:00;14.2;0.0;0.0;0.0
2017-10-20 08:45:00;12.0;0.0;0.0;0.0
2017-10-20 09:00:00;9.2;0.0;0.0;0.0
2017-10-20 09:15:00;11.9;0.0;0.0;0.0
2017-10-20 09:30:00;13.1;0.0;0.0;0.0
2017-10-20 09:45:00;21.8;0.0;0.0;0.0
2017-10-20 10:00:00;24.2;0.0;5.1;1.0
2017-10-20 10:15:00;19.7;0.0;0.0;0.0
2017-10-20 10:30:00;31.2;0.0;5.1;0.0
2017-10-20 10:45:00;26.6;0.0;0.0;0.0
2017-10-20 11:00:00;27.9;0.0;0.0;0.0
2017-10-20 11:15:00;26.3;0.0;0.0;0.0
2017-10-20 11:30:00;22.2;0.0;6.1;0.0
2017-10-20 11:45:00;24.4;0.0;0.0;0.0
2017-10-20 12:00:00;22.1;0.0;0.0;0.0
2017-10-20 12:15:00;34.3;2.7;0.0;0.0
2017-10-20 12:30:00;54.8;25.4;21.3;0.0
2017-10-20 12:45:00;56.1;0.0;49.7;0.0
2017-10-20 13:00:00;11.6;0.0;0.0;0.0
2017-10-20 13:15:00;14.6;0.0;0.7;0.0
2017-10-20 13:30:00;15.2;0.0;3.0;0.0
2017-10-20 13:45:00;15.7;0.0;0.0;0.0
2017-10-20 14:00:00;15.6;0.0;6.1;0.0
2017-10-20 14:15:00;28.7;0.0;7.1;0.0
2017-10-20 14:30:00;12.9;0.0;0.0;0.0
2017-10-20 14:45:00;16.5;0.0;0.0;0.0
2017-10-20 15:00:00;13.7;0.0;0.0;0.0
2017-10-20 15:15:00;16.2;0.0;0.0;0.0
2017-10-20 15:30:00;18.8;0.0;0.0;0.0
2017-10-20 15:45:00;23.5;0.0;1.0;0.0
2017-10-20 16:00:00;22.5;0.0;0.0;0.0
2017-10-20 16:15:00;22.6;0.0;0.0;0.0
2017-10-20 16:30:00;30.9;0.0;1.0;0.0
2017-10-20 16:45:00;35.2;0.0;2.7;0.0
2017-10-20 17:00:00;27.8;0.0;0.0;0.0
2017-10-20 17:15:00;31.4;0.0;0.0;0.0
2017-10-20 17:30:00;43.5;0.0;0.0;0.0
2017-10-20 17:45:00;37.7;0.0;1.0;0.0
2017-10-20 18:00:00;50.2;0.0;6.1;0.0
2017-10-20 18:15:00;49.6;0.0;5.1;0.0
2017-10-20 18:30:00;64.8;8.1;33.8;2.0
2017-10-20 18:45:00;48.0;0.0;21.3;0.0
2017-10-20 19:00:00;46.9;0.0;23.3;0.0
2017-10-20 19:15:00;85.0;12.2;47.7;17.6
2017-10-20 19:30:00;56.2;3.0;27.4;4.1
2017-10-20 19:45:00;64.6;8.1;32.5;8.1
2017-10-20 20:00:00;54.9;1.0;20.3;1.0
2017-10-20 20:15:00;49.4;1.0;18.9;1.0
2017-10-20 20:30:00;39.2;2.0;14.2;1.0
2017-10-20 20:45:00;20.8;0.0;0.0;0.0
2017-10-20 21:00:00;32.3;0.0;11.2;0.0
2017-10-20 21:15:00;35.4;0.0;24.4;0.0
2017-10-20 21:30:00;30.9;0.0;6.1;0.0
2017-10-20 21:45:00;26.3;0.0;1.0;0.0
2017-10-20 22:00:00;16.9;0.0;0.0;0.0
2017-10-20 22:15:00;17.6;0.0;2.0;0.0
2017-10-20 22:30:00;12.1;0.0;0.0;0.0
2017-10-20 22:45:00;10.2;0.0;0.0;0.0
2017-10-20 23:00:00;13.9;0.0;0.0;0.0
2017-10-20 23:15:00;17.7;0.0;0.0;0.0
2017-10-20 23:30:00;11.8;0.0;0.0;0.0
2017-10-20 23:45:00;9.4;0.0;0.0;0.0
2017-10-21 00:00:00;8.4;0.0;0.0;0.0
2017-10-21 00:15:00;6.0;0.0;0.0;0.0
2017-10-21 00:30:00;3.6;0.0;0.0;0.0
2017-10-21 00:45:00;3.8;0.0;0.0;0.0
2017-10-21 01:00:00;4.1;0.0;0.0;0.0
2017-10-21 01:15:00;2.1;0.0;0.0;0.0
2017-10-21 01:30:00;5.6;0.0;0.0;0.0
2017-10-21 01:45:00;3.6;0.0;0.0;0.0
2017-10-21 02:00:00;3.4;0.0;0.0;0.0
2017-10-21 02:15:00;3.0;0.0;0.0;0.0
2017-10-21 02:30:00;4.2;0.0;0.0;0.0
2017-10-21 02:45:00;6.7;0.0;0.0;0.0
2017-10-21 03:00:00;4.4;0.0;0.0;0.0
2017-10-21 03:15:00;4.9;0.0;0.0;0.0
2017-10-21 03:30:00;4.5;0.0;0.0;0.0
2017-10-21 03:45:00;4.4;0.0;0.0;0.0
2017-10-21 04:00:00;7.7;0.0;0.0;0.0
2017-10-21 04:15:00;12.0;0.0;0.0;0.0
2017-10-21 04:30:00;4.9;0.0;0.0;0.0
2017-10-21 04:45:00;6.4;0.0;0.0;0.0
2017-10-21 05:00:00;6.8;0.0;0.0;0.0
2017-10-21 05:15:00;8.0;0.0;0.0;0.0
2017-10-21 05:30:00;8.9;0.0;0.0;0.0
2017-10-21 05:45:00;8.8;0.0;0.0;0.0
2017-10-21 06:00:00;7.3;0.0;0.0;0.0
2017-10-21 06:15:00;9.5;0.0;0.0;0.0
2017-10-21 06:30:00;9.8;0.0;0.0;0.0
2017-10-21 06:45:00;13.4;0.0;0.0;0.0
2017-10-21 07:00:00;13.4;0.0;0.0;0.0
2017-10-21 07:15:00;12.3;0.0;0.0;0.0
2017-10-21 07:30:00;14.0;0.0;0.0;0.0
2017-10-21 07:45:00;12.9;0.0;0.0;0.0
2017-10-21 08:00:00;12.6;0.0;0.0;0.0
2017-10-21 08:15:00;8.5;0.0;0.0;0.0
2017-10-21 08:30:00;9.5;0.0;0.0;0.0
2017-10-21 08:45:00;7.8;0.0;0.0;0.0
2017-10-21 09:00:00;9.5;0.0;0.0;0.0
2017-10-21 09:15:00;7.0;0.0;0.0;0.0
2017-10-21 09:30:00;5.9;0.0;0.0;0.0
2017-10-21 09:45:00;5.9;0.0;0.0;0.0
2017-10-21 10:00:00;5.8;0.0;0.0;0.0
2017-10-21 10:15:00;3.5;0.0;0.0;0.0
2017-10-21 10:30:00;5.1;0.0;0.0;0.0
2017-10-21 10:45:00;5.5;0.0;0.0;0.0
2017-10-21 11:00:00;3.8;0.0;0.0;0.0
2017-10-21 11:15:00;4.4;0.0;0.0;0.0
2017-10-21 11:30:00;3.9;0.0;0.0;0.0
2017-10-21 11:45:00;8.0;0.0;0.0;0.0
2017-10-21 12:00:00;4.8;0.0;0.0;0.0
2017-10-21 12:15:00;5.8;0.0;0.0;0.0
2017-10-21 12:30:00;6.3;0.0;0.0;0.0
2017-10-21 12:45:00;8.5;0.0;0.0;0.0
2017-10-21 13:00:00;8.0;0.0;0.0;0.0
2017-10-21 13:15:00;5.2;0.0;0.0;0.0
2017-10-21 13:30:00;7.9;0.0;0.0;0.0
2017-10-21 13:45:00;16.6;0.0;3.4;0.0
2017-10-21 14:00:00;16.7;0.0;1.0;0.0
2017-10-21 14:15:00;12.9;0.0;0.0;0.0
2017-10-21 14:30:00;11.9;0.0;0.0;0.0
2017-10-21 14:45:00;5.3;0.0;0.0;0.0
2017-10-21 15:00:00;8.5;0.0;0.0;0.0
2017-10-21 15:15:00;12.8;0.0;0.0;0.0
2017-10-21 15:30:00;8.3;0.0;0.0;0.0
2017-10-21 15:45:00;9.1;0.0;0.0;0.0
2017-10-21 16:00:00;18.2;0.0;0.0;0.0
2017-10-21 16:15:00;40.8;0.0;23.3;1.4
2017-10-21 16:30:00;33.1;0.0;8.1;0.0
2017-10-21 16:45:00;30.8;0.0;0.0;0.0
2017-10-21 17:00:00;48.7;1.0;1.0;7.1
2017-10-21 17:15:00;28.7;0.0;0.7;0.0
2017-10-21 17:30:00;24.5;0.0;9.1;0.0
2017-10-21 17:45:00;24.5;0.0;0.0;0.0
2017-10-21 18:00:00;26.3;0.0;0.0;0.0
2017-10-21 18:15:00;20.5;0.0;0.0;0.0
2017-10-21 18:30:00;20.1;0.0;0.0;0.0
2017-10-21 18:45:00;14.0;0.0;0.0;0.0
2017-10-21 19:00:00;12.0;0.0;0.0;0.0
2017-10-21 19:15:00;6.6;0.0;0.0;0.0
2017-10-21 19:30:00;4.4;0.0;0.0;0.0
2017-10-21 19:45:00;4.0;0.0;0.0;0.0
2017-10-21 20:00:00;4.7;0.0;0.0;0.0
2017-10-21 20:15:00;5.7;0.0;0.0;0.0
2017-10-21 20:30:00;3.6;0.0;0.0;0.0
2017-10-21 20:45:00;3.1;0.0;0.0;0.0
2017-10-21 21:00:00;3.3;0.0;0.0;0.0
2017-10-21 21:15:00;3.3;0.0;0.0;0.0
2017-10-21 21:30:00;2.6;0.0;0.0;0.0
2017-10-21 21:45:00;3.4;0.0;0.0;0.0
2017-10-21 22:00:00;2.9;0.0;0.0;0.0
2017-10-21 22:15:00;2.3;0.0;0.0;0.0
2017-10-21 22:30:00;2.7;0.0;0.0;0.0
2017-10-21 22:45:00;2.5;0.0;0.0;0.0
2017-10-21 23:00:00;1.9;0.0;0.0;0.0
2017-10-21 23:15:00;1.6;0.0;0.0;0.0
2017-10-21 23:30:00;4.4;0.0;0.0;0.0
2017-10-21 23:45:00;3.8;0.0;0.0;0.0
2017-10-22 00:00:00;4.0;0.0;0.0;0.0
2017-10-22 00:15:00;2.9;0.0;0.0;0.0
2017-10-22 00:30:00;2.1;0.0;0.0;0.0
2017-10-22 00:45:00;2.8;0.0;0.0;0.0
2017-10-22 01:00:00;5.4;0.0;0.0;0.0
2017-10-22 01:15:00;8.8;0.0;0.0;0.0
2017-10-22 01:30:00;3.4;0.0;0.0;0.0
2017-10-22 01:45:00;4.7;0.0;0.0;0.0
2017-10-22 02:00:00;4.1;0.0;0.0;0.0
2017-10-22 02:15:00;4.3;0.0;0.0;0.0
2017-10-22 02:30:00;3.9;0.0;0.0;0.0
2017-10-22 02:45:00;8.7;0.0;0.0;0.0
2017-10-22 03:00:00;19.1;0.0;0.0;0.0
2017-10-22 03:15:00;10.6;0.0;0.0;0.0
2017-10-22 03:30:00;7.7;0.0;0.0;0.0
2017-10-22 03:45:00;9.4;0.0;0.0;0.0
2017-10-22 04:00:00;13.9;0.0;0.0;0.0
2017-10-22 04:15:00;13.1;0.0;0.0;0.0
2017-10-22 04:30:00;12.7;0.0;0.0;0.0
2017-10-22 04:45:00;14.3;0.0;0.0;0.0
2017-10-22 05:00:00;10.2;0.0;0.0;0.0
2017-10-22 05:15:00;18.5;0.0;0.0;0.0
2017-10-22 05:30:00;20.6;0.0;0.0;0.0
2017-10-22 05:45:00;22.8;0.0;0.0;0.0
2017-10-22 06:00:00;16.6;0.0;0.0;0.0
2017-10-22 06:15:00;16.7;0.0;0.0;0.0
2017-10-22 06:30:00;25.1;0.0;1.0;0.0
2017-10-22 06:45:00;20.3;0.0;0.0;0.0
2017-10-22 07:00:00;19.0;0.0;0.0;0.0
2017-10-22 07:15:00;21.5;0.0;0.0;0.0
2017-10-22 07:30:00;24.6;0.0;0.0;0.0
2017-10-22 07:45:00;30.8;0.0;0.0;0.0
2017-10-22 08:00:00;20.9;0.0;0.0;0.0
2017-10-22 08:15:00;20.5;0.0;0.0;0.0
2017-10-22 08:30:00;27.8;0.0;0.0;0.0
2017-10-22 08:45:00;35.7;0.0;6.1;0.0
2017-10-22 09:00:00;19.2;0.0;2.0;0.0
2017-10-22 09:15:00;49.5;0.0;1.0;0.0
2017-10-22 09:30:00;37.8;0.0;0.0;0.0
2017-10-22 09:45:00;45.1;0.0;0.0;6.1
2017-10-22 10:00:00;56.4;2.0;16.2;4.1
2017-10-22 10:15:00;38.9;0.0;2.0;3.0
2017-10-22 10:30:00;51.6;8.1;4.1;19.3
2017-10-22 10:45:00;47.6;1.0;19.6;2.0
2017-10-22 11:00:00;30.5;0.0;0.0;0.0
2017-10-22 11:15:00;16.2;0.0;0.0;0.0
2017-10-22 11:30:00;20.7;0.0;1.0;0.0
2017-10-22 11:45:00;22.4;0.0;1.0;0.0
2017-10-22 12:00:00;29.4;0.0;4.1;0.0
2017-10-22 12:15:00;29.1;0.0;7.1;0.0
2017-10-22 12:30:00;38.4;0.0;4.1;0.0
2017-10-22 12:45:00;28.2;0.0;0.0;0.0
2017-10-22 13:00:00;32.1;0.0;0.0;0.0
2017-10-22 13:15:00;43.2;0.0;11.2;0.7
2017-10-22 13:30:00;44.5;0.0;8.1;0.0
2017-10-22 13:45:00;39.6;0.0;7.1;0.0
2017-10-22 14:00:00;31.8;0.0;0.0;1.0
2017-10-22 14:15:00;39.9;0.0;0.7;1.0
2017-10-22 14:30:00;33.4;0.0;0.0;0.0
2017-10-22 14:45:00;37.1;0.0;5.1;0.0
2017-10-22 15:00:00;35.0;0.0;13.2;0.0
2017-10-22 15:15:00;39.0;0.0;5.1;0.0
2017-10-22 15:30:00;38.6;0.0;0.0;0.0
2017-10-22 15:45:00;49.6;0.0;12.2;1.0
2017-10-22 16:00:00;85.1;4.1;53.5;3.0
2017-10-22 16:15:00;89.2;41.6;17.3;48.7
2017-10-22 16:30:00;89.5;16.2;55.8;33.5
2017-10-22 16:45:00;104.9;50.1;86.3;33.2
2017-10-22 17:00:00;140.3;73.1;123.8;79.2
2017-10-22 17:15:00;117.0;43.6;96.4;31.5
2017-10-22 17:30:00;73.9;8.1;42.6;14.2
2017-10-22 17:45:00;54.4;0.0;14.2;0.0
2017-10-22 18:00:00;63.2;3.0;26.4;6.1
2017-10-22 18:15:00;78.6;9.1;41.6;5.1
2017-10-22 18:30:00;86.0;21.7;49.7;10.8
2017-10-22 18:45:00;65.8;4.1;29.4;4.1
2017-10-22 19:00:00;74.7;10.1;23.3;13.2
2017-10-22 19:15:00;52.0;2.0;10.1;2.0
2017-10-22 19:30:00;46.9;0.0;10.2;1.0
2017-10-22 19:45:00;49.0;1.0;11.2;0.0
2017-10-22 20:00:00;41.4;2.0;5.1;3.0
2017-10-22 20:15:00;27.3;2.0;2.0;1.4
2017-10-22 20:30:00;68.6;0.0;40.6;0.0
2017-10-22 20:45:00;55.3;0.0;34.5;6.1
2017-10-22 21:00:00;37.4;0.0;9.1;0.0
2017-10-22 21:15:00;55.2;1.0;24.4;3.0
2017-10-22 21:30:00;54.2;2.0;31.5;1.0
2017-10-22 21:45:00;50.8;0.0;7.1;2.0
2017-10-22 22:00:00;27.2;0.0;0.0;0.0
2017-10-22 22:15:00;49.6;0.0;6.1;0.0
2017-10-22 22:30:00;26.1;0.0;0.0;0.0
2017-10-22 22:45:00;16.3;0.0;0.0;0.0
2017-10-22 23:00:00;29.3;0.0;2.0;0.0
2017-10-22 23:15:00;30.2;0.0;0.0;0.0
2017-10-22 23:30:00;20.0;0.0;0.0;0.0
2017-10-22 23:45:00;19.4;0.0;0.0;0.0
2017-10-23 00:00:00;31.1;0.0;1.0;0.0
2017-10-23 00:15:00;10.9;0.0;0.0;0.0
2017-10-23 00:30:00;16.9;0.0;0.0;0.0
2017-10-23 00:45:00;18.3;0.0;0.0;0.0
2017-10-23 01:00:00;7.3;0.0;0.0;0.0
2017-10-23 01:15:00;16.6;0.0;0.0;0.0
2017-10-23 01:30:00;9.1;0.0;0.0;0.0
2017-10-23 01:45:00;13.8;0.0;0.0;0.0
2017-10-23 02:00:00;18.9;0.0;0.0;0.0
2017-10-23 02:15:00;20.3;0.0;0.0;0.0
2017-10-23 02:30:00;15.8;0.0;0.0;0.0
2017-10-23 02:45:00;12.8;0.0;0.0;0.0
2017-10-23 03:00:00;20.3;0.0;0.0;0.0
2017-10-23 03:15:00;35.5;0.0;3.0;0.0
2017-10-23 03:30:00;46.5;0.0;15.2;0.0
2017-10-23 03:45:00;35.3;0.0;2.0;0.0
2017-10-23 04:00:00;41.3;5.1;5.1;0.0
2017-10-23 04:15:00;42.1;0.0;10.8;0.0
2017-10-23 04:30:00;50.2;0.0;29.4;0.0
2017-10-23 04:45:00;43.0;0.0;12.2;0.0
2017-10-23 05:00:00;57.9;3.4;15.2;3.4
2017-10-23 05:15:00;55.3;0.0;24.4;0.0
2017-10-23 05:30:00;69.7;17.3;39.6;14.2
2017-10-23 05:45:00;54.2;0.0;19.3;0.0
2017-10-23 06:00:00;56.7;0.0;17.6;2.0
2017-10-23 06:15:00;48.7;0.0;12.2;0.0
2017-10-23 06:30:00;51.9;6.1;18.3;1.0
2017-10-23 06:45:00;53.9;0.0;19.3;0.0
2017-10-23 07:00:00;51.4;0.0;34.5;0.0
2017-10-23 07:15:00;46.6;0.0;11.2;0.0
2017-10-23 07:30:00;44.3;0.0;12.2;0.0
2017-10-23 07:45:00;47.3;3.0;16.2;3.0
2017-10-23 08:00:00;67.5;7.1;42.6;5.1
2017-10-23 08:15:00;54.7;0.0;39.6;0.0
2017-10-23 08:30:00;59.7;2.7;20.3;2.7
2017-10-23 08:45:00;36.1;0.0;14.2;0.0
2017-10-23 09:00:00;45.4;1.0;12.2;4.1
2017-10-23 09:15:00;45.1;1.0;3.0;3.0
2017-10-23 09:30:00;33.0;0.0;6.8;0.0
2017-10-23 09:45:00;36.1;0.0;5.1;1.0
2017-10-23 10:00:00;31.9;0.0;4.1;0.0
2017-10-23 10:15:00;59.6;6.8;12.2;6.8
2017-10-23 10:30:00;55.4;2.0;36.5;4.1
2017-10-23 10:45:00;24.4;0.0;0.0;0.0
2017-10-23 11:00:00;19.6;0.0;0.0;0.0
2017-10-23 11:15:00;22.5;0.0;2.0;0.0
2017-10-23 11:30:00;26.5;0.0;4.1;0.0
2017-10-23 11:45:00;26.5;0.0;7.1;0.0
2017-10-23 12:00:00;21.8;0.0;0.0;0.0
2017-10-23 12:15:00;23.0;0.0;0.0;0.0
2017-10-23 12:30:00;22.7;0.0;0.0;0.0
2017-10-23 12:45:00;26.2;0.0;2.0;0.0
2017-10-23 13:00:00;23.1;0.0;0.0;0.0
2017-10-23 13:15:00;23.6;0.0;0.0;0.0
2017-10-23 13:30:00;21.7;0.0;1.0;0.0
2017-10-23 13:45:00;26.3;0.0;0.0;0.0
2017-10-23 14:00:00;32.4;0.0;2.0;0.0
2017-10-23 14:15:00;27.2;0.0;0.0;0.0
2017-10-23 14:30:00;26.6;0.0;1.0;0.0
2017-10-23 14:45:00;28.4;0.0;0.7;0.0
2017-10-23 15:00:00;34.1;0.0;2.0;0.0
2017-10-23 15:15:00;33.5;0.0;2.0;0.0
2017-10-23 15:30:00;35.2;0.0;15.2;0.0
2017-10-23 15:45:00;38.8;0.0;8.1;0.0
2017-10-23 16:00:00;37.2;0.0;7.1;0.0
2017-10-23 16:15:00;32.2;0.0;2.0;0.0
2017-10-23 16:30:00;36.6;0.0;4.1;0.0
2017-10-23 16:45:00;34.0;0.0;4.1;0.0
2017-10-23 17:00:00;35.3;0.0;8.1;0.0
2017-10-23 17:15:00;36.4;0.0;6.1;0.0
2017-10-23 17:30:00;33.9;0.0;2.0;0.0
2017-10-23 17:45:00;23.2;0.0;0.0;0.0
2017-10-23 18:00:00;16.7;0.0;0.0;0.0
2017-10-23 18:15:00;18.5;0.0;0.0;0.0
2017-10-23 18:30:00;22.1;0.0;0.0;0.0
2017-10-23 18:45:00;18.6;0.0;0.0;0.0
2017-10-23 19:00:00;15.3;0.0;0.0;0.0
2017-10-23 19:15:00;15.7;0.0;0.0;0.0
2017-10-23 19:30:00;14.1;0.0;0.0;0.0
2017-10-23 19:45:00;12.6;0.0;0.0;0.0
2017-10-23 20:00:00;12.5;0.0;0.0;0.0
2017-10-23 20:15:00;13.3;0.0;0.0;0.0
2017-10-23 20:30:00;12.3;0.0;0.0;0.0
2017-10-23 20:45:00;12.7;0.0;0.0;0.0
2017-10-23 21:00:00;13.6;0.0;0.0;0.0
2017-10-23 21:15:00;17.3;0.0;0.0;0.0
2017-10-23 21:30:00;14.1;0.0;0.0;0.0
2017-10-23 21:45:00;14.6;0.0;0.0;0.0
2017-10-23 22:00:00;13.4;0.0;0.0;0.0
2017-10-23 22:15:00;11.4;0.0;0.0;0.0
2017-10-23 22:30:00;9.8;0.0;0.0;0.0
2017-10-23 22:45:00;8.1;0.0;0.0;0.0
2017-10-23 23:00:00;6.3;0.0;0.0;0.0
2017-10-23 23:15:00;4.8;0.0;0.0;0.0
2017-10-23 23:30:00;6.7;0.0;0.0;0.0
2017-10-23 23:45:00;4.8;0.0;0.0;0.0
2017-10-24 00:00:00;5.4;0.0;0.0;0.0
2017-10-24 00:15:00;5.3;0.0;0.0;0.0
2017-10-24 00:30:00;5.1;0.0;0.0;0.0
2017-10-24 00:45:00;5.5;0.0;0.0;0.0
2017-10-24 01:00:00;8.6;0.0;0.0;0.0
2017-10-24 01:15:00;13.2;0.0;0.0;0.0
2017-10-24 01:30:00;9.5;0.0;0.0;0.0
2017-10-24 01:45:00;10.5;0.0;0.0;0.0
2017-10-24 02:00:00;8.7;0.0;0.0;0.0
2017-10-24 02:15:00;10.3;0.0;0.0;0.0
2017-10-24 02:30:00;7.7;0.0;0.0;0.0
2017-10-24 02:45:00;6.9;0.0;0.0;0.0
2017-10-24 03:00:00;10.7;0.0;0.0;0.0
